2026-06-05 10:24:22.367 [main] INFO  com.company.demo.DemoApplicationTests - Starting DemoApplicationTests using Java 17.0.19 with PID 24840 (started by jiaolei in D:\Work\Workspace\demo)
2026-06-05 10:24:22.369 [main] DEBUG com.company.demo.DemoApplicationTests - Running with Spring Boot v4.0.6, Spring v7.0.7
2026-06-05 10:24:22.369 [main] INFO  com.company.demo.DemoApplicationTests - No active profile set, falling back to 1 default profile: "default"
2026-06-05 10:24:24.801 [main] INFO  c.b.m.e.spring.MybatisPlusApplicationContextAware - Register ApplicationContext instances org.springframework.web.context.support.GenericWebApplicationContext@2459319c
2026-06-05 10:24:25.048 [main] INFO  com.company.demo.DemoApplicationTests - Started DemoApplicationTests in 3.071 seconds (process running for 4.362)
2026-06-05 11:02:26.051 [restartedMain] INFO  com.company.demo.DemoApplication - Starting DemoApplication using Java 17.0.19 with PID 27872 (D:\Work\Workspace\demo\target\classes started by jiaolei in D:\Work\Workspace\demo)
2026-06-05 11:02:26.053 [restartedMain] DEBUG com.company.demo.DemoApplication - Running with Spring Boot v4.0.6, Spring v7.0.7
2026-06-05 11:02:26.055 [restartedMain] INFO  com.company.demo.DemoApplication - No active profile set, falling back to 1 default profile: "default"
2026-06-05 11:02:26.097 [restartedMain] INFO  o.s.b.d.env.DevToolsPropertyDefaultsPostProcessor - Devtools property defaults active! Set 'spring.devtools.add-properties' to 'false' to disable
2026-06-05 11:02:26.097 [restartedMain] INFO  o.s.b.d.env.DevToolsPropertyDefaultsPostProcessor - For additional web related logging consider setting the 'logging.level.web' property to 'DEBUG'
2026-06-05 11:02:27.273 [restartedMain] INFO  org.springframework.boot.tomcat.TomcatWebServer - Tomcat initialized with port 8080 (http)
2026-06-05 11:02:27.290 [restartedMain] INFO  org.apache.catalina.core.StandardService - Starting service [Tomcat]
2026-06-05 11:02:27.291 [restartedMain] INFO  org.apache.catalina.core.StandardEngine - Starting Servlet engine: [Apache Tomcat/11.0.21]
2026-06-05 11:02:27.338 [restartedMain] INFO  o.s.b.w.c.servlet.WebApplicationContextInitializer - Root WebApplicationContext: initialization completed in 1240 ms
2026-06-05 11:02:28.225 [restartedMain] INFO  c.b.m.e.spring.MybatisPlusApplicationContextAware - Register ApplicationContext instances org.springframework.boot.web.server.servlet.context.AnnotationConfigServletWebServerApplicationContext@3b075f96
2026-06-05 11:02:28.436 [restartedMain] INFO  org.springframework.boot.tomcat.TomcatWebServer - Tomcat started on port 8080 (http) with context path '/'
2026-06-05 11:02:28.444 [restartedMain] INFO  com.company.demo.DemoApplication - Started DemoApplication in 2.743 seconds (process running for 3.416)
2026-06-05 11:02:48.041 [File Watcher] INFO  o.s.b.d.a.LocalDevToolsAutoConfiguration$RestartingClassPathChangeChangedEventListener - Restarting due to 18 class path changes (0 additions, 17 deletions, 1 modification)
2026-06-05 11:02:48.045 [Thread-1] INFO  org.springframework.boot.tomcat.GracefulShutdown - Commencing graceful shutdown. Waiting for active requests to complete
2026-06-05 11:02:48.091 [tomcat-shutdown] INFO  org.springframework.boot.tomcat.GracefulShutdown - Graceful shutdown complete
2026-06-05 11:02:48.150 [restartedMain] INFO  com.company.demo.DemoApplication - Starting DemoApplication using Java 17.0.19 with PID 27872 (D:\Work\Workspace\demo\target\classes started by jiaolei in D:\Work\Workspace\demo)
2026-06-05 11:02:48.150 [restartedMain] DEBUG com.company.demo.DemoApplication - Running with Spring Boot v4.0.6, Spring v7.0.7
2026-06-05 11:02:48.150 [restartedMain] INFO  com.company.demo.DemoApplication - No active profile set, falling back to 1 default profile: "default"
2026-06-05 11:02:48.286 [restartedMain] WARN  org.mybatis.spring.mapper.ClassPathMapperScanner - No MyBatis mapper was found in '[com.company.demo.mapper]' package. Please check your configuration.
2026-06-05 11:02:48.330 [restartedMain] INFO  org.springframework.boot.tomcat.TomcatWebServer - Tomcat initialized with port 8080 (http)
2026-06-05 11:02:48.331 [restartedMain] INFO  org.apache.catalina.core.StandardService - Starting service [Tomcat]
2026-06-05 11:02:48.331 [restartedMain] INFO  org.apache.catalina.core.StandardEngine - Starting Servlet engine: [Apache Tomcat/11.0.21]
2026-06-05 11:02:48.368 [restartedMain] INFO  o.s.b.w.c.servlet.WebApplicationContextInitializer - Root WebApplicationContext: initialization completed in 216 ms
2026-06-05 11:02:48.584 [restartedMain] INFO  c.b.m.e.spring.MybatisPlusApplicationContextAware - Register ApplicationContext instances org.springframework.boot.web.server.servlet.context.AnnotationConfigServletWebServerApplicationContext@355fa019
2026-06-05 11:02:48.619 [restartedMain] INFO  org.springframework.boot.tomcat.TomcatWebServer - Tomcat started on port 8080 (http) with context path '/'
2026-06-05 11:02:48.621 [restartedMain] INFO  com.company.demo.DemoApplication - Started DemoApplication in 0.494 seconds (process running for 23.594)
2026-06-05 11:02:48.622 [restartedMain] INFO  o.s.b.d.a.ConditionEvaluationDeltaLoggingListener - Condition evaluation unchanged
2026-06-05 11:02:50.438 [File Watcher] INFO  o.s.b.d.a.LocalDevToolsAutoConfiguration$RestartingClassPathChangeChangedEventListener - Restarting due to 17 class path changes (17 additions, 0 deletions, 0 modifications)
2026-06-05 11:02:50.439 [Thread-5] INFO  org.springframework.boot.tomcat.GracefulShutdown - Commencing graceful shutdown. Waiting for active requests to complete
2026-06-05 11:02:50.476 [tomcat-shutdown] INFO  org.springframework.boot.tomcat.GracefulShutdown - Graceful shutdown complete
2026-06-05 11:02:50.547 [restartedMain] INFO  com.company.demo.DemoApplication - Starting DemoApplication using Java 17.0.19 with PID 27872 (D:\Work\Workspace\demo\target\classes started by jiaolei in D:\Work\Workspace\demo)
2026-06-05 11:02:50.547 [restartedMain] DEBUG com.company.demo.DemoApplication - Running with Spring Boot v4.0.6, Spring v7.0.7
2026-06-05 11:02:50.547 [restartedMain] INFO  com.company.demo.DemoApplication - No active profile set, falling back to 1 default profile: "default"
2026-06-05 11:02:50.764 [restartedMain] INFO  org.springframework.boot.tomcat.TomcatWebServer - Tomcat initialized with port 8080 (http)
2026-06-05 11:02:50.764 [restartedMain] INFO  org.apache.catalina.core.StandardService - Starting service [Tomcat]
2026-06-05 11:02:50.764 [restartedMain] INFO  org.apache.catalina.core.StandardEngine - Starting Servlet engine: [Apache Tomcat/11.0.21]
2026-06-05 11:02:50.794 [restartedMain] INFO  o.s.b.w.c.servlet.WebApplicationContextInitializer - Root WebApplicationContext: initialization completed in 244 ms
2026-06-05 11:02:51.079 [restartedMain] INFO  c.b.m.e.spring.MybatisPlusApplicationContextAware - Register ApplicationContext instances org.springframework.boot.web.server.servlet.context.AnnotationConfigServletWebServerApplicationContext@4dceddda
2026-06-05 11:02:51.127 [restartedMain] INFO  org.springframework.boot.tomcat.TomcatWebServer - Tomcat started on port 8080 (http) with context path '/'
2026-06-05 11:02:51.129 [restartedMain] INFO  com.company.demo.DemoApplication - Started DemoApplication in 0.599 seconds (process running for 26.102)
2026-06-05 11:02:51.130 [restartedMain] INFO  o.s.b.d.a.ConditionEvaluationDeltaLoggingListener - Condition evaluation unchanged
2026-06-05 11:03:40.848 [http-nio-8080-exec-1] INFO  o.a.c.core.ContainerBase.[Tomcat].[localhost].[/] - Initializing Spring DispatcherServlet 'dispatcherServlet'
2026-06-05 11:03:40.848 [http-nio-8080-exec-1] INFO  org.springframework.web.servlet.DispatcherServlet - Initializing Servlet 'dispatcherServlet'
2026-06-05 11:03:40.849 [http-nio-8080-exec-1] INFO  org.springframework.web.servlet.DispatcherServlet - Completed initialization in 1 ms
2026-06-05 11:03:40.934 [http-nio-8080-exec-1] INFO  com.zaxxer.hikari.HikariDataSource - HikariPool-1 - Starting...
2026-06-05 11:03:41.084 [http-nio-8080-exec-1] INFO  com.zaxxer.hikari.pool.HikariPool - HikariPool-1 - Added connection com.mysql.cj.jdbc.ConnectionImpl@18ca54d
2026-06-05 11:03:41.086 [http-nio-8080-exec-1] INFO  com.zaxxer.hikari.HikariDataSource - HikariPool-1 - Start completed.
2026-06-05 11:03:41.094 [http-nio-8080-exec-1] DEBUG com.company.demo.mapper.UserMapper.selectList - ==>  Preparing: SELECT id,name,age FROM user
2026-06-05 11:03:41.121 [http-nio-8080-exec-1] DEBUG com.company.demo.mapper.UserMapper.selectList - ==> Parameters: 
2026-06-05 11:03:41.150 [http-nio-8080-exec-1] DEBUG com.company.demo.mapper.UserMapper.selectList - <==      Total: 31
2026-06-05 11:04:04.972 [http-nio-8080-exec-2] INFO  com.company.demo.aspect.LogAspect - 【请求开始】 {"方法":"UserController.listUserByPage","时间":"2026-06-05 11:04:04","操作":"分页查询用户","IP":"0:0:0:0:0:0:0:1","请求参数":"[1,10,null]","URL":"http://localhost:8080/api/user/page"}
2026-06-05 11:04:05.068 [http-nio-8080-exec-2] DEBUG c.c.demo.mapper.UserMapper.selectList_mpCount - ==>  Preparing: SELECT COUNT(*) AS total FROM user
2026-06-05 11:04:05.069 [http-nio-8080-exec-2] DEBUG c.c.demo.mapper.UserMapper.selectList_mpCount - ==> Parameters: 
2026-06-05 11:04:05.072 [http-nio-8080-exec-2] DEBUG c.c.demo.mapper.UserMapper.selectList_mpCount - <==      Total: 1
2026-06-05 11:04:05.075 [http-nio-8080-exec-2] DEBUG com.company.demo.mapper.UserMapper.selectList - ==>  Preparing: SELECT id,name,age FROM user ORDER BY id DESC LIMIT ?
2026-06-05 11:04:05.076 [http-nio-8080-exec-2] DEBUG com.company.demo.mapper.UserMapper.selectList - ==> Parameters: 10(Long)
2026-06-05 11:04:05.078 [http-nio-8080-exec-2] DEBUG com.company.demo.mapper.UserMapper.selectList - <==      Total: 10
2026-06-05 11:04:05.083 [http-nio-8080-exec-2] INFO  com.company.demo.aspect.LogAspect - 【请求结束】 {"耗时":"109ms","操作":"分页查询用户","返回结果":"{\"code\":200,\"message\":\"成功\",\"data\":{\"records\":[{\"id\":36,\"name\":\"赵鹏\",\"age\":38},{\"id\":35,\"name\":\"张丽\",\"age\":36},{\"id\":34,\"name\":\"李强\",\"age\":34},{\"id\":33,\"name\":\"王磊\",\"age\":32},{\"id\":32,\"name\":\"陈飞\",\"age\":30},{\"id\":31,\"name\":\"刘娜\",\"age\":28},{\"id\":30,\"name\":\"黄娟\",\"age\":26},{\"id\":29,\"name\":\"徐静\",\"age\":24},{\"id\":28,\"name\":\"宋雪\",\"age\":22},{\"id\":27,\"name\":\"孙阳\",\"age\":20}],\"total\":31,\"size\":10,\"current\":1,\"pages\":4}}"}
2026-06-05 11:06:54.362 [File Watcher] INFO  o.s.b.d.a.LocalDevToolsAutoConfiguration$RestartingClassPathChangeChangedEventListener - Restarting due to 1 class path change (0 additions, 1 deletion, 0 modifications)
2026-06-05 11:06:54.364 [Thread-9] INFO  org.springframework.boot.tomcat.GracefulShutdown - Commencing graceful shutdown. Waiting for active requests to complete
2026-06-05 11:06:54.404 [tomcat-shutdown] INFO  org.springframework.boot.tomcat.GracefulShutdown - Graceful shutdown complete
2026-06-05 11:06:54.407 [Thread-9] INFO  com.zaxxer.hikari.HikariDataSource - HikariPool-1 - Shutdown initiated...
2026-06-05 11:06:54.416 [Thread-9] INFO  com.zaxxer.hikari.HikariDataSource - HikariPool-1 - Shutdown completed.
2026-06-05 11:06:54.494 [restartedMain] INFO  com.company.demo.DemoApplication - Starting DemoApplication using Java 17.0.19 with PID 27872 (D:\Work\Workspace\demo\target\classes started by jiaolei in D:\Work\Workspace\demo)
2026-06-05 11:06:54.495 [restartedMain] DEBUG com.company.demo.DemoApplication - Running with Spring Boot v4.0.6, Spring v7.0.7
2026-06-05 11:06:54.495 [restartedMain] INFO  com.company.demo.DemoApplication - No active profile set, falling back to 1 default profile: "default"
2026-06-05 11:06:54.681 [restartedMain] INFO  org.springframework.boot.tomcat.TomcatWebServer - Tomcat initialized with port 8080 (http)
2026-06-05 11:06:54.682 [restartedMain] INFO  org.apache.catalina.core.StandardService - Starting service [Tomcat]
2026-06-05 11:06:54.682 [restartedMain] INFO  org.apache.catalina.core.StandardEngine - Starting Servlet engine: [Apache Tomcat/11.0.21]
2026-06-05 11:06:54.713 [restartedMain] INFO  o.s.b.w.c.servlet.WebApplicationContextInitializer - Root WebApplicationContext: initialization completed in 216 ms
2026-06-05 11:06:54.994 [restartedMain] INFO  c.b.m.e.spring.MybatisPlusApplicationContextAware - Register ApplicationContext instances org.springframework.boot.web.server.servlet.context.AnnotationConfigServletWebServerApplicationContext@181ddb59
2026-06-05 11:06:55.034 [restartedMain] INFO  org.springframework.boot.tomcat.TomcatWebServer - Tomcat started on port 8080 (http) with context path '/'
2026-06-05 11:06:55.036 [restartedMain] INFO  com.company.demo.DemoApplication - Started DemoApplication in 0.559 seconds (process running for 270.008)
2026-06-05 11:06:55.036 [restartedMain] INFO  o.s.b.d.a.ConditionEvaluationDeltaLoggingListener - Condition evaluation unchanged
2026-06-05 11:06:56.446 [File Watcher] INFO  o.s.b.d.a.LocalDevToolsAutoConfiguration$RestartingClassPathChangeChangedEventListener - Restarting due to 1 class path change (1 addition, 0 deletions, 0 modifications)
2026-06-05 11:06:56.447 [Thread-14] INFO  org.springframework.boot.tomcat.GracefulShutdown - Commencing graceful shutdown. Waiting for active requests to complete
2026-06-05 11:06:56.519 [tomcat-shutdown] INFO  org.springframework.boot.tomcat.GracefulShutdown - Graceful shutdown complete
2026-06-05 11:06:56.595 [restartedMain] INFO  com.company.demo.DemoApplication - Starting DemoApplication using Java 17.0.19 with PID 27872 (D:\Work\Workspace\demo\target\classes started by jiaolei in D:\Work\Workspace\demo)
2026-06-05 11:06:56.596 [restartedMain] DEBUG com.company.demo.DemoApplication - Running with Spring Boot v4.0.6, Spring v7.0.7
2026-06-05 11:06:56.596 [restartedMain] INFO  com.company.demo.DemoApplication - No active profile set, falling back to 1 default profile: "default"
2026-06-05 11:06:56.812 [restartedMain] INFO  org.springframework.boot.tomcat.TomcatWebServer - Tomcat initialized with port 8080 (http)
2026-06-05 11:06:56.813 [restartedMain] INFO  org.apache.catalina.core.StandardService - Starting service [Tomcat]
2026-06-05 11:06:56.813 [restartedMain] INFO  org.apache.catalina.core.StandardEngine - Starting Servlet engine: [Apache Tomcat/11.0.21]
2026-06-05 11:06:56.848 [restartedMain] INFO  o.s.b.w.c.servlet.WebApplicationContextInitializer - Root WebApplicationContext: initialization completed in 251 ms
2026-06-05 11:06:57.278 [restartedMain] INFO  c.b.m.e.spring.MybatisPlusApplicationContextAware - Register ApplicationContext instances org.springframework.boot.web.server.servlet.context.AnnotationConfigServletWebServerApplicationContext@21be292f
2026-06-05 11:06:57.325 [restartedMain] INFO  org.springframework.boot.tomcat.TomcatWebServer - Tomcat started on port 8080 (http) with context path '/'
2026-06-05 11:06:57.328 [restartedMain] INFO  com.company.demo.DemoApplication - Started DemoApplication in 0.754 seconds (process running for 272.3)
2026-06-05 11:06:57.329 [restartedMain] INFO  o.s.b.d.a.ConditionEvaluationDeltaLoggingListener - Condition evaluation unchanged
2026-06-05 11:10:17.099 [File Watcher] INFO  o.s.b.d.a.LocalDevToolsAutoConfiguration$RestartingClassPathChangeChangedEventListener - Restarting due to 18 class path changes (0 additions, 18 deletions, 0 modifications)
2026-06-05 11:10:17.104 [Thread-18] INFO  org.springframework.boot.tomcat.GracefulShutdown - Commencing graceful shutdown. Waiting for active requests to complete
2026-06-05 11:10:17.166 [tomcat-shutdown] INFO  org.springframework.boot.tomcat.GracefulShutdown - Graceful shutdown complete
2026-06-05 11:10:26.064 [restartedMain] INFO  com.company.demo.DemoApplication - Starting DemoApplication using Java 17.0.19 with PID 27872 (D:\Work\Workspace\demo\target\classes started by jiaolei in D:\Work\Workspace\demo)
2026-06-05 11:10:26.065 [restartedMain] DEBUG com.company.demo.DemoApplication - Running with Spring Boot v4.0.6, Spring v7.0.7
2026-06-05 11:10:26.065 [restartedMain] INFO  com.company.demo.DemoApplication - No active profile set, falling back to 1 default profile: "default"
2026-06-05 11:10:26.155 [restartedMain] WARN  org.mybatis.spring.mapper.ClassPathMapperScanner - No MyBatis mapper was found in '[com.company.demo.mapper]' package. Please check your configuration.
2026-06-05 11:10:26.200 [restartedMain] INFO  org.springframework.boot.tomcat.TomcatWebServer - Tomcat initialized with port 8080 (http)
2026-06-05 11:10:26.201 [restartedMain] INFO  org.apache.catalina.core.StandardService - Starting service [Tomcat]
2026-06-05 11:10:26.201 [restartedMain] INFO  org.apache.catalina.core.StandardEngine - Starting Servlet engine: [Apache Tomcat/11.0.21]
2026-06-05 11:10:26.229 [restartedMain] INFO  o.s.b.w.c.servlet.WebApplicationContextInitializer - Root WebApplicationContext: initialization completed in 163 ms
2026-06-05 11:10:26.516 [restartedMain] INFO  c.b.m.e.spring.MybatisPlusApplicationContextAware - Register ApplicationContext instances org.springframework.boot.web.server.servlet.context.AnnotationConfigServletWebServerApplicationContext@76ebfc9
2026-06-05 11:10:26.544 [restartedMain] INFO  org.springframework.boot.tomcat.TomcatWebServer - Tomcat started on port 8080 (http) with context path '/'
2026-06-05 11:10:26.546 [restartedMain] INFO  com.company.demo.DemoApplication - Started DemoApplication in 0.497 seconds (process running for 481.519)
2026-06-05 11:10:26.546 [restartedMain] INFO  o.s.b.d.a.ConditionEvaluationDeltaLoggingListener - Condition evaluation unchanged
2026-06-05 11:10:27.970 [File Watcher] INFO  o.s.b.d.a.LocalDevToolsAutoConfiguration$RestartingClassPathChangeChangedEventListener - Restarting due to 17 class path changes (17 additions, 0 deletions, 0 modifications)
2026-06-05 11:10:27.972 [Thread-22] INFO  org.springframework.boot.tomcat.GracefulShutdown - Commencing graceful shutdown. Waiting for active requests to complete
2026-06-05 11:10:28.012 [tomcat-shutdown] INFO  org.springframework.boot.tomcat.GracefulShutdown - Graceful shutdown complete
2026-06-05 11:10:28.058 [restartedMain] INFO  com.company.demo.DemoApplication - Starting DemoApplication using Java 17.0.19 with PID 27872 (D:\Work\Workspace\demo\target\classes started by jiaolei in D:\Work\Workspace\demo)
2026-06-05 11:10:28.058 [restartedMain] DEBUG com.company.demo.DemoApplication - Running with Spring Boot v4.0.6, Spring v7.0.7
2026-06-05 11:10:28.058 [restartedMain] INFO  com.company.demo.DemoApplication - No active profile set, falling back to 1 default profile: "default"
2026-06-05 11:10:28.228 [restartedMain] INFO  org.springframework.boot.tomcat.TomcatWebServer - Tomcat initialized with port 8080 (http)
2026-06-05 11:10:28.228 [restartedMain] INFO  org.apache.catalina.core.StandardService - Starting service [Tomcat]
2026-06-05 11:10:28.229 [restartedMain] INFO  org.apache.catalina.core.StandardEngine - Starting Servlet engine: [Apache Tomcat/11.0.21]
2026-06-05 11:10:28.254 [restartedMain] INFO  o.s.b.w.c.servlet.WebApplicationContextInitializer - Root WebApplicationContext: initialization completed in 194 ms
2026-06-05 11:10:28.556 [restartedMain] INFO  c.b.m.e.spring.MybatisPlusApplicationContextAware - Register ApplicationContext instances org.springframework.boot.web.server.servlet.context.AnnotationConfigServletWebServerApplicationContext@4f285a66
2026-06-05 11:10:28.609 [restartedMain] INFO  org.springframework.boot.tomcat.TomcatWebServer - Tomcat started on port 8080 (http) with context path '/'
2026-06-05 11:10:28.610 [restartedMain] INFO  com.company.demo.DemoApplication - Started DemoApplication in 0.564 seconds (process running for 483.583)
2026-06-05 11:10:28.611 [restartedMain] INFO  o.s.b.d.a.ConditionEvaluationDeltaLoggingListener - Condition evaluation unchanged
2026-06-05 11:10:30.019 [main] INFO  com.company.demo.DemoApplicationTests - Starting DemoApplicationTests using Java 17.0.19 with PID 27184 (started by jiaolei in D:\Work\Workspace\demo)
2026-06-05 11:10:30.020 [main] DEBUG com.company.demo.DemoApplicationTests - Running with Spring Boot v4.0.6, Spring v7.0.7
2026-06-05 11:10:30.021 [main] INFO  com.company.demo.DemoApplicationTests - No active profile set, falling back to 1 default profile: "default"
2026-06-05 11:10:32.451 [main] INFO  c.b.m.e.spring.MybatisPlusApplicationContextAware - Register ApplicationContext instances org.springframework.web.context.support.GenericWebApplicationContext@782bf610
2026-06-05 11:10:32.713 [main] INFO  com.company.demo.DemoApplicationTests - Started DemoApplicationTests in 3.035 seconds (process running for 4.12)
2026-06-05 11:25:19.825 [File Watcher] INFO  o.s.b.d.a.LocalDevToolsAutoConfiguration$RestartingClassPathChangeChangedEventListener - Restarting due to 1 class path change (0 additions, 1 deletion, 0 modifications)
2026-06-05 11:25:19.827 [Thread-29] INFO  org.springframework.boot.tomcat.GracefulShutdown - Commencing graceful shutdown. Waiting for active requests to complete
2026-06-05 11:25:19.870 [tomcat-shutdown] INFO  org.springframework.boot.tomcat.GracefulShutdown - Graceful shutdown complete
2026-06-05 11:25:19.960 [restartedMain] INFO  com.company.demo.DemoApplication - Starting DemoApplication using Java 17.0.19 with PID 27872 (D:\Work\Workspace\demo\target\classes started by jiaolei in D:\Work\Workspace\demo)
2026-06-05 11:25:19.960 [restartedMain] DEBUG com.company.demo.DemoApplication - Running with Spring Boot v4.0.6, Spring v7.0.7
2026-06-05 11:25:19.960 [restartedMain] INFO  com.company.demo.DemoApplication - No active profile set, falling back to 1 default profile: "default"
2026-06-05 11:25:20.144 [restartedMain] INFO  org.springframework.boot.tomcat.TomcatWebServer - Tomcat initialized with port 8080 (http)
2026-06-05 11:25:20.145 [restartedMain] INFO  org.apache.catalina.core.StandardService - Starting service [Tomcat]
2026-06-05 11:25:20.145 [restartedMain] INFO  org.apache.catalina.core.StandardEngine - Starting Servlet engine: [Apache Tomcat/11.0.21]
2026-06-05 11:25:20.172 [restartedMain] INFO  o.s.b.w.c.servlet.WebApplicationContextInitializer - Root WebApplicationContext: initialization completed in 210 ms
2026-06-05 11:25:20.193 [restartedMain] WARN  o.s.b.w.s.s.c.AnnotationConfigServletWebServerApplicationContext - Exception encountered during context initialization - cancelling refresh attempt: org.springframework.beans.factory.BeanCreationException: Error creating bean with name 'userController' defined in file [D:\Work\Workspace\demo\target\classes\com\company\demo\UserController.class]: Post-processing of merged bean definition failed
2026-06-05 11:25:20.193 [restartedMain] INFO  org.apache.catalina.core.StandardService - Stopping service [Tomcat]
2026-06-05 11:25:20.195 [restartedMain] INFO  o.s.b.a.logging.ConditionEvaluationReportLogger - 

Error starting ApplicationContext. To display the condition evaluation report re-run your application with 'debug' enabled.
2026-06-05 11:25:20.200 [restartedMain] ERROR org.springframework.boot.SpringApplication - Application run failed
org.springframework.beans.factory.BeanCreationException: Error creating bean with name 'userController' defined in file [D:\Work\Workspace\demo\target\classes\com\company\demo\UserController.class]: Post-processing of merged bean definition failed
	at org.springframework.beans.factory.support.AbstractAutowireCapableBeanFactory.doCreateBean(AbstractAutowireCapableBeanFactory.java:580) ~[spring-beans-7.0.7.jar:7.0.7]
	at org.springframework.beans.factory.support.AbstractAutowireCapableBeanFactory.createBean(AbstractAutowireCapableBeanFactory.java:525) ~[spring-beans-7.0.7.jar:7.0.7]
	at org.springframework.beans.factory.support.AbstractBeanFactory.lambda$doGetBean$0(AbstractBeanFactory.java:333) ~[spring-beans-7.0.7.jar:7.0.7]
	at org.springframework.beans.factory.support.DefaultSingletonBeanRegistry.getSingleton(DefaultSingletonBeanRegistry.java:371) ~[spring-beans-7.0.7.jar:7.0.7]
	at org.springframework.beans.factory.support.AbstractBeanFactory.doGetBean(AbstractBeanFactory.java:331) ~[spring-beans-7.0.7.jar:7.0.7]
	at org.springframework.beans.factory.support.AbstractBeanFactory.getBean(AbstractBeanFactory.java:196) ~[spring-beans-7.0.7.jar:7.0.7]
	at org.springframework.beans.factory.support.DefaultListableBeanFactory.instantiateSingleton(DefaultListableBeanFactory.java:1218) ~[spring-beans-7.0.7.jar:7.0.7]
	at org.springframework.beans.factory.support.DefaultListableBeanFactory.preInstantiateSingleton(DefaultListableBeanFactory.java:1184) ~[spring-beans-7.0.7.jar:7.0.7]
	at org.springframework.beans.factory.support.DefaultListableBeanFactory.preInstantiateSingletons(DefaultListableBeanFactory.java:1121) ~[spring-beans-7.0.7.jar:7.0.7]
	at org.springframework.context.support.AbstractApplicationContext.finishBeanFactoryInitialization(AbstractApplicationContext.java:994) ~[spring-context-7.0.7.jar:7.0.7]
	at org.springframework.context.support.AbstractApplicationContext.refresh(AbstractApplicationContext.java:621) ~[spring-context-7.0.7.jar:7.0.7]
	at org.springframework.boot.web.server.servlet.context.ServletWebServerApplicationContext.refresh(ServletWebServerApplicationContext.java:143) ~[spring-boot-web-server-4.0.6.jar:4.0.6]
	at org.springframework.boot.SpringApplication.refresh(SpringApplication.java:756) ~[spring-boot-4.0.6.jar:4.0.6]
	at org.springframework.boot.SpringApplication.refreshContext(SpringApplication.java:445) ~[spring-boot-4.0.6.jar:4.0.6]
	at org.springframework.boot.SpringApplication.run(SpringApplication.java:321) ~[spring-boot-4.0.6.jar:4.0.6]
	at org.springframework.boot.SpringApplication.run(SpringApplication.java:1365) ~[spring-boot-4.0.6.jar:4.0.6]
	at org.springframework.boot.SpringApplication.run(SpringApplication.java:1354) ~[spring-boot-4.0.6.jar:4.0.6]
	at com.company.demo.DemoApplication.main(DemoApplication.java:16) ~[classes/:na]
	at java.base/jdk.internal.reflect.NativeMethodAccessorImpl.invoke0(Native Method) ~[na:na]
	at java.base/jdk.internal.reflect.NativeMethodAccessorImpl.invoke(NativeMethodAccessorImpl.java:77) ~[na:na]
	at java.base/jdk.internal.reflect.DelegatingMethodAccessorImpl.invoke(DelegatingMethodAccessorImpl.java:43) ~[na:na]
	at java.base/java.lang.reflect.Method.invoke(Method.java:569) ~[na:na]
	at org.springframework.boot.devtools.restart.RestartLauncher.run(RestartLauncher.java:52) ~[spring-boot-devtools-4.0.6.jar:4.0.6]
Caused by: java.lang.IllegalStateException: Failed to introspect Class [com.company.demo.UserController] from ClassLoader [org.springframework.boot.devtools.restart.classloader.RestartClassLoader@348425b3]
	at org.springframework.util.ReflectionUtils.getDeclaredFields(ReflectionUtils.java:756) ~[spring-core-7.0.7.jar:7.0.7]
	at org.springframework.util.ReflectionUtils.doWithLocalFields(ReflectionUtils.java:689) ~[spring-core-7.0.7.jar:7.0.7]
	at org.springframework.context.annotation.CommonAnnotationBeanPostProcessor.buildResourceMetadata(CommonAnnotationBeanPostProcessor.java:407) ~[spring-context-7.0.7.jar:7.0.7]
	at org.springframework.context.annotation.CommonAnnotationBeanPostProcessor.findResourceMetadata(CommonAnnotationBeanPostProcessor.java:388) ~[spring-context-7.0.7.jar:7.0.7]
	at org.springframework.context.annotation.CommonAnnotationBeanPostProcessor.postProcessMergedBeanDefinition(CommonAnnotationBeanPostProcessor.java:291) ~[spring-context-7.0.7.jar:7.0.7]
	at org.springframework.beans.factory.support.AbstractAutowireCapableBeanFactory.applyMergedBeanDefinitionPostProcessors(AbstractAutowireCapableBeanFactory.java:1114) ~[spring-beans-7.0.7.jar:7.0.7]
	at org.springframework.beans.factory.support.AbstractAutowireCapableBeanFactory.doCreateBean(AbstractAutowireCapableBeanFactory.java:577) ~[spring-beans-7.0.7.jar:7.0.7]
	... 22 common frames omitted
Caused by: java.lang.NoClassDefFoundError: com/company/demo/service/UserService
	at java.base/java.lang.Class.getDeclaredFields0(Native Method) ~[na:na]
	at java.base/java.lang.Class.privateGetDeclaredFields(Class.java:3299) ~[na:na]
	at java.base/java.lang.Class.getDeclaredFields(Class.java:2373) ~[na:na]
	at org.springframework.util.ReflectionUtils.getDeclaredFields(ReflectionUtils.java:751) ~[spring-core-7.0.7.jar:7.0.7]
	... 28 common frames omitted
Caused by: java.lang.ClassNotFoundException: com.company.demo.service.UserService
	at java.base/jdk.internal.loader.BuiltinClassLoader.loadClass(BuiltinClassLoader.java:641) ~[na:na]
	at java.base/jdk.internal.loader.ClassLoaders$AppClassLoader.loadClass(ClassLoaders.java:188) ~[na:na]
	at java.base/java.lang.ClassLoader.loadClass(ClassLoader.java:525) ~[na:na]
	at java.base/java.lang.Class.forName0(Native Method) ~[na:na]
	at java.base/java.lang.Class.forName(Class.java:469) ~[na:na]
	at org.springframework.boot.devtools.restart.classloader.RestartClassLoader.loadClass(RestartClassLoader.java:123) ~[spring-boot-devtools-4.0.6.jar:4.0.6]
	at java.base/java.lang.ClassLoader.loadClass(ClassLoader.java:525) ~[na:na]
	... 32 common frames omitted
2026-06-05 11:25:21.654 [restartedMain] INFO  com.company.demo.DemoApplication - Starting DemoApplication using Java 17.0.19 with PID 27872 (D:\Work\Workspace\demo\target\classes started by jiaolei in D:\Work\Workspace\demo)
2026-06-05 11:25:21.654 [restartedMain] DEBUG com.company.demo.DemoApplication - Running with Spring Boot v4.0.6, Spring v7.0.7
2026-06-05 11:25:21.654 [restartedMain] INFO  com.company.demo.DemoApplication - No active profile set, falling back to 1 default profile: "default"
2026-06-05 11:25:21.795 [restartedMain] INFO  org.springframework.boot.tomcat.TomcatWebServer - Tomcat initialized with port 8080 (http)
2026-06-05 11:25:21.795 [restartedMain] INFO  org.apache.catalina.core.StandardService - Starting service [Tomcat]
2026-06-05 11:25:21.795 [restartedMain] INFO  org.apache.catalina.core.StandardEngine - Starting Servlet engine: [Apache Tomcat/11.0.21]
2026-06-05 11:25:21.825 [restartedMain] INFO  o.s.b.w.c.servlet.WebApplicationContextInitializer - Root WebApplicationContext: initialization completed in 169 ms
2026-06-05 11:25:22.209 [restartedMain] INFO  c.b.m.e.spring.MybatisPlusApplicationContextAware - Register ApplicationContext instances org.springframework.boot.web.server.servlet.context.AnnotationConfigServletWebServerApplicationContext@3d2c6a9d
2026-06-05 11:25:22.311 [restartedMain] INFO  org.springframework.boot.tomcat.TomcatWebServer - Tomcat started on port 8080 (http) with context path '/'
2026-06-05 11:25:22.313 [restartedMain] INFO  com.company.demo.DemoApplication - Started DemoApplication in 0.677 seconds (process running for 1377.286)
2026-06-05 11:25:22.314 [restartedMain] INFO  o.s.b.d.a.ConditionEvaluationDeltaLoggingListener - Condition evaluation unchanged
2026-06-05 11:35:45.977 [File Watcher] INFO  o.s.b.d.a.LocalDevToolsAutoConfiguration$RestartingClassPathChangeChangedEventListener - Restarting due to 1 class path change (0 additions, 1 deletion, 0 modifications)
2026-06-05 11:35:45.978 [Thread-33] INFO  org.springframework.boot.tomcat.GracefulShutdown - Commencing graceful shutdown. Waiting for active requests to complete
2026-06-05 11:35:46.011 [tomcat-shutdown] INFO  org.springframework.boot.tomcat.GracefulShutdown - Graceful shutdown complete
2026-06-05 11:35:46.088 [restartedMain] INFO  com.company.demo.DemoApplication - Starting DemoApplication using Java 17.0.19 with PID 27872 (D:\Work\Workspace\demo\target\classes started by jiaolei in D:\Work\Workspace\demo)
2026-06-05 11:35:46.089 [restartedMain] DEBUG com.company.demo.DemoApplication - Running with Spring Boot v4.0.6, Spring v7.0.7
2026-06-05 11:35:46.089 [restartedMain] INFO  com.company.demo.DemoApplication - No active profile set, falling back to 1 default profile: "default"
2026-06-05 11:35:46.233 [restartedMain] INFO  org.springframework.boot.tomcat.TomcatWebServer - Tomcat initialized with port 8080 (http)
2026-06-05 11:35:46.234 [restartedMain] INFO  org.apache.catalina.core.StandardService - Starting service [Tomcat]
2026-06-05 11:35:46.234 [restartedMain] INFO  org.apache.catalina.core.StandardEngine - Starting Servlet engine: [Apache Tomcat/11.0.21]
2026-06-05 11:35:46.258 [restartedMain] INFO  o.s.b.w.c.servlet.WebApplicationContextInitializer - Root WebApplicationContext: initialization completed in 168 ms
2026-06-05 11:35:46.277 [restartedMain] WARN  o.s.b.w.s.s.c.AnnotationConfigServletWebServerApplicationContext - Exception encountered during context initialization - cancelling refresh attempt: org.springframework.beans.factory.BeanCreationException: Error creating bean with name 'userController' defined in file [D:\Work\Workspace\demo\target\classes\com\company\demo\UserController.class]: Post-processing of merged bean definition failed
2026-06-05 11:35:46.277 [restartedMain] INFO  org.apache.catalina.core.StandardService - Stopping service [Tomcat]
2026-06-05 11:35:46.280 [restartedMain] INFO  o.s.b.a.logging.ConditionEvaluationReportLogger - 

Error starting ApplicationContext. To display the condition evaluation report re-run your application with 'debug' enabled.
2026-06-05 11:35:46.281 [restartedMain] ERROR org.springframework.boot.SpringApplication - Application run failed
org.springframework.beans.factory.BeanCreationException: Error creating bean with name 'userController' defined in file [D:\Work\Workspace\demo\target\classes\com\company\demo\UserController.class]: Post-processing of merged bean definition failed
	at org.springframework.beans.factory.support.AbstractAutowireCapableBeanFactory.doCreateBean(AbstractAutowireCapableBeanFactory.java:580) ~[spring-beans-7.0.7.jar:7.0.7]
	at org.springframework.beans.factory.support.AbstractAutowireCapableBeanFactory.createBean(AbstractAutowireCapableBeanFactory.java:525) ~[spring-beans-7.0.7.jar:7.0.7]
	at org.springframework.beans.factory.support.AbstractBeanFactory.lambda$doGetBean$0(AbstractBeanFactory.java:333) ~[spring-beans-7.0.7.jar:7.0.7]
	at org.springframework.beans.factory.support.DefaultSingletonBeanRegistry.getSingleton(DefaultSingletonBeanRegistry.java:371) ~[spring-beans-7.0.7.jar:7.0.7]
	at org.springframework.beans.factory.support.AbstractBeanFactory.doGetBean(AbstractBeanFactory.java:331) ~[spring-beans-7.0.7.jar:7.0.7]
	at org.springframework.beans.factory.support.AbstractBeanFactory.getBean(AbstractBeanFactory.java:196) ~[spring-beans-7.0.7.jar:7.0.7]
	at org.springframework.beans.factory.support.DefaultListableBeanFactory.instantiateSingleton(DefaultListableBeanFactory.java:1218) ~[spring-beans-7.0.7.jar:7.0.7]
	at org.springframework.beans.factory.support.DefaultListableBeanFactory.preInstantiateSingleton(DefaultListableBeanFactory.java:1184) ~[spring-beans-7.0.7.jar:7.0.7]
	at org.springframework.beans.factory.support.DefaultListableBeanFactory.preInstantiateSingletons(DefaultListableBeanFactory.java:1121) ~[spring-beans-7.0.7.jar:7.0.7]
	at org.springframework.context.support.AbstractApplicationContext.finishBeanFactoryInitialization(AbstractApplicationContext.java:994) ~[spring-context-7.0.7.jar:7.0.7]
	at org.springframework.context.support.AbstractApplicationContext.refresh(AbstractApplicationContext.java:621) ~[spring-context-7.0.7.jar:7.0.7]
	at org.springframework.boot.web.server.servlet.context.ServletWebServerApplicationContext.refresh(ServletWebServerApplicationContext.java:143) ~[spring-boot-web-server-4.0.6.jar:4.0.6]
	at org.springframework.boot.SpringApplication.refresh(SpringApplication.java:756) ~[spring-boot-4.0.6.jar:4.0.6]
	at org.springframework.boot.SpringApplication.refreshContext(SpringApplication.java:445) ~[spring-boot-4.0.6.jar:4.0.6]
	at org.springframework.boot.SpringApplication.run(SpringApplication.java:321) ~[spring-boot-4.0.6.jar:4.0.6]
	at org.springframework.boot.SpringApplication.run(SpringApplication.java:1365) ~[spring-boot-4.0.6.jar:4.0.6]
	at org.springframework.boot.SpringApplication.run(SpringApplication.java:1354) ~[spring-boot-4.0.6.jar:4.0.6]
	at com.company.demo.DemoApplication.main(DemoApplication.java:16) ~[classes/:na]
	at java.base/jdk.internal.reflect.NativeMethodAccessorImpl.invoke0(Native Method) ~[na:na]
	at java.base/jdk.internal.reflect.NativeMethodAccessorImpl.invoke(NativeMethodAccessorImpl.java:77) ~[na:na]
	at java.base/jdk.internal.reflect.DelegatingMethodAccessorImpl.invoke(DelegatingMethodAccessorImpl.java:43) ~[na:na]
	at java.base/java.lang.reflect.Method.invoke(Method.java:569) ~[na:na]
	at org.springframework.boot.devtools.restart.RestartLauncher.run(RestartLauncher.java:52) ~[spring-boot-devtools-4.0.6.jar:4.0.6]
Caused by: java.lang.IllegalStateException: Failed to introspect Class [com.company.demo.UserController] from ClassLoader [org.springframework.boot.devtools.restart.classloader.RestartClassLoader@13bacc18]
	at org.springframework.util.ReflectionUtils.getDeclaredFields(ReflectionUtils.java:756) ~[spring-core-7.0.7.jar:7.0.7]
	at org.springframework.util.ReflectionUtils.doWithLocalFields(ReflectionUtils.java:689) ~[spring-core-7.0.7.jar:7.0.7]
	at org.springframework.context.annotation.CommonAnnotationBeanPostProcessor.buildResourceMetadata(CommonAnnotationBeanPostProcessor.java:407) ~[spring-context-7.0.7.jar:7.0.7]
	at org.springframework.context.annotation.CommonAnnotationBeanPostProcessor.findResourceMetadata(CommonAnnotationBeanPostProcessor.java:388) ~[spring-context-7.0.7.jar:7.0.7]
	at org.springframework.context.annotation.CommonAnnotationBeanPostProcessor.postProcessMergedBeanDefinition(CommonAnnotationBeanPostProcessor.java:291) ~[spring-context-7.0.7.jar:7.0.7]
	at org.springframework.beans.factory.support.AbstractAutowireCapableBeanFactory.applyMergedBeanDefinitionPostProcessors(AbstractAutowireCapableBeanFactory.java:1114) ~[spring-beans-7.0.7.jar:7.0.7]
	at org.springframework.beans.factory.support.AbstractAutowireCapableBeanFactory.doCreateBean(AbstractAutowireCapableBeanFactory.java:577) ~[spring-beans-7.0.7.jar:7.0.7]
	... 22 common frames omitted
Caused by: java.lang.NoClassDefFoundError: com/company/demo/service/UserService
	at java.base/java.lang.Class.getDeclaredFields0(Native Method) ~[na:na]
	at java.base/java.lang.Class.privateGetDeclaredFields(Class.java:3299) ~[na:na]
	at java.base/java.lang.Class.getDeclaredFields(Class.java:2373) ~[na:na]
	at org.springframework.util.ReflectionUtils.getDeclaredFields(ReflectionUtils.java:751) ~[spring-core-7.0.7.jar:7.0.7]
	... 28 common frames omitted
Caused by: java.lang.ClassNotFoundException: com.company.demo.service.UserService
	at java.base/jdk.internal.loader.BuiltinClassLoader.loadClass(BuiltinClassLoader.java:641) ~[na:na]
	at java.base/jdk.internal.loader.ClassLoaders$AppClassLoader.loadClass(ClassLoaders.java:188) ~[na:na]
	at java.base/java.lang.ClassLoader.loadClass(ClassLoader.java:525) ~[na:na]
	at java.base/java.lang.Class.forName0(Native Method) ~[na:na]
	at java.base/java.lang.Class.forName(Class.java:469) ~[na:na]
	at org.springframework.boot.devtools.restart.classloader.RestartClassLoader.loadClass(RestartClassLoader.java:123) ~[spring-boot-devtools-4.0.6.jar:4.0.6]
	at java.base/java.lang.ClassLoader.loadClass(ClassLoader.java:525) ~[na:na]
	... 32 common frames omitted
2026-06-05 11:35:47.772 [restartedMain] INFO  com.company.demo.DemoApplication - Starting DemoApplication using Java 17.0.19 with PID 27872 (D:\Work\Workspace\demo\target\classes started by jiaolei in D:\Work\Workspace\demo)
2026-06-05 11:35:47.772 [restartedMain] DEBUG com.company.demo.DemoApplication - Running with Spring Boot v4.0.6, Spring v7.0.7
2026-06-05 11:35:47.772 [restartedMain] INFO  com.company.demo.DemoApplication - No active profile set, falling back to 1 default profile: "default"
2026-06-05 11:35:47.918 [restartedMain] INFO  org.springframework.boot.tomcat.TomcatWebServer - Tomcat initialized with port 8080 (http)
2026-06-05 11:35:47.919 [restartedMain] INFO  org.apache.catalina.core.StandardService - Starting service [Tomcat]
2026-06-05 11:35:47.919 [restartedMain] INFO  org.apache.catalina.core.StandardEngine - Starting Servlet engine: [Apache Tomcat/11.0.21]
2026-06-05 11:35:47.942 [restartedMain] INFO  o.s.b.w.c.servlet.WebApplicationContextInitializer - Root WebApplicationContext: initialization completed in 169 ms
2026-06-05 11:35:48.306 [restartedMain] INFO  c.b.m.e.spring.MybatisPlusApplicationContextAware - Register ApplicationContext instances org.springframework.boot.web.server.servlet.context.AnnotationConfigServletWebServerApplicationContext@6ea7a6f0
2026-06-05 11:35:48.405 [restartedMain] INFO  org.springframework.boot.tomcat.TomcatWebServer - Tomcat started on port 8080 (http) with context path '/'
2026-06-05 11:35:48.409 [restartedMain] INFO  com.company.demo.DemoApplication - Started DemoApplication in 0.651 seconds (process running for 2003.382)
2026-06-05 11:35:48.411 [restartedMain] INFO  o.s.b.d.a.ConditionEvaluationDeltaLoggingListener - Condition evaluation unchanged
2026-06-05 12:00:05.678 [File Watcher] INFO  o.s.b.d.a.LocalDevToolsAutoConfiguration$RestartingClassPathChangeChangedEventListener - Restarting due to 1 class path change (0 additions, 1 deletion, 0 modifications)
2026-06-05 12:00:05.680 [Thread-40] INFO  org.springframework.boot.tomcat.GracefulShutdown - Commencing graceful shutdown. Waiting for active requests to complete
2026-06-05 12:00:05.716 [tomcat-shutdown] INFO  org.springframework.boot.tomcat.GracefulShutdown - Graceful shutdown complete
2026-06-05 12:00:05.777 [restartedMain] INFO  com.company.demo.DemoApplication - Starting DemoApplication using Java 17.0.19 with PID 27872 (D:\Work\Workspace\demo\target\classes started by jiaolei in D:\Work\Workspace\demo)
2026-06-05 12:00:05.777 [restartedMain] DEBUG com.company.demo.DemoApplication - Running with Spring Boot v4.0.6, Spring v7.0.7
2026-06-05 12:00:05.777 [restartedMain] INFO  com.company.demo.DemoApplication - No active profile set, falling back to 1 default profile: "default"
2026-06-05 12:00:05.971 [restartedMain] INFO  org.springframework.boot.tomcat.TomcatWebServer - Tomcat initialized with port 8080 (http)
2026-06-05 12:00:05.972 [restartedMain] INFO  org.apache.catalina.core.StandardService - Starting service [Tomcat]
2026-06-05 12:00:05.972 [restartedMain] INFO  org.apache.catalina.core.StandardEngine - Starting Servlet engine: [Apache Tomcat/11.0.21]
2026-06-05 12:00:05.997 [restartedMain] INFO  o.s.b.w.c.servlet.WebApplicationContextInitializer - Root WebApplicationContext: initialization completed in 218 ms
2026-06-05 12:00:06.259 [restartedMain] INFO  c.b.m.e.spring.MybatisPlusApplicationContextAware - Register ApplicationContext instances org.springframework.boot.web.server.servlet.context.AnnotationConfigServletWebServerApplicationContext@1f886c09
2026-06-05 12:00:06.309 [restartedMain] INFO  org.springframework.boot.tomcat.TomcatWebServer - Tomcat started on port 8080 (http) with context path '/'
2026-06-05 12:00:06.311 [restartedMain] INFO  com.company.demo.DemoApplication - Started DemoApplication in 0.551 seconds (process running for 3461.283)
2026-06-05 12:00:06.312 [restartedMain] INFO  o.s.b.d.a.ConditionEvaluationDeltaLoggingListener - Condition evaluation unchanged
2026-06-05 12:30:38.953 [File Watcher] INFO  o.s.b.d.a.LocalDevToolsAutoConfiguration$RestartingClassPathChangeChangedEventListener - Restarting due to 1 class path change (0 additions, 1 deletion, 0 modifications)
2026-06-05 12:30:38.955 [Thread-47] INFO  org.springframework.boot.tomcat.GracefulShutdown - Commencing graceful shutdown. Waiting for active requests to complete
2026-06-05 12:30:39.001 [tomcat-shutdown] INFO  org.springframework.boot.tomcat.GracefulShutdown - Graceful shutdown complete
2026-06-05 12:30:39.063 [restartedMain] INFO  com.company.demo.DemoApplication - Starting DemoApplication using Java 17.0.19 with PID 27872 (D:\Work\Workspace\demo\target\classes started by jiaolei in D:\Work\Workspace\demo)
2026-06-05 12:30:39.063 [restartedMain] DEBUG com.company.demo.DemoApplication - Running with Spring Boot v4.0.6, Spring v7.0.7
2026-06-05 12:30:39.063 [restartedMain] INFO  com.company.demo.DemoApplication - No active profile set, falling back to 1 default profile: "default"
2026-06-05 12:30:39.249 [restartedMain] INFO  org.springframework.boot.tomcat.TomcatWebServer - Tomcat initialized with port 8080 (http)
2026-06-05 12:30:39.250 [restartedMain] INFO  org.apache.catalina.core.StandardService - Starting service [Tomcat]
2026-06-05 12:30:39.250 [restartedMain] INFO  org.apache.catalina.core.StandardEngine - Starting Servlet engine: [Apache Tomcat/11.0.21]
2026-06-05 12:30:39.280 [restartedMain] INFO  o.s.b.w.c.servlet.WebApplicationContextInitializer - Root WebApplicationContext: initialization completed in 215 ms
2026-06-05 12:30:39.552 [restartedMain] INFO  c.b.m.e.spring.MybatisPlusApplicationContextAware - Register ApplicationContext instances org.springframework.boot.web.server.servlet.context.AnnotationConfigServletWebServerApplicationContext@1b64e9ab
2026-06-05 12:30:39.619 [restartedMain] INFO  org.springframework.boot.tomcat.TomcatWebServer - Tomcat started on port 8080 (http) with context path '/'
2026-06-05 12:30:39.623 [restartedMain] INFO  com.company.demo.DemoApplication - Started DemoApplication in 0.574 seconds (process running for 5294.596)
2026-06-05 12:30:39.624 [restartedMain] INFO  o.s.b.d.a.ConditionEvaluationDeltaLoggingListener - Condition evaluation unchanged
2026-06-05 12:30:41.013 [File Watcher] INFO  o.s.b.d.a.LocalDevToolsAutoConfiguration$RestartingClassPathChangeChangedEventListener - Restarting due to 1 class path change (1 addition, 0 deletions, 0 modifications)
2026-06-05 12:30:41.015 [Thread-51] INFO  org.springframework.boot.tomcat.GracefulShutdown - Commencing graceful shutdown. Waiting for active requests to complete
2026-06-05 12:30:41.049 [tomcat-shutdown] INFO  org.springframework.boot.tomcat.GracefulShutdown - Graceful shutdown complete
2026-06-05 12:30:41.112 [restartedMain] INFO  com.company.demo.DemoApplication - Starting DemoApplication using Java 17.0.19 with PID 27872 (D:\Work\Workspace\demo\target\classes started by jiaolei in D:\Work\Workspace\demo)
2026-06-05 12:30:41.113 [restartedMain] DEBUG com.company.demo.DemoApplication - Running with Spring Boot v4.0.6, Spring v7.0.7
2026-06-05 12:30:41.113 [restartedMain] INFO  com.company.demo.DemoApplication - No active profile set, falling back to 1 default profile: "default"
2026-06-05 12:30:41.259 [restartedMain] INFO  org.springframework.boot.tomcat.TomcatWebServer - Tomcat initialized with port 8080 (http)
2026-06-05 12:30:41.260 [restartedMain] INFO  org.apache.catalina.core.StandardService - Starting service [Tomcat]
2026-06-05 12:30:41.260 [restartedMain] INFO  org.apache.catalina.core.StandardEngine - Starting Servlet engine: [Apache Tomcat/11.0.21]
2026-06-05 12:30:41.284 [restartedMain] INFO  o.s.b.w.c.servlet.WebApplicationContextInitializer - Root WebApplicationContext: initialization completed in 170 ms
2026-06-05 12:30:41.302 [restartedMain] WARN  o.s.b.w.s.s.c.AnnotationConfigServletWebServerApplicationContext - Exception encountered during context initialization - cancelling refresh attempt: org.springframework.beans.factory.BeanCreationException: Error creating bean with name 'userController' defined in file [D:\Work\Workspace\demo\target\classes\com\company\demo\UserController.class]: Post-processing of merged bean definition failed
2026-06-05 12:30:41.303 [restartedMain] INFO  org.apache.catalina.core.StandardService - Stopping service [Tomcat]
2026-06-05 12:30:41.304 [restartedMain] INFO  o.s.b.a.logging.ConditionEvaluationReportLogger - 

Error starting ApplicationContext. To display the condition evaluation report re-run your application with 'debug' enabled.
2026-06-05 12:30:41.305 [restartedMain] ERROR org.springframework.boot.SpringApplication - Application run failed
org.springframework.beans.factory.BeanCreationException: Error creating bean with name 'userController' defined in file [D:\Work\Workspace\demo\target\classes\com\company\demo\UserController.class]: Post-processing of merged bean definition failed
	at org.springframework.beans.factory.support.AbstractAutowireCapableBeanFactory.doCreateBean(AbstractAutowireCapableBeanFactory.java:580) ~[spring-beans-7.0.7.jar:7.0.7]
	at org.springframework.beans.factory.support.AbstractAutowireCapableBeanFactory.createBean(AbstractAutowireCapableBeanFactory.java:525) ~[spring-beans-7.0.7.jar:7.0.7]
	at org.springframework.beans.factory.support.AbstractBeanFactory.lambda$doGetBean$0(AbstractBeanFactory.java:333) ~[spring-beans-7.0.7.jar:7.0.7]
	at org.springframework.beans.factory.support.DefaultSingletonBeanRegistry.getSingleton(DefaultSingletonBeanRegistry.java:371) ~[spring-beans-7.0.7.jar:7.0.7]
	at org.springframework.beans.factory.support.AbstractBeanFactory.doGetBean(AbstractBeanFactory.java:331) ~[spring-beans-7.0.7.jar:7.0.7]
	at org.springframework.beans.factory.support.AbstractBeanFactory.getBean(AbstractBeanFactory.java:196) ~[spring-beans-7.0.7.jar:7.0.7]
	at org.springframework.beans.factory.support.DefaultListableBeanFactory.instantiateSingleton(DefaultListableBeanFactory.java:1218) ~[spring-beans-7.0.7.jar:7.0.7]
	at org.springframework.beans.factory.support.DefaultListableBeanFactory.preInstantiateSingleton(DefaultListableBeanFactory.java:1184) ~[spring-beans-7.0.7.jar:7.0.7]
	at org.springframework.beans.factory.support.DefaultListableBeanFactory.preInstantiateSingletons(DefaultListableBeanFactory.java:1121) ~[spring-beans-7.0.7.jar:7.0.7]
	at org.springframework.context.support.AbstractApplicationContext.finishBeanFactoryInitialization(AbstractApplicationContext.java:994) ~[spring-context-7.0.7.jar:7.0.7]
	at org.springframework.context.support.AbstractApplicationContext.refresh(AbstractApplicationContext.java:621) ~[spring-context-7.0.7.jar:7.0.7]
	at org.springframework.boot.web.server.servlet.context.ServletWebServerApplicationContext.refresh(ServletWebServerApplicationContext.java:143) ~[spring-boot-web-server-4.0.6.jar:4.0.6]
	at org.springframework.boot.SpringApplication.refresh(SpringApplication.java:756) ~[spring-boot-4.0.6.jar:4.0.6]
	at org.springframework.boot.SpringApplication.refreshContext(SpringApplication.java:445) ~[spring-boot-4.0.6.jar:4.0.6]
	at org.springframework.boot.SpringApplication.run(SpringApplication.java:321) ~[spring-boot-4.0.6.jar:4.0.6]
	at org.springframework.boot.SpringApplication.run(SpringApplication.java:1365) ~[spring-boot-4.0.6.jar:4.0.6]
	at org.springframework.boot.SpringApplication.run(SpringApplication.java:1354) ~[spring-boot-4.0.6.jar:4.0.6]
	at com.company.demo.DemoApplication.main(DemoApplication.java:16) ~[classes/:na]
	at java.base/jdk.internal.reflect.NativeMethodAccessorImpl.invoke0(Native Method) ~[na:na]
	at java.base/jdk.internal.reflect.NativeMethodAccessorImpl.invoke(NativeMethodAccessorImpl.java:77) ~[na:na]
	at java.base/jdk.internal.reflect.DelegatingMethodAccessorImpl.invoke(DelegatingMethodAccessorImpl.java:43) ~[na:na]
	at java.base/java.lang.reflect.Method.invoke(Method.java:569) ~[na:na]
	at org.springframework.boot.devtools.restart.RestartLauncher.run(RestartLauncher.java:52) ~[spring-boot-devtools-4.0.6.jar:4.0.6]
Caused by: java.lang.IllegalStateException: Failed to introspect Class [com.company.demo.UserController] from ClassLoader [org.springframework.boot.devtools.restart.classloader.RestartClassLoader@4d5dc3c2]
	at org.springframework.util.ReflectionUtils.getDeclaredFields(ReflectionUtils.java:756) ~[spring-core-7.0.7.jar:7.0.7]
	at org.springframework.util.ReflectionUtils.doWithLocalFields(ReflectionUtils.java:689) ~[spring-core-7.0.7.jar:7.0.7]
	at org.springframework.context.annotation.CommonAnnotationBeanPostProcessor.buildResourceMetadata(CommonAnnotationBeanPostProcessor.java:407) ~[spring-context-7.0.7.jar:7.0.7]
	at org.springframework.context.annotation.CommonAnnotationBeanPostProcessor.findResourceMetadata(CommonAnnotationBeanPostProcessor.java:388) ~[spring-context-7.0.7.jar:7.0.7]
	at org.springframework.context.annotation.CommonAnnotationBeanPostProcessor.postProcessMergedBeanDefinition(CommonAnnotationBeanPostProcessor.java:291) ~[spring-context-7.0.7.jar:7.0.7]
	at org.springframework.beans.factory.support.AbstractAutowireCapableBeanFactory.applyMergedBeanDefinitionPostProcessors(AbstractAutowireCapableBeanFactory.java:1114) ~[spring-beans-7.0.7.jar:7.0.7]
	at org.springframework.beans.factory.support.AbstractAutowireCapableBeanFactory.doCreateBean(AbstractAutowireCapableBeanFactory.java:577) ~[spring-beans-7.0.7.jar:7.0.7]
	... 22 common frames omitted
Caused by: java.lang.NoClassDefFoundError: com/company/demo/service/UserService
	at java.base/java.lang.Class.getDeclaredFields0(Native Method) ~[na:na]
	at java.base/java.lang.Class.privateGetDeclaredFields(Class.java:3299) ~[na:na]
	at java.base/java.lang.Class.getDeclaredFields(Class.java:2373) ~[na:na]
	at org.springframework.util.ReflectionUtils.getDeclaredFields(ReflectionUtils.java:751) ~[spring-core-7.0.7.jar:7.0.7]
	... 28 common frames omitted
Caused by: java.lang.ClassNotFoundException: com.company.demo.service.UserService
	at java.base/jdk.internal.loader.BuiltinClassLoader.loadClass(BuiltinClassLoader.java:641) ~[na:na]
	at java.base/jdk.internal.loader.ClassLoaders$AppClassLoader.loadClass(ClassLoaders.java:188) ~[na:na]
	at java.base/java.lang.ClassLoader.loadClass(ClassLoader.java:525) ~[na:na]
	at java.base/java.lang.Class.forName0(Native Method) ~[na:na]
	at java.base/java.lang.Class.forName(Class.java:469) ~[na:na]
	at org.springframework.boot.devtools.restart.classloader.RestartClassLoader.loadClass(RestartClassLoader.java:123) ~[spring-boot-devtools-4.0.6.jar:4.0.6]
	at java.base/java.lang.ClassLoader.loadClass(ClassLoader.java:525) ~[na:na]
	... 32 common frames omitted
2026-06-05 12:37:27.560 [restartedMain] INFO  com.company.demo.DemoApplication - Starting DemoApplication using Java 17.0.19 with PID 27872 (D:\Work\Workspace\demo\target\classes started by jiaolei in D:\Work\Workspace\demo)
2026-06-05 12:37:27.561 [restartedMain] DEBUG com.company.demo.DemoApplication - Running with Spring Boot v4.0.6, Spring v7.0.7
2026-06-05 12:37:27.561 [restartedMain] INFO  com.company.demo.DemoApplication - No active profile set, falling back to 1 default profile: "default"
2026-06-05 12:37:27.698 [restartedMain] INFO  org.springframework.boot.tomcat.TomcatWebServer - Tomcat initialized with port 8080 (http)
2026-06-05 12:37:27.699 [restartedMain] INFO  org.apache.catalina.core.StandardService - Starting service [Tomcat]
2026-06-05 12:37:27.699 [restartedMain] INFO  org.apache.catalina.core.StandardEngine - Starting Servlet engine: [Apache Tomcat/11.0.21]
2026-06-05 12:37:27.725 [restartedMain] INFO  o.s.b.w.c.servlet.WebApplicationContextInitializer - Root WebApplicationContext: initialization completed in 163 ms
2026-06-05 12:37:27.976 [restartedMain] INFO  c.b.m.e.spring.MybatisPlusApplicationContextAware - Register ApplicationContext instances org.springframework.boot.web.server.servlet.context.AnnotationConfigServletWebServerApplicationContext@6df8b40a
2026-06-05 12:37:28.025 [restartedMain] INFO  org.springframework.boot.tomcat.TomcatWebServer - Tomcat started on port 8080 (http) with context path '/'
2026-06-05 12:37:28.028 [restartedMain] INFO  com.company.demo.DemoApplication - Started DemoApplication in 0.484 seconds (process running for 5703.001)
2026-06-05 12:37:28.028 [restartedMain] INFO  o.s.b.d.a.ConditionEvaluationDeltaLoggingListener - Condition evaluation unchanged
2026-06-05 12:37:29.430 [File Watcher] INFO  o.s.b.d.a.LocalDevToolsAutoConfiguration$RestartingClassPathChangeChangedEventListener - Restarting due to 2 class path changes (2 additions, 0 deletions, 0 modifications)
2026-06-05 12:37:29.431 [Thread-55] INFO  org.springframework.boot.tomcat.GracefulShutdown - Commencing graceful shutdown. Waiting for active requests to complete
2026-06-05 12:37:29.486 [tomcat-shutdown] INFO  org.springframework.boot.tomcat.GracefulShutdown - Graceful shutdown complete
2026-06-05 12:37:29.553 [restartedMain] INFO  com.company.demo.DemoApplication - Starting DemoApplication using Java 17.0.19 with PID 27872 (D:\Work\Workspace\demo\target\classes started by jiaolei in D:\Work\Workspace\demo)
2026-06-05 12:37:29.553 [restartedMain] DEBUG com.company.demo.DemoApplication - Running with Spring Boot v4.0.6, Spring v7.0.7
2026-06-05 12:37:29.553 [restartedMain] INFO  com.company.demo.DemoApplication - No active profile set, falling back to 1 default profile: "default"
2026-06-05 12:37:29.701 [restartedMain] INFO  org.springframework.boot.tomcat.TomcatWebServer - Tomcat initialized with port 8080 (http)
2026-06-05 12:37:29.702 [restartedMain] INFO  org.apache.catalina.core.StandardService - Starting service [Tomcat]
2026-06-05 12:37:29.702 [restartedMain] INFO  org.apache.catalina.core.StandardEngine - Starting Servlet engine: [Apache Tomcat/11.0.21]
2026-06-05 12:37:29.724 [restartedMain] INFO  o.s.b.w.c.servlet.WebApplicationContextInitializer - Root WebApplicationContext: initialization completed in 168 ms
2026-06-05 12:37:29.976 [restartedMain] INFO  c.b.m.e.spring.MybatisPlusApplicationContextAware - Register ApplicationContext instances org.springframework.boot.web.server.servlet.context.AnnotationConfigServletWebServerApplicationContext@5bb57605
2026-06-05 12:37:30.017 [restartedMain] INFO  org.springframework.boot.tomcat.TomcatWebServer - Tomcat started on port 8080 (http) with context path '/'
2026-06-05 12:37:30.038 [restartedMain] INFO  com.company.demo.DemoApplication - Started DemoApplication in 0.496 seconds (process running for 5705.011)
2026-06-05 12:37:30.039 [restartedMain] INFO  o.s.b.d.a.ConditionEvaluationDeltaLoggingListener - Condition evaluation unchanged
2026-06-05 12:38:00.171 [SpringApplicationShutdownHook] INFO  org.springframework.boot.tomcat.GracefulShutdown - Commencing graceful shutdown. Waiting for active requests to complete
2026-06-05 12:38:00.206 [tomcat-shutdown] INFO  org.springframework.boot.tomcat.GracefulShutdown - Graceful shutdown complete
2026-06-05 12:38:03.452 [restartedMain] INFO  com.company.demo.DemoApplication - Starting DemoApplication using Java 17.0.19 with PID 4592 (D:\Work\Workspace\demo\target\classes started by jiaolei in D:\Work\Workspace\demo)
2026-06-05 12:38:03.454 [restartedMain] DEBUG com.company.demo.DemoApplication - Running with Spring Boot v4.0.6, Spring v7.0.7
2026-06-05 12:38:03.454 [restartedMain] INFO  com.company.demo.DemoApplication - No active profile set, falling back to 1 default profile: "default"
2026-06-05 12:38:03.488 [restartedMain] INFO  o.s.b.d.env.DevToolsPropertyDefaultsPostProcessor - Devtools property defaults active! Set 'spring.devtools.add-properties' to 'false' to disable
2026-06-05 12:38:03.488 [restartedMain] INFO  o.s.b.d.env.DevToolsPropertyDefaultsPostProcessor - For additional web related logging consider setting the 'logging.level.web' property to 'DEBUG'
2026-06-05 12:38:04.458 [restartedMain] INFO  org.springframework.boot.tomcat.TomcatWebServer - Tomcat initialized with port 8080 (http)
2026-06-05 12:38:04.468 [restartedMain] INFO  org.apache.catalina.core.StandardService - Starting service [Tomcat]
2026-06-05 12:38:04.468 [restartedMain] INFO  org.apache.catalina.core.StandardEngine - Starting Servlet engine: [Apache Tomcat/11.0.21]
2026-06-05 12:38:04.518 [restartedMain] INFO  o.s.b.w.c.servlet.WebApplicationContextInitializer - Root WebApplicationContext: initialization completed in 1029 ms
2026-06-05 12:38:05.187 [restartedMain] INFO  c.b.m.e.spring.MybatisPlusApplicationContextAware - Register ApplicationContext instances org.springframework.boot.web.server.servlet.context.AnnotationConfigServletWebServerApplicationContext@4e7d500b
2026-06-05 12:38:05.331 [restartedMain] INFO  org.springframework.boot.tomcat.TomcatWebServer - Tomcat started on port 8080 (http) with context path '/'
2026-06-05 12:38:05.336 [restartedMain] INFO  com.company.demo.DemoApplication - Started DemoApplication in 2.183 seconds (process running for 2.684)
2026-06-05 12:40:39.105 [http-nio-8080-exec-6] INFO  o.a.c.core.ContainerBase.[Tomcat].[localhost].[/] - Initializing Spring DispatcherServlet 'dispatcherServlet'
2026-06-05 12:40:39.105 [http-nio-8080-exec-6] INFO  org.springframework.web.servlet.DispatcherServlet - Initializing Servlet 'dispatcherServlet'
2026-06-05 12:40:39.106 [http-nio-8080-exec-6] INFO  org.springframework.web.servlet.DispatcherServlet - Completed initialization in 1 ms
2026-06-05 12:40:39.153 [http-nio-8080-exec-6] INFO  com.zaxxer.hikari.HikariDataSource - HikariPool-1 - Starting...
2026-06-05 12:40:39.316 [http-nio-8080-exec-6] INFO  com.zaxxer.hikari.pool.HikariPool - HikariPool-1 - Added connection com.mysql.cj.jdbc.ConnectionImpl@f1dfa84
2026-06-05 12:40:39.318 [http-nio-8080-exec-6] INFO  com.zaxxer.hikari.HikariDataSource - HikariPool-1 - Start completed.
2026-06-05 12:40:39.351 [http-nio-8080-exec-6] INFO  com.company.demo.aspect.LogAspect - 【请求开始】 {"方法":"UserController.deleteBatch","时间":"2026-06-05 12:40:39","操作":"批量删除用户","IP":"0:0:0:0:0:0:0:1","请求参数":"[null]","URL":"http://localhost:8080/api/user/deleteBatch"}
2026-06-05 12:40:39.352 [http-nio-8080-exec-6] ERROR com.company.demo.aspect.LogAspect - 【请求异常】 操作: 批量删除用户, 耗时: 5ms, 异常: 用户id为空
com.company.demo.common.BusinessException: 用户id为空
	at com.company.demo.service.UserService.deleteBatch(UserService.java:70)
	at com.company.demo.UserController.deleteBatch(UserController.java:90)
	at java.base/jdk.internal.reflect.NativeMethodAccessorImpl.invoke0(Native Method)
	at java.base/jdk.internal.reflect.NativeMethodAccessorImpl.invoke(NativeMethodAccessorImpl.java:77)
	at java.base/jdk.internal.reflect.DelegatingMethodAccessorImpl.invoke(DelegatingMethodAccessorImpl.java:43)
	at java.base/java.lang.reflect.Method.invoke(Method.java:569)
	at org.springframework.aop.support.AopUtils.invokeJoinpointUsingReflection(AopUtils.java:359)
	at org.springframework.aop.framework.ReflectiveMethodInvocation.invokeJoinpoint(ReflectiveMethodInvocation.java:190)
	at org.springframework.aop.framework.ReflectiveMethodInvocation.proceed(ReflectiveMethodInvocation.java:158)
	at org.springframework.aop.aspectj.MethodInvocationProceedingJoinPoint.proceed(MethodInvocationProceedingJoinPoint.java:82)
	at com.company.demo.aspect.LogAspect.around(LogAspect.java:80)
	at java.base/jdk.internal.reflect.NativeMethodAccessorImpl.invoke0(Native Method)
	at java.base/jdk.internal.reflect.NativeMethodAccessorImpl.invoke(NativeMethodAccessorImpl.java:77)
	at java.base/jdk.internal.reflect.DelegatingMethodAccessorImpl.invoke(DelegatingMethodAccessorImpl.java:43)
	at java.base/java.lang.reflect.Method.invoke(Method.java:569)
	at org.springframework.aop.aspectj.AbstractAspectJAdvice.invokeAdviceMethodWithGivenArgs(AbstractAspectJAdvice.java:648)
	at org.springframework.aop.aspectj.AbstractAspectJAdvice.invokeAdviceMethod(AbstractAspectJAdvice.java:630)
	at org.springframework.aop.aspectj.AspectJAroundAdvice.invoke(AspectJAroundAdvice.java:70)
	at org.springframework.aop.framework.ReflectiveMethodInvocation.proceed(ReflectiveMethodInvocation.java:168)
	at org.springframework.transaction.interceptor.TransactionInterceptor$1.proceedWithInvocation(TransactionInterceptor.java:133)
	at org.springframework.transaction.interceptor.TransactionAspectSupport.invokeWithinTransaction(TransactionAspectSupport.java:371)
	at org.springframework.transaction.interceptor.TransactionInterceptor.invoke(TransactionInterceptor.java:130)
	at org.springframework.aop.framework.ReflectiveMethodInvocation.proceed(ReflectiveMethodInvocation.java:179)
	at org.springframework.aop.interceptor.ExposeInvocationInterceptor.invoke(ExposeInvocationInterceptor.java:96)
	at org.springframework.aop.framework.ReflectiveMethodInvocation.proceed(ReflectiveMethodInvocation.java:179)
	at org.springframework.aop.framework.CglibAopProxy$DynamicAdvisedInterceptor.intercept(CglibAopProxy.java:719)
	at com.company.demo.UserController$$SpringCGLIB$$0.deleteBatch(<generated>)
	at java.base/jdk.internal.reflect.NativeMethodAccessorImpl.invoke0(Native Method)
	at java.base/jdk.internal.reflect.NativeMethodAccessorImpl.invoke(NativeMethodAccessorImpl.java:77)
	at java.base/jdk.internal.reflect.DelegatingMethodAccessorImpl.invoke(DelegatingMethodAccessorImpl.java:43)
	at java.base/java.lang.reflect.Method.invoke(Method.java:569)
	at org.springframework.web.method.support.InvocableHandlerMethod.doInvoke(InvocableHandlerMethod.java:252)
	at org.springframework.web.method.support.InvocableHandlerMethod.invokeForRequest(InvocableHandlerMethod.java:184)
	at org.springframework.web.servlet.mvc.method.annotation.ServletInvocableHandlerMethod.invokeAndHandle(ServletInvocableHandlerMethod.java:117)
	at org.springframework.web.servlet.mvc.method.annotation.RequestMappingHandlerAdapter.invokeHandlerMethod(RequestMappingHandlerAdapter.java:934)
	at org.springframework.web.servlet.mvc.method.annotation.RequestMappingHandlerAdapter.handleInternal(RequestMappingHandlerAdapter.java:853)
	at org.springframework.web.servlet.mvc.method.AbstractHandlerMethodAdapter.handle(AbstractHandlerMethodAdapter.java:86)
	at org.springframework.web.servlet.DispatcherServlet.doDispatch(DispatcherServlet.java:963)
	at org.springframework.web.servlet.DispatcherServlet.doService(DispatcherServlet.java:866)
	at org.springframework.web.servlet.FrameworkServlet.processRequest(FrameworkServlet.java:1000)
	at org.springframework.web.servlet.FrameworkServlet.doDelete(FrameworkServlet.java:925)
	at jakarta.servlet.http.HttpServlet.service(HttpServlet.java:651)
	at org.springframework.web.servlet.FrameworkServlet.service(FrameworkServlet.java:874)
	at jakarta.servlet.http.HttpServlet.service(HttpServlet.java:710)
	at org.apache.catalina.core.ApplicationFilterChain.doFilter(ApplicationFilterChain.java:128)
	at org.apache.tomcat.websocket.server.WsFilter.doFilter(WsFilter.java:53)
	at org.apache.catalina.core.ApplicationFilterChain.doFilter(ApplicationFilterChain.java:107)
	at org.springframework.web.filter.RequestContextFilter.doFilterInternal(RequestContextFilter.java:100)
	at org.springframework.web.filter.OncePerRequestFilter.doFilter(OncePerRequestFilter.java:116)
	at org.apache.catalina.core.ApplicationFilterChain.doFilter(ApplicationFilterChain.java:107)
	at org.springframework.web.filter.FormContentFilter.doFilterInternal(FormContentFilter.java:93)
	at org.springframework.web.filter.OncePerRequestFilter.doFilter(OncePerRequestFilter.java:116)
	at org.apache.catalina.core.ApplicationFilterChain.doFilter(ApplicationFilterChain.java:107)
	at org.springframework.web.filter.CharacterEncodingFilter.doFilterInternal(CharacterEncodingFilter.java:199)
	at org.springframework.web.filter.OncePerRequestFilter.doFilter(OncePerRequestFilter.java:116)
	at org.apache.catalina.core.ApplicationFilterChain.doFilter(ApplicationFilterChain.java:107)
	at org.apache.catalina.core.StandardWrapperValve.invoke(StandardWrapperValve.java:165)
	at org.apache.catalina.core.StandardContextValve.invoke(StandardContextValve.java:77)
	at org.apache.catalina.authenticator.AuthenticatorBase.invoke(AuthenticatorBase.java:492)
	at org.apache.catalina.core.StandardHostValve.invoke(StandardHostValve.java:113)
	at org.apache.catalina.valves.ErrorReportValve.invoke(ErrorReportValve.java:83)
	at org.apache.catalina.core.StandardEngineValve.invoke(StandardEngineValve.java:72)
	at org.apache.catalina.connector.CoyoteAdapter.service(CoyoteAdapter.java:341)
	at org.apache.coyote.http11.Http11Processor.service(Http11Processor.java:397)
	at org.apache.coyote.AbstractProcessorLight.process(AbstractProcessorLight.java:63)
	at org.apache.coyote.AbstractProtocol$ConnectionHandler.process(AbstractProtocol.java:903)
	at org.apache.tomcat.util.net.NioEndpoint$SocketProcessor.doRun(NioEndpoint.java:1801)
	at org.apache.tomcat.util.net.SocketProcessorBase.run(SocketProcessorBase.java:52)
	at org.apache.tomcat.util.threads.ThreadPoolExecutor.runWorker(ThreadPoolExecutor.java:946)
	at org.apache.tomcat.util.threads.ThreadPoolExecutor$Worker.run(ThreadPoolExecutor.java:480)
	at org.apache.tomcat.util.threads.TaskThread$WrappingRunnable.run(TaskThread.java:57)
	at java.base/java.lang.Thread.run(Thread.java:840)
2026-06-05 12:40:39.449 [http-nio-8080-exec-6] WARN  o.s.w.s.m.m.a.ExceptionHandlerExceptionResolver - Resolved [com.company.demo.common.BusinessException: 用户id为空]
2026-06-05 12:43:58.976 [File Watcher] INFO  o.s.b.d.a.LocalDevToolsAutoConfiguration$RestartingClassPathChangeChangedEventListener - Restarting due to 1 class path change (0 additions, 1 deletion, 0 modifications)
2026-06-05 12:43:58.983 [Thread-1] INFO  org.springframework.boot.tomcat.GracefulShutdown - Commencing graceful shutdown. Waiting for active requests to complete
2026-06-05 12:43:59.029 [tomcat-shutdown] INFO  org.springframework.boot.tomcat.GracefulShutdown - Graceful shutdown complete
2026-06-05 12:43:59.033 [Thread-1] INFO  com.zaxxer.hikari.HikariDataSource - HikariPool-1 - Shutdown initiated...
2026-06-05 12:43:59.040 [Thread-1] INFO  com.zaxxer.hikari.HikariDataSource - HikariPool-1 - Shutdown completed.
2026-06-05 12:43:59.090 [restartedMain] INFO  com.company.demo.DemoApplication - Starting DemoApplication using Java 17.0.19 with PID 4592 (D:\Work\Workspace\demo\target\classes started by jiaolei in D:\Work\Workspace\demo)
2026-06-05 12:43:59.090 [restartedMain] DEBUG com.company.demo.DemoApplication - Running with Spring Boot v4.0.6, Spring v7.0.7
2026-06-05 12:43:59.090 [restartedMain] INFO  com.company.demo.DemoApplication - No active profile set, falling back to 1 default profile: "default"
2026-06-05 12:43:59.296 [restartedMain] INFO  org.springframework.boot.tomcat.TomcatWebServer - Tomcat initialized with port 8080 (http)
2026-06-05 12:43:59.296 [restartedMain] INFO  org.apache.catalina.core.StandardService - Starting service [Tomcat]
2026-06-05 12:43:59.297 [restartedMain] INFO  org.apache.catalina.core.StandardEngine - Starting Servlet engine: [Apache Tomcat/11.0.21]
2026-06-05 12:43:59.330 [restartedMain] INFO  o.s.b.w.c.servlet.WebApplicationContextInitializer - Root WebApplicationContext: initialization completed in 239 ms
2026-06-05 12:43:59.353 [restartedMain] WARN  o.s.b.w.s.s.c.AnnotationConfigServletWebServerApplicationContext - Exception encountered during context initialization - cancelling refresh attempt: org.springframework.beans.factory.UnsatisfiedDependencyException: Error creating bean with name 'userController': Unsatisfied dependency expressed through field 'userService': No qualifying bean of type 'com.company.demo.service.UserService' available: expected at least 1 bean which qualifies as autowire candidate. Dependency annotations: {@org.springframework.beans.factory.annotation.Autowired(required=true)}
2026-06-05 12:43:59.354 [restartedMain] INFO  org.apache.catalina.core.StandardService - Stopping service [Tomcat]
2026-06-05 12:43:59.358 [restartedMain] INFO  o.s.b.a.logging.ConditionEvaluationReportLogger - 

Error starting ApplicationContext. To display the condition evaluation report re-run your application with 'debug' enabled.
2026-06-05 12:43:59.374 [restartedMain] ERROR o.s.b.diagnostics.LoggingFailureAnalysisReporter - 

***************************
APPLICATION FAILED TO START
***************************

Description:

Field userService in com.company.demo.UserController required a bean of type 'com.company.demo.service.UserService' that could not be found.

The injection point has the following annotations:
	- @org.springframework.beans.factory.annotation.Autowired(required=true)


Action:

Consider defining a bean of type 'com.company.demo.service.UserService' in your configuration.

2026-06-05 12:44:00.861 [restartedMain] INFO  com.company.demo.DemoApplication - Starting DemoApplication using Java 17.0.19 with PID 4592 (D:\Work\Workspace\demo\target\classes started by jiaolei in D:\Work\Workspace\demo)
2026-06-05 12:44:00.861 [restartedMain] DEBUG com.company.demo.DemoApplication - Running with Spring Boot v4.0.6, Spring v7.0.7
2026-06-05 12:44:00.861 [restartedMain] INFO  com.company.demo.DemoApplication - No active profile set, falling back to 1 default profile: "default"
2026-06-05 12:44:01.065 [restartedMain] INFO  org.springframework.boot.tomcat.TomcatWebServer - Tomcat initialized with port 8080 (http)
2026-06-05 12:44:01.066 [restartedMain] INFO  org.apache.catalina.core.StandardService - Starting service [Tomcat]
2026-06-05 12:44:01.067 [restartedMain] INFO  org.apache.catalina.core.StandardEngine - Starting Servlet engine: [Apache Tomcat/11.0.21]
2026-06-05 12:44:01.093 [restartedMain] INFO  o.s.b.w.c.servlet.WebApplicationContextInitializer - Root WebApplicationContext: initialization completed in 230 ms
2026-06-05 12:44:01.430 [restartedMain] INFO  c.b.m.e.spring.MybatisPlusApplicationContextAware - Register ApplicationContext instances org.springframework.boot.web.server.servlet.context.AnnotationConfigServletWebServerApplicationContext@72c77889
2026-06-05 12:44:01.492 [restartedMain] INFO  org.springframework.boot.tomcat.TomcatWebServer - Tomcat started on port 8080 (http) with context path '/'
2026-06-05 12:44:01.494 [restartedMain] INFO  com.company.demo.DemoApplication - Started DemoApplication in 0.675 seconds (process running for 358.841)
2026-06-05 12:44:01.495 [restartedMain] INFO  o.s.b.d.a.ConditionEvaluationDeltaLoggingListener - Condition evaluation unchanged
2026-06-05 12:50:05.984 [File Watcher] INFO  o.s.b.d.a.LocalDevToolsAutoConfiguration$RestartingClassPathChangeChangedEventListener - Restarting due to 18 class path changes (0 additions, 17 deletions, 1 modification)
2026-06-05 12:50:05.986 [Thread-5] INFO  org.springframework.boot.tomcat.GracefulShutdown - Commencing graceful shutdown. Waiting for active requests to complete
2026-06-05 12:50:06.026 [tomcat-shutdown] INFO  org.springframework.boot.tomcat.GracefulShutdown - Graceful shutdown complete
2026-06-05 12:50:06.094 [restartedMain] INFO  com.company.demo.DemoApplication - Starting DemoApplication using Java 17.0.19 with PID 4592 (D:\Work\Workspace\demo\target\classes started by jiaolei in D:\Work\Workspace\demo)
2026-06-05 12:50:06.094 [restartedMain] DEBUG com.company.demo.DemoApplication - Running with Spring Boot v4.0.6, Spring v7.0.7
2026-06-05 12:50:06.094 [restartedMain] INFO  com.company.demo.DemoApplication - No active profile set, falling back to 1 default profile: "default"
2026-06-05 12:50:06.195 [restartedMain] WARN  org.mybatis.spring.mapper.ClassPathMapperScanner - No MyBatis mapper was found in '[com.company.demo.mapper]' package. Please check your configuration.
2026-06-05 12:50:06.225 [restartedMain] INFO  org.springframework.boot.tomcat.TomcatWebServer - Tomcat initialized with port 8080 (http)
2026-06-05 12:50:06.226 [restartedMain] INFO  org.apache.catalina.core.StandardService - Starting service [Tomcat]
2026-06-05 12:50:06.226 [restartedMain] INFO  org.apache.catalina.core.StandardEngine - Starting Servlet engine: [Apache Tomcat/11.0.21]
2026-06-05 12:50:06.254 [restartedMain] INFO  o.s.b.w.c.servlet.WebApplicationContextInitializer - Root WebApplicationContext: initialization completed in 158 ms
2026-06-05 12:50:06.441 [restartedMain] INFO  c.b.m.e.spring.MybatisPlusApplicationContextAware - Register ApplicationContext instances org.springframework.boot.web.server.servlet.context.AnnotationConfigServletWebServerApplicationContext@3e938b82
2026-06-05 12:50:06.466 [restartedMain] INFO  org.springframework.boot.tomcat.TomcatWebServer - Tomcat started on port 8080 (http) with context path '/'
2026-06-05 12:50:06.468 [restartedMain] INFO  com.company.demo.DemoApplication - Started DemoApplication in 0.39 seconds (process running for 723.816)
2026-06-05 12:50:06.468 [restartedMain] INFO  o.s.b.d.a.ConditionEvaluationDeltaLoggingListener - Condition evaluation unchanged
2026-06-05 12:50:08.309 [File Watcher] INFO  o.s.b.d.a.LocalDevToolsAutoConfiguration$RestartingClassPathChangeChangedEventListener - Restarting due to 17 class path changes (17 additions, 0 deletions, 0 modifications)
2026-06-05 12:50:08.310 [Thread-12] INFO  org.springframework.boot.tomcat.GracefulShutdown - Commencing graceful shutdown. Waiting for active requests to complete
2026-06-05 12:50:08.344 [tomcat-shutdown] INFO  org.springframework.boot.tomcat.GracefulShutdown - Graceful shutdown complete
2026-06-05 12:50:08.395 [restartedMain] INFO  com.company.demo.DemoApplication - Starting DemoApplication using Java 17.0.19 with PID 4592 (D:\Work\Workspace\demo\target\classes started by jiaolei in D:\Work\Workspace\demo)
2026-06-05 12:50:08.395 [restartedMain] DEBUG com.company.demo.DemoApplication - Running with Spring Boot v4.0.6, Spring v7.0.7
2026-06-05 12:50:08.395 [restartedMain] INFO  com.company.demo.DemoApplication - No active profile set, falling back to 1 default profile: "default"
2026-06-05 12:50:08.540 [restartedMain] INFO  org.springframework.boot.tomcat.TomcatWebServer - Tomcat initialized with port 8080 (http)
2026-06-05 12:50:08.540 [restartedMain] INFO  org.apache.catalina.core.StandardService - Starting service [Tomcat]
2026-06-05 12:50:08.541 [restartedMain] INFO  org.apache.catalina.core.StandardEngine - Starting Servlet engine: [Apache Tomcat/11.0.21]
2026-06-05 12:50:08.565 [restartedMain] INFO  o.s.b.w.c.servlet.WebApplicationContextInitializer - Root WebApplicationContext: initialization completed in 169 ms
2026-06-05 12:50:08.821 [restartedMain] INFO  c.b.m.e.spring.MybatisPlusApplicationContextAware - Register ApplicationContext instances org.springframework.boot.web.server.servlet.context.AnnotationConfigServletWebServerApplicationContext@16fd3487
2026-06-05 12:50:08.867 [restartedMain] INFO  org.springframework.boot.tomcat.TomcatWebServer - Tomcat started on port 8080 (http) with context path '/'
2026-06-05 12:50:08.869 [restartedMain] INFO  com.company.demo.DemoApplication - Started DemoApplication in 0.485 seconds (process running for 726.216)
2026-06-05 12:50:08.869 [restartedMain] INFO  o.s.b.d.a.ConditionEvaluationDeltaLoggingListener - Condition evaluation unchanged
2026-06-05 12:55:16.955 [File Watcher] INFO  o.s.b.d.a.LocalDevToolsAutoConfiguration$RestartingClassPathChangeChangedEventListener - Restarting due to 2 class path changes (0 additions, 2 deletions, 0 modifications)
2026-06-05 12:55:16.957 [Thread-16] INFO  org.springframework.boot.tomcat.GracefulShutdown - Commencing graceful shutdown. Waiting for active requests to complete
2026-06-05 12:55:16.996 [tomcat-shutdown] INFO  org.springframework.boot.tomcat.GracefulShutdown - Graceful shutdown complete
2026-06-05 12:55:17.059 [restartedMain] INFO  com.company.demo.DemoApplication - Starting DemoApplication using Java 17.0.19 with PID 4592 (D:\Work\Workspace\demo\target\classes started by jiaolei in D:\Work\Workspace\demo)
2026-06-05 12:55:17.059 [restartedMain] DEBUG com.company.demo.DemoApplication - Running with Spring Boot v4.0.6, Spring v7.0.7
2026-06-05 12:55:17.060 [restartedMain] INFO  com.company.demo.DemoApplication - No active profile set, falling back to 1 default profile: "default"
2026-06-05 12:55:17.197 [restartedMain] INFO  org.springframework.boot.tomcat.TomcatWebServer - Tomcat initialized with port 8080 (http)
2026-06-05 12:55:17.197 [restartedMain] INFO  org.apache.catalina.core.StandardService - Starting service [Tomcat]
2026-06-05 12:55:17.197 [restartedMain] INFO  org.apache.catalina.core.StandardEngine - Starting Servlet engine: [Apache Tomcat/11.0.21]
2026-06-05 12:55:17.227 [restartedMain] INFO  o.s.b.w.c.servlet.WebApplicationContextInitializer - Root WebApplicationContext: initialization completed in 166 ms
2026-06-05 12:55:17.451 [restartedMain] INFO  c.b.m.e.spring.MybatisPlusApplicationContextAware - Register ApplicationContext instances org.springframework.boot.web.server.servlet.context.AnnotationConfigServletWebServerApplicationContext@6bb87e22
2026-06-05 12:55:17.476 [restartedMain] INFO  org.springframework.boot.tomcat.TomcatWebServer - Tomcat started on port 8080 (http) with context path '/'
2026-06-05 12:55:17.478 [restartedMain] INFO  com.company.demo.DemoApplication - Started DemoApplication in 0.433 seconds (process running for 1034.826)
2026-06-05 12:55:17.479 [restartedMain] INFO  o.s.b.d.a.ConditionEvaluationDeltaLoggingListener - Condition evaluation unchanged
2026-06-05 12:55:18.898 [File Watcher] INFO  o.s.b.d.a.LocalDevToolsAutoConfiguration$RestartingClassPathChangeChangedEventListener - Restarting due to 2 class path changes (2 additions, 0 deletions, 0 modifications)
2026-06-05 12:55:18.900 [Thread-20] INFO  org.springframework.boot.tomcat.GracefulShutdown - Commencing graceful shutdown. Waiting for active requests to complete
2026-06-05 12:55:18.935 [tomcat-shutdown] INFO  org.springframework.boot.tomcat.GracefulShutdown - Graceful shutdown complete
2026-06-05 12:55:18.995 [restartedMain] INFO  com.company.demo.DemoApplication - Starting DemoApplication using Java 17.0.19 with PID 4592 (D:\Work\Workspace\demo\target\classes started by jiaolei in D:\Work\Workspace\demo)
2026-06-05 12:55:18.995 [restartedMain] DEBUG com.company.demo.DemoApplication - Running with Spring Boot v4.0.6, Spring v7.0.7
2026-06-05 12:55:18.996 [restartedMain] INFO  com.company.demo.DemoApplication - No active profile set, falling back to 1 default profile: "default"
2026-06-05 12:55:19.147 [restartedMain] INFO  org.springframework.boot.tomcat.TomcatWebServer - Tomcat initialized with port 8080 (http)
2026-06-05 12:55:19.148 [restartedMain] INFO  org.apache.catalina.core.StandardService - Starting service [Tomcat]
2026-06-05 12:55:19.148 [restartedMain] INFO  org.apache.catalina.core.StandardEngine - Starting Servlet engine: [Apache Tomcat/11.0.21]
2026-06-05 12:55:19.175 [restartedMain] INFO  o.s.b.w.c.servlet.WebApplicationContextInitializer - Root WebApplicationContext: initialization completed in 178 ms
2026-06-05 12:55:19.440 [restartedMain] INFO  c.b.m.e.spring.MybatisPlusApplicationContextAware - Register ApplicationContext instances org.springframework.boot.web.server.servlet.context.AnnotationConfigServletWebServerApplicationContext@21f39197
2026-06-05 12:55:19.490 [restartedMain] INFO  org.springframework.boot.tomcat.TomcatWebServer - Tomcat started on port 8080 (http) with context path '/'
2026-06-05 12:55:19.492 [restartedMain] INFO  com.company.demo.DemoApplication - Started DemoApplication in 0.511 seconds (process running for 1036.84)
2026-06-05 12:55:19.493 [restartedMain] INFO  o.s.b.d.a.ConditionEvaluationDeltaLoggingListener - Condition evaluation unchanged
2026-06-05 12:55:31.040 [SpringApplicationShutdownHook] INFO  org.springframework.boot.tomcat.GracefulShutdown - Commencing graceful shutdown. Waiting for active requests to complete
2026-06-05 12:55:31.104 [tomcat-shutdown] INFO  org.springframework.boot.tomcat.GracefulShutdown - Graceful shutdown complete
2026-06-05 13:27:43.934 [restartedMain] INFO  com.company.demo.DemoApplication - Starting DemoApplication using Java 17.0.19 with PID 7444 (D:\Work\Workspace\demo\target\classes started by jiaolei in D:\Work\Workspace\demo)
2026-06-05 13:27:43.936 [restartedMain] DEBUG com.company.demo.DemoApplication - Running with Spring Boot v4.0.6, Spring v7.0.7
2026-06-05 13:27:43.937 [restartedMain] INFO  com.company.demo.DemoApplication - No active profile set, falling back to 1 default profile: "default"
2026-06-05 13:27:43.982 [restartedMain] INFO  o.s.b.d.env.DevToolsPropertyDefaultsPostProcessor - Devtools property defaults active! Set 'spring.devtools.add-properties' to 'false' to disable
2026-06-05 13:27:43.982 [restartedMain] INFO  o.s.b.d.env.DevToolsPropertyDefaultsPostProcessor - For additional web related logging consider setting the 'logging.level.web' property to 'DEBUG'
2026-06-05 13:27:45.144 [restartedMain] INFO  org.springframework.boot.tomcat.TomcatWebServer - Tomcat initialized with port 8080 (http)
2026-06-05 13:27:45.156 [restartedMain] INFO  org.apache.catalina.core.StandardService - Starting service [Tomcat]
2026-06-05 13:27:45.156 [restartedMain] INFO  org.apache.catalina.core.StandardEngine - Starting Servlet engine: [Apache Tomcat/11.0.21]
2026-06-05 13:27:45.212 [restartedMain] INFO  o.s.b.w.c.servlet.WebApplicationContextInitializer - Root WebApplicationContext: initialization completed in 1229 ms
2026-06-05 13:27:45.774 [restartedMain] WARN  o.s.b.w.s.s.c.AnnotationConfigServletWebServerApplicationContext - Exception encountered during context initialization - cancelling refresh attempt: org.springframework.beans.factory.BeanCreationException: Error creating bean with name 'jwtUtil' defined in file [D:\Work\Workspace\demo\target\classes\com\company\demo\utils\JwtUtil.class]: null
2026-06-05 13:27:45.778 [restartedMain] INFO  org.apache.catalina.core.StandardService - Stopping service [Tomcat]
2026-06-05 13:27:45.789 [restartedMain] INFO  o.s.b.a.logging.ConditionEvaluationReportLogger - 

Error starting ApplicationContext. To display the condition evaluation report re-run your application with 'debug' enabled.
2026-06-05 13:27:45.805 [restartedMain] ERROR org.springframework.boot.SpringApplication - Application run failed
org.springframework.beans.factory.BeanCreationException: Error creating bean with name 'jwtUtil' defined in file [D:\Work\Workspace\demo\target\classes\com\company\demo\utils\JwtUtil.class]: null
	at org.springframework.beans.factory.support.AbstractAutowireCapableBeanFactory.instantiateBean(AbstractAutowireCapableBeanFactory.java:1344)
	at org.springframework.beans.factory.support.AbstractAutowireCapableBeanFactory.createBeanInstance(AbstractAutowireCapableBeanFactory.java:1231)
	at org.springframework.beans.factory.support.AbstractAutowireCapableBeanFactory.doCreateBean(AbstractAutowireCapableBeanFactory.java:565)
	at org.springframework.beans.factory.support.AbstractAutowireCapableBeanFactory.createBean(AbstractAutowireCapableBeanFactory.java:525)
	at org.springframework.beans.factory.support.AbstractBeanFactory.lambda$doGetBean$0(AbstractBeanFactory.java:333)
	at org.springframework.beans.factory.support.DefaultSingletonBeanRegistry.getSingleton(DefaultSingletonBeanRegistry.java:371)
	at org.springframework.beans.factory.support.AbstractBeanFactory.doGetBean(AbstractBeanFactory.java:331)
	at org.springframework.beans.factory.support.AbstractBeanFactory.getBean(AbstractBeanFactory.java:196)
	at org.springframework.beans.factory.support.DefaultListableBeanFactory.instantiateSingleton(DefaultListableBeanFactory.java:1218)
	at org.springframework.beans.factory.support.DefaultListableBeanFactory.preInstantiateSingleton(DefaultListableBeanFactory.java:1184)
	at org.springframework.beans.factory.support.DefaultListableBeanFactory.preInstantiateSingletons(DefaultListableBeanFactory.java:1121)
	at org.springframework.context.support.AbstractApplicationContext.finishBeanFactoryInitialization(AbstractApplicationContext.java:994)
	at org.springframework.context.support.AbstractApplicationContext.refresh(AbstractApplicationContext.java:621)
	at org.springframework.boot.web.server.servlet.context.ServletWebServerApplicationContext.refresh(ServletWebServerApplicationContext.java:143)
	at org.springframework.boot.SpringApplication.refresh(SpringApplication.java:756)
	at org.springframework.boot.SpringApplication.refreshContext(SpringApplication.java:445)
	at org.springframework.boot.SpringApplication.run(SpringApplication.java:321)
	at org.springframework.boot.SpringApplication.run(SpringApplication.java:1365)
	at org.springframework.boot.SpringApplication.run(SpringApplication.java:1354)
	at com.company.demo.DemoApplication.main(DemoApplication.java:16)
	at java.base/jdk.internal.reflect.NativeMethodAccessorImpl.invoke0(Native Method)
	at java.base/jdk.internal.reflect.NativeMethodAccessorImpl.invoke(NativeMethodAccessorImpl.java:77)
	at java.base/jdk.internal.reflect.DelegatingMethodAccessorImpl.invoke(DelegatingMethodAccessorImpl.java:43)
	at java.base/java.lang.reflect.Method.invoke(Method.java:569)
	at org.springframework.boot.devtools.restart.RestartLauncher.run(RestartLauncher.java:52)
Caused by: java.lang.ExceptionInInitializerError
	at java.base/jdk.internal.reflect.NativeConstructorAccessorImpl.newInstance0(Native Method)
	at java.base/jdk.internal.reflect.NativeConstructorAccessorImpl.newInstance(NativeConstructorAccessorImpl.java:77)
	at java.base/jdk.internal.reflect.DelegatingConstructorAccessorImpl.newInstance(DelegatingConstructorAccessorImpl.java:45)
	at java.base/java.lang.reflect.Constructor.newInstanceWithCaller(Constructor.java:500)
	at java.base/java.lang.reflect.Constructor.newInstance(Constructor.java:481)
	at org.springframework.beans.BeanUtils.instantiateClass(BeanUtils.java:194)
	at org.springframework.beans.factory.support.SimpleInstantiationStrategy.instantiate(SimpleInstantiationStrategy.java:106)
	at org.springframework.beans.factory.support.AbstractAutowireCapableBeanFactory.instantiateBean(AbstractAutowireCapableBeanFactory.java:1338)
	... 24 common frames omitted
Caused by: java.lang.IllegalStateException: Unable to invoke class method io.jsonwebtoken.impl.crypto.MacProvider#generateKey.  Ensure the necessary implementation is in the runtime classpath.
	at io.jsonwebtoken.lang.Classes.invokeStatic(Classes.java:211)
	at io.jsonwebtoken.security.Keys.secretKeyFor(Keys.java:137)
	at com.company.demo.utils.JwtUtil.<clinit>(JwtUtil.java:20)
	... 32 common frames omitted
Caused by: io.jsonwebtoken.lang.UnknownClassException: Unable to load class named [io.jsonwebtoken.impl.crypto.MacProvider] from the thread context, current, or system/application ClassLoaders.  All heuristics have been exhausted.  Class could not be found.  Have you remembered to include the jjwt-impl.jar in your runtime classpath?
	at io.jsonwebtoken.lang.Classes.forName(Classes.java:93)
	at io.jsonwebtoken.lang.Classes.invokeStatic(Classes.java:204)
	... 34 common frames omitted
2026-06-05 13:32:06.601 [restartedMain] INFO  com.company.demo.DemoApplication - Starting DemoApplication using Java 17.0.19 with PID 20620 (D:\Work\Workspace\demo\target\classes started by jiaolei in D:\Work\Workspace\demo)
2026-06-05 13:32:06.603 [restartedMain] DEBUG com.company.demo.DemoApplication - Running with Spring Boot v4.0.6, Spring v7.0.7
2026-06-05 13:32:06.604 [restartedMain] INFO  com.company.demo.DemoApplication - No active profile set, falling back to 1 default profile: "default"
2026-06-05 13:32:06.642 [restartedMain] INFO  o.s.b.d.env.DevToolsPropertyDefaultsPostProcessor - Devtools property defaults active! Set 'spring.devtools.add-properties' to 'false' to disable
2026-06-05 13:32:06.642 [restartedMain] INFO  o.s.b.d.env.DevToolsPropertyDefaultsPostProcessor - For additional web related logging consider setting the 'logging.level.web' property to 'DEBUG'
2026-06-05 13:32:07.784 [restartedMain] INFO  org.springframework.boot.tomcat.TomcatWebServer - Tomcat initialized with port 8080 (http)
2026-06-05 13:32:07.797 [restartedMain] INFO  org.apache.catalina.core.StandardService - Starting service [Tomcat]
2026-06-05 13:32:07.797 [restartedMain] INFO  org.apache.catalina.core.StandardEngine - Starting Servlet engine: [Apache Tomcat/11.0.21]
2026-06-05 13:32:07.876 [restartedMain] INFO  o.s.b.w.c.servlet.WebApplicationContextInitializer - Root WebApplicationContext: initialization completed in 1233 ms
2026-06-05 13:32:08.731 [restartedMain] INFO  c.b.m.e.spring.MybatisPlusApplicationContextAware - Register ApplicationContext instances org.springframework.boot.web.server.servlet.context.AnnotationConfigServletWebServerApplicationContext@4e7d500b
2026-06-05 13:32:08.902 [restartedMain] INFO  org.springframework.boot.tomcat.TomcatWebServer - Tomcat started on port 8080 (http) with context path '/'
2026-06-05 13:32:08.908 [restartedMain] INFO  com.company.demo.DemoApplication - Started DemoApplication in 2.661 seconds (process running for 3.262)
2026-06-05 13:39:04.175 [File Watcher] INFO  o.s.b.d.a.LocalDevToolsAutoConfiguration$RestartingClassPathChangeChangedEventListener - Restarting due to 1 class path change (0 additions, 0 deletions, 1 modification)
2026-06-05 13:39:04.181 [Thread-1] INFO  org.springframework.boot.tomcat.GracefulShutdown - Commencing graceful shutdown. Waiting for active requests to complete
2026-06-05 13:39:04.225 [tomcat-shutdown] INFO  org.springframework.boot.tomcat.GracefulShutdown - Graceful shutdown complete
2026-06-05 13:39:04.279 [restartedMain] INFO  com.company.demo.DemoApplication - Starting DemoApplication using Java 17.0.19 with PID 20620 (D:\Work\Workspace\demo\target\classes started by jiaolei in D:\Work\Workspace\demo)
2026-06-05 13:39:04.280 [restartedMain] DEBUG com.company.demo.DemoApplication - Running with Spring Boot v4.0.6, Spring v7.0.7
2026-06-05 13:39:04.280 [restartedMain] INFO  com.company.demo.DemoApplication - No active profile set, falling back to 1 default profile: "default"
2026-06-05 13:39:04.479 [restartedMain] INFO  org.springframework.boot.tomcat.TomcatWebServer - Tomcat initialized with port 8080 (http)
2026-06-05 13:39:04.480 [restartedMain] INFO  org.apache.catalina.core.StandardService - Starting service [Tomcat]
2026-06-05 13:39:04.481 [restartedMain] INFO  org.apache.catalina.core.StandardEngine - Starting Servlet engine: [Apache Tomcat/11.0.21]
2026-06-05 13:39:04.513 [restartedMain] INFO  o.s.b.w.c.servlet.WebApplicationContextInitializer - Root WebApplicationContext: initialization completed in 231 ms
2026-06-05 13:39:04.801 [restartedMain] INFO  c.b.m.e.spring.MybatisPlusApplicationContextAware - Register ApplicationContext instances org.springframework.boot.web.server.servlet.context.AnnotationConfigServletWebServerApplicationContext@16434b47
2026-06-05 13:39:04.852 [restartedMain] INFO  org.springframework.boot.tomcat.TomcatWebServer - Tomcat started on port 8080 (http) with context path '/'
2026-06-05 13:39:04.908 [restartedMain] INFO  com.company.demo.DemoApplication - Started DemoApplication in 0.646 seconds (process running for 419.262)
2026-06-05 13:39:04.909 [restartedMain] INFO  o.s.b.d.a.ConditionEvaluationDeltaLoggingListener - Condition evaluation unchanged
2026-06-05 13:39:20.654 [SpringApplicationShutdownHook] INFO  org.springframework.boot.tomcat.GracefulShutdown - Commencing graceful shutdown. Waiting for active requests to complete
2026-06-05 13:39:20.695 [tomcat-shutdown] INFO  org.springframework.boot.tomcat.GracefulShutdown - Graceful shutdown complete
2026-06-05 13:39:24.307 [restartedMain] INFO  com.company.demo.DemoApplication - Starting DemoApplication using Java 17.0.19 with PID 30908 (D:\Work\Workspace\demo\target\classes started by jiaolei in D:\Work\Workspace\demo)
2026-06-05 13:39:24.311 [restartedMain] DEBUG com.company.demo.DemoApplication - Running with Spring Boot v4.0.6, Spring v7.0.7
2026-06-05 13:39:24.311 [restartedMain] INFO  com.company.demo.DemoApplication - No active profile set, falling back to 1 default profile: "default"
2026-06-05 13:39:24.353 [restartedMain] INFO  o.s.b.d.env.DevToolsPropertyDefaultsPostProcessor - Devtools property defaults active! Set 'spring.devtools.add-properties' to 'false' to disable
2026-06-05 13:39:24.354 [restartedMain] INFO  o.s.b.d.env.DevToolsPropertyDefaultsPostProcessor - For additional web related logging consider setting the 'logging.level.web' property to 'DEBUG'
2026-06-05 13:39:25.477 [restartedMain] INFO  org.springframework.boot.tomcat.TomcatWebServer - Tomcat initialized with port 8080 (http)
2026-06-05 13:39:25.488 [restartedMain] INFO  org.apache.catalina.core.StandardService - Starting service [Tomcat]
2026-06-05 13:39:25.488 [restartedMain] INFO  org.apache.catalina.core.StandardEngine - Starting Servlet engine: [Apache Tomcat/11.0.21]
2026-06-05 13:39:25.534 [restartedMain] INFO  o.s.b.w.c.servlet.WebApplicationContextInitializer - Root WebApplicationContext: initialization completed in 1180 ms
2026-06-05 13:39:26.456 [restartedMain] INFO  c.b.m.e.spring.MybatisPlusApplicationContextAware - Register ApplicationContext instances org.springframework.boot.web.server.servlet.context.AnnotationConfigServletWebServerApplicationContext@2bd929a
2026-06-05 13:39:26.674 [restartedMain] INFO  org.springframework.boot.tomcat.TomcatWebServer - Tomcat started on port 8080 (http) with context path '/'
2026-06-05 13:39:26.681 [restartedMain] INFO  com.company.demo.DemoApplication - Started DemoApplication in 2.728 seconds (process running for 3.285)
2026-06-05 13:41:50.785 [File Watcher] INFO  o.s.b.d.a.LocalDevToolsAutoConfiguration$RestartingClassPathChangeChangedEventListener - Restarting due to 1 class path change (1 addition, 0 deletions, 0 modifications)
2026-06-05 13:41:50.790 [Thread-1] INFO  org.springframework.boot.tomcat.GracefulShutdown - Commencing graceful shutdown. Waiting for active requests to complete
2026-06-05 13:41:50.831 [tomcat-shutdown] INFO  org.springframework.boot.tomcat.GracefulShutdown - Graceful shutdown complete
2026-06-05 13:41:50.896 [restartedMain] INFO  com.company.demo.DemoApplication - Starting DemoApplication using Java 17.0.19 with PID 30908 (D:\Work\Workspace\demo\target\classes started by jiaolei in D:\Work\Workspace\demo)
2026-06-05 13:41:50.896 [restartedMain] DEBUG com.company.demo.DemoApplication - Running with Spring Boot v4.0.6, Spring v7.0.7
2026-06-05 13:41:50.896 [restartedMain] INFO  com.company.demo.DemoApplication - No active profile set, falling back to 1 default profile: "default"
2026-06-05 13:41:51.100 [restartedMain] INFO  org.springframework.boot.tomcat.TomcatWebServer - Tomcat initialized with port 8080 (http)
2026-06-05 13:41:51.101 [restartedMain] INFO  org.apache.catalina.core.StandardService - Starting service [Tomcat]
2026-06-05 13:41:51.101 [restartedMain] INFO  org.apache.catalina.core.StandardEngine - Starting Servlet engine: [Apache Tomcat/11.0.21]
2026-06-05 13:41:51.127 [restartedMain] INFO  o.s.b.w.c.servlet.WebApplicationContextInitializer - Root WebApplicationContext: initialization completed in 229 ms
2026-06-05 13:41:51.479 [restartedMain] INFO  c.b.m.e.spring.MybatisPlusApplicationContextAware - Register ApplicationContext instances org.springframework.boot.web.server.servlet.context.AnnotationConfigServletWebServerApplicationContext@1f04c597
2026-06-05 13:41:51.531 [restartedMain] INFO  org.springframework.boot.tomcat.TomcatWebServer - Tomcat started on port 8080 (http) with context path '/'
2026-06-05 13:41:51.534 [restartedMain] INFO  com.company.demo.DemoApplication - Started DemoApplication in 0.654 seconds (process running for 148.139)
2026-06-05 13:41:51.535 [restartedMain] INFO  o.s.b.d.a.ConditionEvaluationDeltaLoggingListener - Condition evaluation unchanged
2026-06-05 13:42:05.876 [SpringApplicationShutdownHook] INFO  org.springframework.boot.tomcat.GracefulShutdown - Commencing graceful shutdown. Waiting for active requests to complete
2026-06-05 13:42:05.916 [tomcat-shutdown] INFO  org.springframework.boot.tomcat.GracefulShutdown - Graceful shutdown complete
2026-06-05 13:42:10.019 [restartedMain] INFO  com.company.demo.DemoApplication - Starting DemoApplication using Java 17.0.19 with PID 28676 (D:\Work\Workspace\demo\target\classes started by jiaolei in D:\Work\Workspace\demo)
2026-06-05 13:42:10.022 [restartedMain] DEBUG com.company.demo.DemoApplication - Running with Spring Boot v4.0.6, Spring v7.0.7
2026-06-05 13:42:10.023 [restartedMain] INFO  com.company.demo.DemoApplication - No active profile set, falling back to 1 default profile: "default"
2026-06-05 13:42:10.061 [restartedMain] INFO  o.s.b.d.env.DevToolsPropertyDefaultsPostProcessor - Devtools property defaults active! Set 'spring.devtools.add-properties' to 'false' to disable
2026-06-05 13:42:10.061 [restartedMain] INFO  o.s.b.d.env.DevToolsPropertyDefaultsPostProcessor - For additional web related logging consider setting the 'logging.level.web' property to 'DEBUG'
2026-06-05 13:42:11.216 [restartedMain] INFO  org.springframework.boot.tomcat.TomcatWebServer - Tomcat initialized with port 8080 (http)
2026-06-05 13:42:11.228 [restartedMain] INFO  org.apache.catalina.core.StandardService - Starting service [Tomcat]
2026-06-05 13:42:11.228 [restartedMain] INFO  org.apache.catalina.core.StandardEngine - Starting Servlet engine: [Apache Tomcat/11.0.21]
2026-06-05 13:42:11.299 [restartedMain] INFO  o.s.b.w.c.servlet.WebApplicationContextInitializer - Root WebApplicationContext: initialization completed in 1238 ms
2026-06-05 13:42:12.132 [restartedMain] INFO  c.b.m.e.spring.MybatisPlusApplicationContextAware - Register ApplicationContext instances org.springframework.boot.web.server.servlet.context.AnnotationConfigServletWebServerApplicationContext@4e7d500b
2026-06-05 13:42:12.320 [restartedMain] INFO  org.springframework.boot.tomcat.TomcatWebServer - Tomcat started on port 8080 (http) with context path '/'
2026-06-05 13:42:12.328 [restartedMain] INFO  com.company.demo.DemoApplication - Started DemoApplication in 2.664 seconds (process running for 3.245)
2026-06-05 13:43:05.681 [File Watcher] INFO  o.s.b.d.a.LocalDevToolsAutoConfiguration$RestartingClassPathChangeChangedEventListener - Restarting due to 1 class path change (0 additions, 1 deletion, 0 modifications)
2026-06-05 13:43:05.686 [Thread-1] INFO  org.springframework.boot.tomcat.GracefulShutdown - Commencing graceful shutdown. Waiting for active requests to complete
2026-06-05 13:43:05.728 [tomcat-shutdown] INFO  org.springframework.boot.tomcat.GracefulShutdown - Graceful shutdown complete
2026-06-05 13:43:05.783 [restartedMain] INFO  com.company.demo.DemoApplication - Starting DemoApplication using Java 17.0.19 with PID 28676 (D:\Work\Workspace\demo\target\classes started by jiaolei in D:\Work\Workspace\demo)
2026-06-05 13:43:05.783 [restartedMain] DEBUG com.company.demo.DemoApplication - Running with Spring Boot v4.0.6, Spring v7.0.7
2026-06-05 13:43:05.783 [restartedMain] INFO  com.company.demo.DemoApplication - No active profile set, falling back to 1 default profile: "default"
2026-06-05 13:43:06.004 [restartedMain] INFO  org.springframework.boot.tomcat.TomcatWebServer - Tomcat initialized with port 8080 (http)
2026-06-05 13:43:06.005 [restartedMain] INFO  org.apache.catalina.core.StandardService - Starting service [Tomcat]
2026-06-05 13:43:06.005 [restartedMain] INFO  org.apache.catalina.core.StandardEngine - Starting Servlet engine: [Apache Tomcat/11.0.21]
2026-06-05 13:43:06.032 [restartedMain] INFO  o.s.b.w.c.servlet.WebApplicationContextInitializer - Root WebApplicationContext: initialization completed in 247 ms
2026-06-05 13:43:06.345 [restartedMain] INFO  c.b.m.e.spring.MybatisPlusApplicationContextAware - Register ApplicationContext instances org.springframework.boot.web.server.servlet.context.AnnotationConfigServletWebServerApplicationContext@2f19ee20
2026-06-05 13:43:06.397 [restartedMain] INFO  org.springframework.boot.tomcat.TomcatWebServer - Tomcat started on port 8080 (http) with context path '/'
2026-06-05 13:43:06.399 [restartedMain] INFO  com.company.demo.DemoApplication - Started DemoApplication in 0.634 seconds (process running for 57.315)
2026-06-05 13:43:06.400 [restartedMain] INFO  o.s.b.d.a.ConditionEvaluationDeltaLoggingListener - Condition evaluation unchanged
2026-06-05 13:43:07.801 [File Watcher] INFO  o.s.b.d.a.LocalDevToolsAutoConfiguration$RestartingClassPathChangeChangedEventListener - Restarting due to 1 class path change (1 addition, 0 deletions, 0 modifications)
2026-06-05 13:43:07.803 [Thread-5] INFO  org.springframework.boot.tomcat.GracefulShutdown - Commencing graceful shutdown. Waiting for active requests to complete
2026-06-05 13:43:07.842 [tomcat-shutdown] INFO  org.springframework.boot.tomcat.GracefulShutdown - Graceful shutdown complete
2026-06-05 13:43:07.902 [restartedMain] INFO  com.company.demo.DemoApplication - Starting DemoApplication using Java 17.0.19 with PID 28676 (D:\Work\Workspace\demo\target\classes started by jiaolei in D:\Work\Workspace\demo)
2026-06-05 13:43:07.902 [restartedMain] DEBUG com.company.demo.DemoApplication - Running with Spring Boot v4.0.6, Spring v7.0.7
2026-06-05 13:43:07.902 [restartedMain] INFO  com.company.demo.DemoApplication - No active profile set, falling back to 1 default profile: "default"
2026-06-05 13:43:08.081 [restartedMain] INFO  org.springframework.boot.tomcat.TomcatWebServer - Tomcat initialized with port 8080 (http)
2026-06-05 13:43:08.082 [restartedMain] INFO  org.apache.catalina.core.StandardService - Starting service [Tomcat]
2026-06-05 13:43:08.082 [restartedMain] INFO  org.apache.catalina.core.StandardEngine - Starting Servlet engine: [Apache Tomcat/11.0.21]
2026-06-05 13:43:08.108 [restartedMain] INFO  o.s.b.w.c.servlet.WebApplicationContextInitializer - Root WebApplicationContext: initialization completed in 204 ms
2026-06-05 13:43:08.380 [restartedMain] INFO  c.b.m.e.spring.MybatisPlusApplicationContextAware - Register ApplicationContext instances org.springframework.boot.web.server.servlet.context.AnnotationConfigServletWebServerApplicationContext@72e8d151
2026-06-05 13:43:08.432 [restartedMain] INFO  org.springframework.boot.tomcat.TomcatWebServer - Tomcat started on port 8080 (http) with context path '/'
2026-06-05 13:43:08.435 [restartedMain] INFO  com.company.demo.DemoApplication - Started DemoApplication in 0.547 seconds (process running for 59.352)
2026-06-05 13:43:08.436 [restartedMain] INFO  o.s.b.d.a.ConditionEvaluationDeltaLoggingListener - Condition evaluation unchanged
2026-06-05 13:45:45.899 [http-nio-8080-exec-1] INFO  o.a.c.core.ContainerBase.[Tomcat].[localhost].[/] - Initializing Spring DispatcherServlet 'dispatcherServlet'
2026-06-05 13:45:45.899 [http-nio-8080-exec-1] INFO  org.springframework.web.servlet.DispatcherServlet - Initializing Servlet 'dispatcherServlet'
2026-06-05 13:45:45.901 [http-nio-8080-exec-1] INFO  org.springframework.web.servlet.DispatcherServlet - Completed initialization in 2 ms
2026-06-05 13:45:46.008 [http-nio-8080-exec-1] WARN  o.s.w.s.m.m.a.ExceptionHandlerExceptionResolver - Resolved [org.springframework.web.HttpRequestMethodNotSupportedException: Request method 'DELETE' is not supported]
2026-06-05 13:56:45.220 [http-nio-8080-exec-9] WARN  o.s.w.s.m.m.a.ExceptionHandlerExceptionResolver - Resolved [org.springframework.web.HttpRequestMethodNotSupportedException: Request method 'GET' is not supported]
2026-06-05 13:56:53.132 [http-nio-8080-exec-2] INFO  com.company.demo.controller.AuthController - 登录请求: username=admin123
2026-06-05 13:56:53.195 [http-nio-8080-exec-2] INFO  com.company.demo.controller.AuthController - 登录成功: username=admin123
2026-06-05 13:59:12.970 [http-nio-8080-exec-5] WARN  o.s.w.s.m.m.a.ExceptionHandlerExceptionResolver - Resolved [io.jsonwebtoken.MalformedJwtException: JWT strings must contain exactly 2 period characters. Found: 0]
2026-06-05 14:00:57.049 [http-nio-8080-exec-8] WARN  o.s.w.s.m.m.a.ExceptionHandlerExceptionResolver - Resolved [io.jsonwebtoken.MalformedJwtException: Malformed JWT JSON: �m��]
2026-06-05 14:14:48.670 [SpringApplicationShutdownHook] INFO  org.springframework.boot.tomcat.GracefulShutdown - Commencing graceful shutdown. Waiting for active requests to complete
2026-06-05 14:14:48.708 [tomcat-shutdown] INFO  org.springframework.boot.tomcat.GracefulShutdown - Graceful shutdown complete
2026-06-05 14:28:12.087 [restartedMain] INFO  com.company.demo.DemoApplication - Starting DemoApplication using Java 17.0.19 with PID 30620 (D:\Work\Workspace\demo\target\classes started by jiaolei in D:\Work\Workspace\demo)
2026-06-05 14:28:12.089 [restartedMain] DEBUG com.company.demo.DemoApplication - Running with Spring Boot v4.0.6, Spring v7.0.7
2026-06-05 14:28:12.090 [restartedMain] INFO  com.company.demo.DemoApplication - No active profile set, falling back to 1 default profile: "default"
2026-06-05 14:28:12.131 [restartedMain] INFO  o.s.b.d.env.DevToolsPropertyDefaultsPostProcessor - Devtools property defaults active! Set 'spring.devtools.add-properties' to 'false' to disable
2026-06-05 14:28:12.132 [restartedMain] INFO  o.s.b.d.env.DevToolsPropertyDefaultsPostProcessor - For additional web related logging consider setting the 'logging.level.web' property to 'DEBUG'
2026-06-05 14:28:13.415 [restartedMain] INFO  org.springframework.boot.tomcat.TomcatWebServer - Tomcat initialized with port 8080 (http)
2026-06-05 14:28:13.427 [restartedMain] INFO  org.apache.catalina.core.StandardService - Starting service [Tomcat]
2026-06-05 14:28:13.428 [restartedMain] INFO  org.apache.catalina.core.StandardEngine - Starting Servlet engine: [Apache Tomcat/11.0.21]
2026-06-05 14:28:13.492 [restartedMain] INFO  o.s.b.w.c.servlet.WebApplicationContextInitializer - Root WebApplicationContext: initialization completed in 1360 ms
2026-06-05 14:28:14.392 [restartedMain] INFO  c.b.m.e.spring.MybatisPlusApplicationContextAware - Register ApplicationContext instances org.springframework.boot.web.server.servlet.context.AnnotationConfigServletWebServerApplicationContext@70da1546
2026-06-05 14:28:14.601 [restartedMain] INFO  org.springframework.boot.tomcat.TomcatWebServer - Tomcat started on port 8080 (http) with context path '/'
2026-06-05 14:28:14.607 [restartedMain] INFO  com.company.demo.DemoApplication - Started DemoApplication in 2.874 seconds (process running for 3.478)
2026-06-05 14:28:33.420 [http-nio-8080-exec-1] INFO  o.a.c.core.ContainerBase.[Tomcat].[localhost].[/] - Initializing Spring DispatcherServlet 'dispatcherServlet'
2026-06-05 14:28:33.421 [http-nio-8080-exec-1] INFO  org.springframework.web.servlet.DispatcherServlet - Initializing Servlet 'dispatcherServlet'
2026-06-05 14:28:33.423 [http-nio-8080-exec-1] INFO  org.springframework.web.servlet.DispatcherServlet - Completed initialization in 2 ms
2026-06-05 14:31:10.995 [http-nio-8080-exec-6] INFO  com.company.demo.controller.AuthController - 登录请求: username=admin123
2026-06-05 14:31:11.052 [http-nio-8080-exec-6] INFO  com.company.demo.controller.AuthController - 登录成功: username=admin123
2026-06-05 14:33:49.861 [http-nio-8080-exec-5] INFO  com.company.demo.aspect.LogAspect - 【请求开始】 {"方法":"UserController.listUserByPage","时间":"2026-06-05 14:33:49","操作":"分页查询用户","IP":"0:0:0:0:0:0:0:1","请求参数":"[1,10,null]","URL":"http://localhost:8080/api/user/page"}
2026-06-05 14:33:50.050 [http-nio-8080-exec-5] INFO  com.zaxxer.hikari.HikariDataSource - HikariPool-1 - Starting...
2026-06-05 14:33:50.232 [http-nio-8080-exec-5] INFO  com.zaxxer.hikari.pool.HikariPool - HikariPool-1 - Added connection com.mysql.cj.jdbc.ConnectionImpl@5d8a8a8c
2026-06-05 14:33:50.234 [http-nio-8080-exec-5] INFO  com.zaxxer.hikari.HikariDataSource - HikariPool-1 - Start completed.
2026-06-05 14:33:50.242 [http-nio-8080-exec-5] DEBUG c.c.demo.mapper.UserMapper.selectList_mpCount - ==>  Preparing: SELECT COUNT(*) AS total FROM user
2026-06-05 14:33:50.293 [http-nio-8080-exec-5] DEBUG c.c.demo.mapper.UserMapper.selectList_mpCount - ==> Parameters: 
2026-06-05 14:33:50.332 [http-nio-8080-exec-5] DEBUG c.c.demo.mapper.UserMapper.selectList_mpCount - <==      Total: 1
2026-06-05 14:33:50.337 [http-nio-8080-exec-5] DEBUG com.company.demo.mapper.UserMapper.selectList - ==>  Preparing: SELECT id,name,age FROM user ORDER BY id DESC LIMIT ?
2026-06-05 14:33:50.339 [http-nio-8080-exec-5] DEBUG com.company.demo.mapper.UserMapper.selectList - ==> Parameters: 10(Long)
2026-06-05 14:33:50.345 [http-nio-8080-exec-5] DEBUG com.company.demo.mapper.UserMapper.selectList - <==      Total: 10
2026-06-05 14:33:50.351 [http-nio-8080-exec-5] INFO  com.company.demo.aspect.LogAspect - 【请求结束】 {"耗时":"486ms","操作":"分页查询用户","返回结果":"{\"code\":200,\"message\":\"成功\",\"data\":{\"records\":[{\"id\":36,\"name\":\"赵鹏\",\"age\":38},{\"id\":35,\"name\":\"张丽\",\"age\":36},{\"id\":34,\"name\":\"李强\",\"age\":34},{\"id\":33,\"name\":\"王磊\",\"age\":32},{\"id\":32,\"name\":\"陈飞\",\"age\":30},{\"id\":31,\"name\":\"刘娜\",\"age\":28},{\"id\":30,\"name\":\"黄娟\",\"age\":26},{\"id\":29,\"name\":\"徐静\",\"age\":24},{\"id\":28,\"name\":\"宋雪\",\"age\":22},{\"id\":27,\"name\":\"孙阳\",\"age\":20}],\"total\":31,\"size\":10,\"current\":1,\"pages\":4}}"}
2026-06-05 14:41:22.041 [HikariPool-1:housekeeper] WARN  com.zaxxer.hikari.pool.HikariPool - HikariPool-1 - Thread starvation or clock leap detected (housekeeper delta=2m31s627ms559µs700ns).
2026-06-05 14:48:28.373 [HikariPool-1:housekeeper] WARN  com.zaxxer.hikari.pool.HikariPool - HikariPool-1 - Thread starvation or clock leap detected (housekeeper delta=6m36s321ms294µs200ns).
2026-06-05 15:59:31.605 [HikariPool-1:housekeeper] WARN  com.zaxxer.hikari.pool.HikariPool - HikariPool-1 - Thread starvation or clock leap detected (housekeeper delta=1h11m3s231ms549µs400ns).
2026-06-05 16:11:54.241 [File Watcher] INFO  o.s.b.d.a.LocalDevToolsAutoConfiguration$RestartingClassPathChangeChangedEventListener - Restarting due to 1 class path change (0 additions, 0 deletions, 1 modification)
2026-06-05 16:11:54.249 [Thread-1] INFO  org.springframework.boot.tomcat.GracefulShutdown - Commencing graceful shutdown. Waiting for active requests to complete
2026-06-05 16:11:54.286 [tomcat-shutdown] INFO  org.springframework.boot.tomcat.GracefulShutdown - Graceful shutdown complete
2026-06-05 16:11:54.300 [Thread-1] INFO  com.zaxxer.hikari.HikariDataSource - HikariPool-1 - Shutdown initiated...
2026-06-05 16:11:54.302 [Thread-1] INFO  com.zaxxer.hikari.HikariDataSource - HikariPool-1 - Shutdown completed.
2026-06-05 16:11:54.363 [restartedMain] INFO  com.company.demo.DemoApplication - Starting DemoApplication using Java 17.0.19 with PID 30620 (D:\Work\Workspace\demo\target\classes started by jiaolei in D:\Work\Workspace\demo)
2026-06-05 16:11:54.363 [restartedMain] DEBUG com.company.demo.DemoApplication - Running with Spring Boot v4.0.6, Spring v7.0.7
2026-06-05 16:11:54.363 [restartedMain] INFO  com.company.demo.DemoApplication - No active profile set, falling back to 1 default profile: "default"
2026-06-05 16:11:54.588 [restartedMain] INFO  org.springframework.boot.tomcat.TomcatWebServer - Tomcat initialized with port 8080 (http)
2026-06-05 16:11:54.589 [restartedMain] INFO  org.apache.catalina.core.StandardService - Starting service [Tomcat]
2026-06-05 16:11:54.589 [restartedMain] INFO  org.apache.catalina.core.StandardEngine - Starting Servlet engine: [Apache Tomcat/11.0.21]
2026-06-05 16:11:54.618 [restartedMain] INFO  o.s.b.w.c.servlet.WebApplicationContextInitializer - Root WebApplicationContext: initialization completed in 253 ms
2026-06-05 16:11:54.915 [restartedMain] INFO  c.b.m.e.spring.MybatisPlusApplicationContextAware - Register ApplicationContext instances org.springframework.boot.web.server.servlet.context.AnnotationConfigServletWebServerApplicationContext@6c990d15
2026-06-05 16:11:54.971 [restartedMain] INFO  org.springframework.boot.tomcat.TomcatWebServer - Tomcat started on port 8080 (http) with context path '/'
2026-06-05 16:11:54.974 [restartedMain] INFO  com.company.demo.DemoApplication - Started DemoApplication in 0.63 seconds (process running for 6223.845)
2026-06-05 16:11:54.976 [restartedMain] INFO  o.s.b.d.a.ConditionEvaluationDeltaLoggingListener - Condition evaluation unchanged
2026-06-05 16:12:38.198 [File Watcher] INFO  o.s.b.d.a.LocalDevToolsAutoConfiguration$RestartingClassPathChangeChangedEventListener - Restarting due to 20 class path changes (0 additions, 19 deletions, 1 modification)
2026-06-05 16:12:38.200 [Thread-6] INFO  org.springframework.boot.tomcat.GracefulShutdown - Commencing graceful shutdown. Waiting for active requests to complete
2026-06-05 16:12:38.231 [tomcat-shutdown] INFO  org.springframework.boot.tomcat.GracefulShutdown - Graceful shutdown complete
2026-06-05 16:12:38.304 [restartedMain] INFO  com.company.demo.DemoApplication - Starting DemoApplication using Java 17.0.19 with PID 30620 (D:\Work\Workspace\demo\target\classes started by jiaolei in D:\Work\Workspace\demo)
2026-06-05 16:12:38.304 [restartedMain] DEBUG com.company.demo.DemoApplication - Running with Spring Boot v4.0.6, Spring v7.0.7
2026-06-05 16:12:38.304 [restartedMain] INFO  com.company.demo.DemoApplication - No active profile set, falling back to 1 default profile: "default"
2026-06-05 16:12:38.409 [restartedMain] WARN  org.mybatis.spring.mapper.ClassPathMapperScanner - No MyBatis mapper was found in '[com.company.demo.mapper]' package. Please check your configuration.
2026-06-05 16:12:38.443 [restartedMain] INFO  org.springframework.boot.tomcat.TomcatWebServer - Tomcat initialized with port 8080 (http)
2026-06-05 16:12:38.444 [restartedMain] INFO  org.apache.catalina.core.StandardService - Starting service [Tomcat]
2026-06-05 16:12:38.444 [restartedMain] INFO  org.apache.catalina.core.StandardEngine - Starting Servlet engine: [Apache Tomcat/11.0.21]
2026-06-05 16:12:38.480 [restartedMain] INFO  o.s.b.w.c.servlet.WebApplicationContextInitializer - Root WebApplicationContext: initialization completed in 174 ms
2026-06-05 16:12:38.675 [restartedMain] INFO  c.b.m.e.spring.MybatisPlusApplicationContextAware - Register ApplicationContext instances org.springframework.boot.web.server.servlet.context.AnnotationConfigServletWebServerApplicationContext@66e9c2c2
2026-06-05 16:12:38.700 [restartedMain] INFO  org.springframework.boot.tomcat.TomcatWebServer - Tomcat started on port 8080 (http) with context path '/'
2026-06-05 16:12:38.702 [restartedMain] INFO  com.company.demo.DemoApplication - Started DemoApplication in 0.417 seconds (process running for 6267.573)
2026-06-05 16:12:38.702 [restartedMain] INFO  o.s.b.d.a.ConditionEvaluationDeltaLoggingListener - Condition evaluation unchanged
2026-06-05 16:12:40.125 [File Watcher] INFO  o.s.b.d.a.LocalDevToolsAutoConfiguration$RestartingClassPathChangeChangedEventListener - Restarting due to 19 class path changes (19 additions, 0 deletions, 0 modifications)
2026-06-05 16:12:40.128 [Thread-10] INFO  org.springframework.boot.tomcat.GracefulShutdown - Commencing graceful shutdown. Waiting for active requests to complete
2026-06-05 16:12:40.177 [tomcat-shutdown] INFO  org.springframework.boot.tomcat.GracefulShutdown - Graceful shutdown complete
2026-06-05 16:12:40.230 [restartedMain] INFO  com.company.demo.DemoApplication - Starting DemoApplication using Java 17.0.19 with PID 30620 (D:\Work\Workspace\demo\target\classes started by jiaolei in D:\Work\Workspace\demo)
2026-06-05 16:12:40.231 [restartedMain] DEBUG com.company.demo.DemoApplication - Running with Spring Boot v4.0.6, Spring v7.0.7
2026-06-05 16:12:40.231 [restartedMain] INFO  com.company.demo.DemoApplication - No active profile set, falling back to 1 default profile: "default"
2026-06-05 16:12:40.408 [restartedMain] INFO  org.springframework.boot.tomcat.TomcatWebServer - Tomcat initialized with port 8080 (http)
2026-06-05 16:12:40.408 [restartedMain] INFO  org.apache.catalina.core.StandardService - Starting service [Tomcat]
2026-06-05 16:12:40.408 [restartedMain] INFO  org.apache.catalina.core.StandardEngine - Starting Servlet engine: [Apache Tomcat/11.0.21]
2026-06-05 16:12:40.442 [restartedMain] INFO  o.s.b.w.c.servlet.WebApplicationContextInitializer - Root WebApplicationContext: initialization completed in 209 ms
2026-06-05 16:12:40.722 [restartedMain] INFO  c.b.m.e.spring.MybatisPlusApplicationContextAware - Register ApplicationContext instances org.springframework.boot.web.server.servlet.context.AnnotationConfigServletWebServerApplicationContext@219c9fd3
2026-06-05 16:12:40.772 [restartedMain] INFO  org.springframework.boot.tomcat.TomcatWebServer - Tomcat started on port 8080 (http) with context path '/'
2026-06-05 16:12:40.774 [restartedMain] INFO  com.company.demo.DemoApplication - Started DemoApplication in 0.554 seconds (process running for 6269.644)
2026-06-05 16:12:40.774 [restartedMain] INFO  o.s.b.d.a.ConditionEvaluationDeltaLoggingListener - Condition evaluation unchanged
2026-06-05 16:12:59.576 [File Watcher] INFO  o.s.b.d.a.LocalDevToolsAutoConfiguration$RestartingClassPathChangeChangedEventListener - Restarting due to 1 class path change (0 additions, 0 deletions, 1 modification)
2026-06-05 16:12:59.578 [Thread-14] INFO  org.springframework.boot.tomcat.GracefulShutdown - Commencing graceful shutdown. Waiting for active requests to complete
2026-06-05 16:12:59.643 [tomcat-shutdown] INFO  org.springframework.boot.tomcat.GracefulShutdown - Graceful shutdown complete
2026-06-05 16:12:59.707 [restartedMain] INFO  com.company.demo.DemoApplication - Starting DemoApplication using Java 17.0.19 with PID 30620 (D:\Work\Workspace\demo\target\classes started by jiaolei in D:\Work\Workspace\demo)
2026-06-05 16:12:59.708 [restartedMain] DEBUG com.company.demo.DemoApplication - Running with Spring Boot v4.0.6, Spring v7.0.7
2026-06-05 16:12:59.708 [restartedMain] INFO  com.company.demo.DemoApplication - No active profile set, falling back to 1 default profile: "default"
2026-06-05 16:12:59.895 [restartedMain] INFO  org.springframework.boot.tomcat.TomcatWebServer - Tomcat initialized with port 8080 (http)
2026-06-05 16:12:59.896 [restartedMain] INFO  org.apache.catalina.core.StandardService - Starting service [Tomcat]
2026-06-05 16:12:59.896 [restartedMain] INFO  org.apache.catalina.core.StandardEngine - Starting Servlet engine: [Apache Tomcat/11.0.21]
2026-06-05 16:12:59.921 [restartedMain] INFO  o.s.b.w.c.servlet.WebApplicationContextInitializer - Root WebApplicationContext: initialization completed in 212 ms
2026-06-05 16:13:00.260 [restartedMain] INFO  c.b.m.e.spring.MybatisPlusApplicationContextAware - Register ApplicationContext instances org.springframework.boot.web.server.servlet.context.AnnotationConfigServletWebServerApplicationContext@5161452d
2026-06-05 16:13:00.306 [restartedMain] INFO  org.springframework.boot.tomcat.TomcatWebServer - Tomcat started on port 8080 (http) with context path '/'
2026-06-05 16:13:00.308 [restartedMain] INFO  com.company.demo.DemoApplication - Started DemoApplication in 0.619 seconds (process running for 6289.178)
2026-06-05 16:13:00.309 [restartedMain] INFO  o.s.b.d.a.ConditionEvaluationDeltaLoggingListener - Condition evaluation unchanged
2026-06-05 16:14:50.907 [File Watcher] INFO  o.s.b.d.a.LocalDevToolsAutoConfiguration$RestartingClassPathChangeChangedEventListener - Restarting due to 1 class path change (0 additions, 0 deletions, 1 modification)
2026-06-05 16:14:50.909 [Thread-18] INFO  org.springframework.boot.tomcat.GracefulShutdown - Commencing graceful shutdown. Waiting for active requests to complete
2026-06-05 16:14:50.952 [tomcat-shutdown] INFO  org.springframework.boot.tomcat.GracefulShutdown - Graceful shutdown complete
2026-06-05 16:14:51.015 [restartedMain] INFO  com.company.demo.DemoApplication - Starting DemoApplication using Java 17.0.19 with PID 30620 (D:\Work\Workspace\demo\target\classes started by jiaolei in D:\Work\Workspace\demo)
2026-06-05 16:14:51.015 [restartedMain] DEBUG com.company.demo.DemoApplication - Running with Spring Boot v4.0.6, Spring v7.0.7
2026-06-05 16:14:51.015 [restartedMain] INFO  com.company.demo.DemoApplication - No active profile set, falling back to 1 default profile: "default"
2026-06-05 16:14:51.177 [restartedMain] INFO  org.springframework.boot.tomcat.TomcatWebServer - Tomcat initialized with port 8080 (http)
2026-06-05 16:14:51.179 [restartedMain] INFO  org.apache.catalina.core.StandardService - Starting service [Tomcat]
2026-06-05 16:14:51.179 [restartedMain] INFO  org.apache.catalina.core.StandardEngine - Starting Servlet engine: [Apache Tomcat/11.0.21]
2026-06-05 16:14:51.208 [restartedMain] INFO  o.s.b.w.c.servlet.WebApplicationContextInitializer - Root WebApplicationContext: initialization completed in 191 ms
2026-06-05 16:14:51.488 [restartedMain] INFO  c.b.m.e.spring.MybatisPlusApplicationContextAware - Register ApplicationContext instances org.springframework.boot.web.server.servlet.context.AnnotationConfigServletWebServerApplicationContext@5a179b4c
2026-06-05 16:14:51.546 [restartedMain] INFO  org.springframework.boot.tomcat.TomcatWebServer - Tomcat started on port 8080 (http) with context path '/'
2026-06-05 16:14:51.548 [restartedMain] INFO  com.company.demo.DemoApplication - Started DemoApplication in 0.548 seconds (process running for 6400.419)
2026-06-05 16:14:51.549 [restartedMain] INFO  o.s.b.d.a.ConditionEvaluationDeltaLoggingListener - Condition evaluation unchanged
2026-06-05 16:14:52.973 [File Watcher] INFO  o.s.b.d.a.LocalDevToolsAutoConfiguration$RestartingClassPathChangeChangedEventListener - Restarting due to 1 class path change (1 addition, 0 deletions, 0 modifications)
2026-06-05 16:14:52.975 [Thread-22] INFO  org.springframework.boot.tomcat.GracefulShutdown - Commencing graceful shutdown. Waiting for active requests to complete
2026-06-05 16:14:53.013 [tomcat-shutdown] INFO  org.springframework.boot.tomcat.GracefulShutdown - Graceful shutdown complete
2026-06-05 16:14:53.105 [restartedMain] INFO  com.company.demo.DemoApplication - Starting DemoApplication using Java 17.0.19 with PID 30620 (D:\Work\Workspace\demo\target\classes started by jiaolei in D:\Work\Workspace\demo)
2026-06-05 16:14:53.106 [restartedMain] DEBUG com.company.demo.DemoApplication - Running with Spring Boot v4.0.6, Spring v7.0.7
2026-06-05 16:14:53.106 [restartedMain] INFO  com.company.demo.DemoApplication - No active profile set, falling back to 1 default profile: "default"
2026-06-05 16:14:53.287 [restartedMain] INFO  org.springframework.boot.tomcat.TomcatWebServer - Tomcat initialized with port 8080 (http)
2026-06-05 16:14:53.288 [restartedMain] INFO  org.apache.catalina.core.StandardService - Starting service [Tomcat]
2026-06-05 16:14:53.288 [restartedMain] INFO  org.apache.catalina.core.StandardEngine - Starting Servlet engine: [Apache Tomcat/11.0.21]
2026-06-05 16:14:53.318 [restartedMain] INFO  o.s.b.w.c.servlet.WebApplicationContextInitializer - Root WebApplicationContext: initialization completed in 211 ms
2026-06-05 16:14:53.578 [restartedMain] INFO  c.b.m.e.spring.MybatisPlusApplicationContextAware - Register ApplicationContext instances org.springframework.boot.web.server.servlet.context.AnnotationConfigServletWebServerApplicationContext@600d0ac0
2026-06-05 16:14:53.627 [restartedMain] INFO  org.springframework.boot.tomcat.TomcatWebServer - Tomcat started on port 8080 (http) with context path '/'
2026-06-05 16:14:53.629 [restartedMain] INFO  com.company.demo.DemoApplication - Started DemoApplication in 0.571 seconds (process running for 6402.499)
2026-06-05 16:14:53.630 [restartedMain] INFO  o.s.b.d.a.ConditionEvaluationDeltaLoggingListener - Condition evaluation unchanged
2026-06-05 16:15:00.166 [File Watcher] INFO  o.s.b.d.a.LocalDevToolsAutoConfiguration$RestartingClassPathChangeChangedEventListener - Restarting due to 1 class path change (0 additions, 1 deletion, 0 modifications)
2026-06-05 16:15:00.168 [Thread-26] INFO  org.springframework.boot.tomcat.GracefulShutdown - Commencing graceful shutdown. Waiting for active requests to complete
2026-06-05 16:15:00.216 [tomcat-shutdown] INFO  org.springframework.boot.tomcat.GracefulShutdown - Graceful shutdown complete
2026-06-05 16:15:00.279 [restartedMain] INFO  com.company.demo.DemoApplication - Starting DemoApplication using Java 17.0.19 with PID 30620 (D:\Work\Workspace\demo\target\classes started by jiaolei in D:\Work\Workspace\demo)
2026-06-05 16:15:00.279 [restartedMain] DEBUG com.company.demo.DemoApplication - Running with Spring Boot v4.0.6, Spring v7.0.7
2026-06-05 16:15:00.280 [restartedMain] INFO  com.company.demo.DemoApplication - No active profile set, falling back to 1 default profile: "default"
2026-06-05 16:15:00.446 [restartedMain] INFO  org.springframework.boot.tomcat.TomcatWebServer - Tomcat initialized with port 8080 (http)
2026-06-05 16:15:00.446 [restartedMain] INFO  org.apache.catalina.core.StandardService - Starting service [Tomcat]
2026-06-05 16:15:00.446 [restartedMain] INFO  org.apache.catalina.core.StandardEngine - Starting Servlet engine: [Apache Tomcat/11.0.21]
2026-06-05 16:15:00.477 [restartedMain] INFO  o.s.b.w.c.servlet.WebApplicationContextInitializer - Root WebApplicationContext: initialization completed in 196 ms
2026-06-05 16:15:00.763 [restartedMain] INFO  c.b.m.e.spring.MybatisPlusApplicationContextAware - Register ApplicationContext instances org.springframework.boot.web.server.servlet.context.AnnotationConfigServletWebServerApplicationContext@3e6fc97
2026-06-05 16:15:00.828 [restartedMain] INFO  org.springframework.boot.tomcat.TomcatWebServer - Tomcat started on port 8080 (http) with context path '/'
2026-06-05 16:15:00.830 [restartedMain] INFO  com.company.demo.DemoApplication - Started DemoApplication in 0.562 seconds (process running for 6409.701)
2026-06-05 16:15:00.831 [restartedMain] INFO  o.s.b.d.a.ConditionEvaluationDeltaLoggingListener - Condition evaluation unchanged
2026-06-05 16:15:31.913 [File Watcher] INFO  o.s.b.d.a.LocalDevToolsAutoConfiguration$RestartingClassPathChangeChangedEventListener - Restarting due to 1 class path change (1 addition, 0 deletions, 0 modifications)
2026-06-05 16:15:31.915 [Thread-30] INFO  org.springframework.boot.tomcat.GracefulShutdown - Commencing graceful shutdown. Waiting for active requests to complete
2026-06-05 16:15:31.985 [tomcat-shutdown] INFO  org.springframework.boot.tomcat.GracefulShutdown - Graceful shutdown complete
2026-06-05 16:15:32.056 [restartedMain] INFO  com.company.demo.DemoApplication - Starting DemoApplication using Java 17.0.19 with PID 30620 (D:\Work\Workspace\demo\target\classes started by jiaolei in D:\Work\Workspace\demo)
2026-06-05 16:15:32.057 [restartedMain] DEBUG com.company.demo.DemoApplication - Running with Spring Boot v4.0.6, Spring v7.0.7
2026-06-05 16:15:32.057 [restartedMain] INFO  com.company.demo.DemoApplication - No active profile set, falling back to 1 default profile: "default"
2026-06-05 16:15:32.239 [restartedMain] INFO  org.springframework.boot.tomcat.TomcatWebServer - Tomcat initialized with port 8080 (http)
2026-06-05 16:15:32.239 [restartedMain] INFO  org.apache.catalina.core.StandardService - Starting service [Tomcat]
2026-06-05 16:15:32.239 [restartedMain] INFO  org.apache.catalina.core.StandardEngine - Starting Servlet engine: [Apache Tomcat/11.0.21]
2026-06-05 16:15:32.268 [restartedMain] INFO  o.s.b.w.c.servlet.WebApplicationContextInitializer - Root WebApplicationContext: initialization completed in 210 ms
2026-06-05 16:15:32.463 [restartedMain] WARN  o.s.b.w.s.s.c.AnnotationConfigServletWebServerApplicationContext - Exception encountered during context initialization - cancelling refresh attempt: org.springframework.beans.factory.BeanCreationException: Error creating bean with name 'redisUtil' defined in file [D:\Work\Workspace\demo\target\classes\com\company\demo\utils\RedisUtil.class]: Post-processing of merged bean definition failed
2026-06-05 16:15:32.464 [restartedMain] INFO  org.apache.catalina.core.StandardService - Stopping service [Tomcat]
2026-06-05 16:15:32.469 [restartedMain] INFO  o.s.b.a.logging.ConditionEvaluationReportLogger - 

Error starting ApplicationContext. To display the condition evaluation report re-run your application with 'debug' enabled.
2026-06-05 16:15:32.479 [restartedMain] ERROR org.springframework.boot.SpringApplication - Application run failed
org.springframework.beans.factory.BeanCreationException: Error creating bean with name 'redisUtil' defined in file [D:\Work\Workspace\demo\target\classes\com\company\demo\utils\RedisUtil.class]: Post-processing of merged bean definition failed
	at org.springframework.beans.factory.support.AbstractAutowireCapableBeanFactory.doCreateBean(AbstractAutowireCapableBeanFactory.java:580) ~[spring-beans-7.0.7.jar:7.0.7]
	at org.springframework.beans.factory.support.AbstractAutowireCapableBeanFactory.createBean(AbstractAutowireCapableBeanFactory.java:525) ~[spring-beans-7.0.7.jar:7.0.7]
	at org.springframework.beans.factory.support.AbstractBeanFactory.lambda$doGetBean$0(AbstractBeanFactory.java:333) ~[spring-beans-7.0.7.jar:7.0.7]
	at org.springframework.beans.factory.support.DefaultSingletonBeanRegistry.getSingleton(DefaultSingletonBeanRegistry.java:371) ~[spring-beans-7.0.7.jar:7.0.7]
	at org.springframework.beans.factory.support.AbstractBeanFactory.doGetBean(AbstractBeanFactory.java:331) ~[spring-beans-7.0.7.jar:7.0.7]
	at org.springframework.beans.factory.support.AbstractBeanFactory.getBean(AbstractBeanFactory.java:196) ~[spring-beans-7.0.7.jar:7.0.7]
	at org.springframework.beans.factory.support.DefaultListableBeanFactory.instantiateSingleton(DefaultListableBeanFactory.java:1218) ~[spring-beans-7.0.7.jar:7.0.7]
	at org.springframework.beans.factory.support.DefaultListableBeanFactory.preInstantiateSingleton(DefaultListableBeanFactory.java:1184) ~[spring-beans-7.0.7.jar:7.0.7]
	at org.springframework.beans.factory.support.DefaultListableBeanFactory.preInstantiateSingletons(DefaultListableBeanFactory.java:1121) ~[spring-beans-7.0.7.jar:7.0.7]
	at org.springframework.context.support.AbstractApplicationContext.finishBeanFactoryInitialization(AbstractApplicationContext.java:994) ~[spring-context-7.0.7.jar:7.0.7]
	at org.springframework.context.support.AbstractApplicationContext.refresh(AbstractApplicationContext.java:621) ~[spring-context-7.0.7.jar:7.0.7]
	at org.springframework.boot.web.server.servlet.context.ServletWebServerApplicationContext.refresh(ServletWebServerApplicationContext.java:143) ~[spring-boot-web-server-4.0.6.jar:4.0.6]
	at org.springframework.boot.SpringApplication.refresh(SpringApplication.java:756) ~[spring-boot-4.0.6.jar:4.0.6]
	at org.springframework.boot.SpringApplication.refreshContext(SpringApplication.java:445) ~[spring-boot-4.0.6.jar:4.0.6]
	at org.springframework.boot.SpringApplication.run(SpringApplication.java:321) ~[spring-boot-4.0.6.jar:4.0.6]
	at org.springframework.boot.SpringApplication.run(SpringApplication.java:1365) ~[spring-boot-4.0.6.jar:4.0.6]
	at org.springframework.boot.SpringApplication.run(SpringApplication.java:1354) ~[spring-boot-4.0.6.jar:4.0.6]
	at com.company.demo.DemoApplication.main(DemoApplication.java:16) ~[classes/:na]
	at java.base/jdk.internal.reflect.NativeMethodAccessorImpl.invoke0(Native Method) ~[na:na]
	at java.base/jdk.internal.reflect.NativeMethodAccessorImpl.invoke(NativeMethodAccessorImpl.java:77) ~[na:na]
	at java.base/jdk.internal.reflect.DelegatingMethodAccessorImpl.invoke(DelegatingMethodAccessorImpl.java:43) ~[na:na]
	at java.base/java.lang.reflect.Method.invoke(Method.java:569) ~[na:na]
	at org.springframework.boot.devtools.restart.RestartLauncher.run(RestartLauncher.java:52) ~[spring-boot-devtools-4.0.6.jar:4.0.6]
Caused by: java.lang.IllegalStateException: Failed to introspect Class [com.company.demo.utils.RedisUtil] from ClassLoader [org.springframework.boot.devtools.restart.classloader.RestartClassLoader@384ad6e]
	at org.springframework.util.ReflectionUtils.getDeclaredFields(ReflectionUtils.java:756) ~[spring-core-7.0.7.jar:7.0.7]
	at org.springframework.util.ReflectionUtils.doWithLocalFields(ReflectionUtils.java:689) ~[spring-core-7.0.7.jar:7.0.7]
	at org.springframework.context.annotation.CommonAnnotationBeanPostProcessor.buildResourceMetadata(CommonAnnotationBeanPostProcessor.java:407) ~[spring-context-7.0.7.jar:7.0.7]
	at org.springframework.context.annotation.CommonAnnotationBeanPostProcessor.findResourceMetadata(CommonAnnotationBeanPostProcessor.java:388) ~[spring-context-7.0.7.jar:7.0.7]
	at org.springframework.context.annotation.CommonAnnotationBeanPostProcessor.postProcessMergedBeanDefinition(CommonAnnotationBeanPostProcessor.java:291) ~[spring-context-7.0.7.jar:7.0.7]
	at org.springframework.beans.factory.support.AbstractAutowireCapableBeanFactory.applyMergedBeanDefinitionPostProcessors(AbstractAutowireCapableBeanFactory.java:1114) ~[spring-beans-7.0.7.jar:7.0.7]
	at org.springframework.beans.factory.support.AbstractAutowireCapableBeanFactory.doCreateBean(AbstractAutowireCapableBeanFactory.java:577) ~[spring-beans-7.0.7.jar:7.0.7]
	... 22 common frames omitted
Caused by: java.lang.NoClassDefFoundError: org/springframework/data/redis/core/RedisTemplate
	at java.base/java.lang.Class.getDeclaredFields0(Native Method) ~[na:na]
	at java.base/java.lang.Class.privateGetDeclaredFields(Class.java:3299) ~[na:na]
	at java.base/java.lang.Class.getDeclaredFields(Class.java:2373) ~[na:na]
	at org.springframework.util.ReflectionUtils.getDeclaredFields(ReflectionUtils.java:751) ~[spring-core-7.0.7.jar:7.0.7]
	... 28 common frames omitted
Caused by: java.lang.ClassNotFoundException: org.springframework.data.redis.core.RedisTemplate
	at java.base/jdk.internal.loader.BuiltinClassLoader.loadClass(BuiltinClassLoader.java:641) ~[na:na]
	at java.base/jdk.internal.loader.ClassLoaders$AppClassLoader.loadClass(ClassLoaders.java:188) ~[na:na]
	at java.base/java.lang.ClassLoader.loadClass(ClassLoader.java:525) ~[na:na]
	at java.base/java.lang.Class.forName0(Native Method) ~[na:na]
	at java.base/java.lang.Class.forName(Class.java:469) ~[na:na]
	at org.springframework.boot.devtools.restart.classloader.RestartClassLoader.loadClass(RestartClassLoader.java:123) ~[spring-boot-devtools-4.0.6.jar:4.0.6]
	at java.base/java.lang.ClassLoader.loadClass(ClassLoader.java:525) ~[na:na]
	... 32 common frames omitted
2026-06-05 16:18:14.312 [restartedMain] INFO  com.company.demo.DemoApplication - Starting DemoApplication using Java 17.0.19 with PID 30620 (D:\Work\Workspace\demo\target\classes started by jiaolei in D:\Work\Workspace\demo)
2026-06-05 16:18:14.312 [restartedMain] DEBUG com.company.demo.DemoApplication - Running with Spring Boot v4.0.6, Spring v7.0.7
2026-06-05 16:18:14.312 [restartedMain] INFO  com.company.demo.DemoApplication - No active profile set, falling back to 1 default profile: "default"
2026-06-05 16:18:14.471 [restartedMain] INFO  org.springframework.boot.tomcat.TomcatWebServer - Tomcat initialized with port 8080 (http)
2026-06-05 16:18:14.472 [restartedMain] INFO  org.apache.catalina.core.StandardService - Starting service [Tomcat]
2026-06-05 16:18:14.473 [restartedMain] INFO  org.apache.catalina.core.StandardEngine - Starting Servlet engine: [Apache Tomcat/11.0.21]
2026-06-05 16:18:14.503 [restartedMain] INFO  o.s.b.w.c.servlet.WebApplicationContextInitializer - Root WebApplicationContext: initialization completed in 189 ms
2026-06-05 16:18:14.790 [restartedMain] INFO  c.b.m.e.spring.MybatisPlusApplicationContextAware - Register ApplicationContext instances org.springframework.boot.web.server.servlet.context.AnnotationConfigServletWebServerApplicationContext@42f8bb1a
2026-06-05 16:18:14.841 [restartedMain] INFO  org.springframework.boot.tomcat.TomcatWebServer - Tomcat started on port 8080 (http) with context path '/'
2026-06-05 16:18:14.844 [restartedMain] INFO  com.company.demo.DemoApplication - Started DemoApplication in 0.548 seconds (process running for 6603.714)
2026-06-05 16:18:14.845 [restartedMain] INFO  o.s.b.d.a.ConditionEvaluationDeltaLoggingListener - Condition evaluation unchanged
2026-06-05 16:18:16.248 [File Watcher] INFO  o.s.b.d.a.LocalDevToolsAutoConfiguration$RestartingClassPathChangeChangedEventListener - Restarting due to 2 class path changes (2 additions, 0 deletions, 0 modifications)
2026-06-05 16:18:16.251 [Thread-34] INFO  org.springframework.boot.tomcat.GracefulShutdown - Commencing graceful shutdown. Waiting for active requests to complete
2026-06-05 16:18:16.305 [tomcat-shutdown] INFO  org.springframework.boot.tomcat.GracefulShutdown - Graceful shutdown complete
2026-06-05 16:18:16.371 [restartedMain] INFO  com.company.demo.DemoApplication - Starting DemoApplication using Java 17.0.19 with PID 30620 (D:\Work\Workspace\demo\target\classes started by jiaolei in D:\Work\Workspace\demo)
2026-06-05 16:18:16.371 [restartedMain] DEBUG com.company.demo.DemoApplication - Running with Spring Boot v4.0.6, Spring v7.0.7
2026-06-05 16:18:16.371 [restartedMain] INFO  com.company.demo.DemoApplication - No active profile set, falling back to 1 default profile: "default"
2026-06-05 16:18:16.588 [restartedMain] INFO  org.springframework.boot.tomcat.TomcatWebServer - Tomcat initialized with port 8080 (http)
2026-06-05 16:18:16.589 [restartedMain] INFO  org.apache.catalina.core.StandardService - Starting service [Tomcat]
2026-06-05 16:18:16.589 [restartedMain] INFO  org.apache.catalina.core.StandardEngine - Starting Servlet engine: [Apache Tomcat/11.0.21]
2026-06-05 16:18:16.615 [restartedMain] INFO  o.s.b.w.c.servlet.WebApplicationContextInitializer - Root WebApplicationContext: initialization completed in 242 ms
2026-06-05 16:18:16.863 [restartedMain] WARN  o.s.b.w.s.s.c.AnnotationConfigServletWebServerApplicationContext - Exception encountered during context initialization - cancelling refresh attempt: org.springframework.beans.factory.BeanCreationException: Error creating bean with name 'redisUtil' defined in file [D:\Work\Workspace\demo\target\classes\com\company\demo\utils\RedisUtil.class]: Post-processing of merged bean definition failed
2026-06-05 16:18:16.864 [restartedMain] INFO  org.apache.catalina.core.StandardService - Stopping service [Tomcat]
2026-06-05 16:18:16.866 [restartedMain] INFO  o.s.b.a.logging.ConditionEvaluationReportLogger - 

Error starting ApplicationContext. To display the condition evaluation report re-run your application with 'debug' enabled.
2026-06-05 16:18:16.867 [restartedMain] ERROR org.springframework.boot.SpringApplication - Application run failed
org.springframework.beans.factory.BeanCreationException: Error creating bean with name 'redisUtil' defined in file [D:\Work\Workspace\demo\target\classes\com\company\demo\utils\RedisUtil.class]: Post-processing of merged bean definition failed
	at org.springframework.beans.factory.support.AbstractAutowireCapableBeanFactory.doCreateBean(AbstractAutowireCapableBeanFactory.java:580) ~[spring-beans-7.0.7.jar:7.0.7]
	at org.springframework.beans.factory.support.AbstractAutowireCapableBeanFactory.createBean(AbstractAutowireCapableBeanFactory.java:525) ~[spring-beans-7.0.7.jar:7.0.7]
	at org.springframework.beans.factory.support.AbstractBeanFactory.lambda$doGetBean$0(AbstractBeanFactory.java:333) ~[spring-beans-7.0.7.jar:7.0.7]
	at org.springframework.beans.factory.support.DefaultSingletonBeanRegistry.getSingleton(DefaultSingletonBeanRegistry.java:371) ~[spring-beans-7.0.7.jar:7.0.7]
	at org.springframework.beans.factory.support.AbstractBeanFactory.doGetBean(AbstractBeanFactory.java:331) ~[spring-beans-7.0.7.jar:7.0.7]
	at org.springframework.beans.factory.support.AbstractBeanFactory.getBean(AbstractBeanFactory.java:196) ~[spring-beans-7.0.7.jar:7.0.7]
	at org.springframework.beans.factory.support.DefaultListableBeanFactory.instantiateSingleton(DefaultListableBeanFactory.java:1218) ~[spring-beans-7.0.7.jar:7.0.7]
	at org.springframework.beans.factory.support.DefaultListableBeanFactory.preInstantiateSingleton(DefaultListableBeanFactory.java:1184) ~[spring-beans-7.0.7.jar:7.0.7]
	at org.springframework.beans.factory.support.DefaultListableBeanFactory.preInstantiateSingletons(DefaultListableBeanFactory.java:1121) ~[spring-beans-7.0.7.jar:7.0.7]
	at org.springframework.context.support.AbstractApplicationContext.finishBeanFactoryInitialization(AbstractApplicationContext.java:994) ~[spring-context-7.0.7.jar:7.0.7]
	at org.springframework.context.support.AbstractApplicationContext.refresh(AbstractApplicationContext.java:621) ~[spring-context-7.0.7.jar:7.0.7]
	at org.springframework.boot.web.server.servlet.context.ServletWebServerApplicationContext.refresh(ServletWebServerApplicationContext.java:143) ~[spring-boot-web-server-4.0.6.jar:4.0.6]
	at org.springframework.boot.SpringApplication.refresh(SpringApplication.java:756) ~[spring-boot-4.0.6.jar:4.0.6]
	at org.springframework.boot.SpringApplication.refreshContext(SpringApplication.java:445) ~[spring-boot-4.0.6.jar:4.0.6]
	at org.springframework.boot.SpringApplication.run(SpringApplication.java:321) ~[spring-boot-4.0.6.jar:4.0.6]
	at org.springframework.boot.SpringApplication.run(SpringApplication.java:1365) ~[spring-boot-4.0.6.jar:4.0.6]
	at org.springframework.boot.SpringApplication.run(SpringApplication.java:1354) ~[spring-boot-4.0.6.jar:4.0.6]
	at com.company.demo.DemoApplication.main(DemoApplication.java:16) ~[classes/:na]
	at java.base/jdk.internal.reflect.NativeMethodAccessorImpl.invoke0(Native Method) ~[na:na]
	at java.base/jdk.internal.reflect.NativeMethodAccessorImpl.invoke(NativeMethodAccessorImpl.java:77) ~[na:na]
	at java.base/jdk.internal.reflect.DelegatingMethodAccessorImpl.invoke(DelegatingMethodAccessorImpl.java:43) ~[na:na]
	at java.base/java.lang.reflect.Method.invoke(Method.java:569) ~[na:na]
	at org.springframework.boot.devtools.restart.RestartLauncher.run(RestartLauncher.java:52) ~[spring-boot-devtools-4.0.6.jar:4.0.6]
Caused by: java.lang.IllegalStateException: Failed to introspect Class [com.company.demo.utils.RedisUtil] from ClassLoader [org.springframework.boot.devtools.restart.classloader.RestartClassLoader@2aaf0e4b]
	at org.springframework.util.ReflectionUtils.getDeclaredFields(ReflectionUtils.java:756) ~[spring-core-7.0.7.jar:7.0.7]
	at org.springframework.util.ReflectionUtils.doWithLocalFields(ReflectionUtils.java:689) ~[spring-core-7.0.7.jar:7.0.7]
	at org.springframework.context.annotation.CommonAnnotationBeanPostProcessor.buildResourceMetadata(CommonAnnotationBeanPostProcessor.java:407) ~[spring-context-7.0.7.jar:7.0.7]
	at org.springframework.context.annotation.CommonAnnotationBeanPostProcessor.findResourceMetadata(CommonAnnotationBeanPostProcessor.java:388) ~[spring-context-7.0.7.jar:7.0.7]
	at org.springframework.context.annotation.CommonAnnotationBeanPostProcessor.postProcessMergedBeanDefinition(CommonAnnotationBeanPostProcessor.java:291) ~[spring-context-7.0.7.jar:7.0.7]
	at org.springframework.beans.factory.support.AbstractAutowireCapableBeanFactory.applyMergedBeanDefinitionPostProcessors(AbstractAutowireCapableBeanFactory.java:1114) ~[spring-beans-7.0.7.jar:7.0.7]
	at org.springframework.beans.factory.support.AbstractAutowireCapableBeanFactory.doCreateBean(AbstractAutowireCapableBeanFactory.java:577) ~[spring-beans-7.0.7.jar:7.0.7]
	... 22 common frames omitted
Caused by: java.lang.NoClassDefFoundError: org/springframework/data/redis/core/RedisTemplate
	at java.base/java.lang.Class.getDeclaredFields0(Native Method) ~[na:na]
	at java.base/java.lang.Class.privateGetDeclaredFields(Class.java:3299) ~[na:na]
	at java.base/java.lang.Class.getDeclaredFields(Class.java:2373) ~[na:na]
	at org.springframework.util.ReflectionUtils.getDeclaredFields(ReflectionUtils.java:751) ~[spring-core-7.0.7.jar:7.0.7]
	... 28 common frames omitted
Caused by: java.lang.ClassNotFoundException: org.springframework.data.redis.core.RedisTemplate
	at java.base/jdk.internal.loader.BuiltinClassLoader.loadClass(BuiltinClassLoader.java:641) ~[na:na]
	at java.base/jdk.internal.loader.ClassLoaders$AppClassLoader.loadClass(ClassLoaders.java:188) ~[na:na]
	at java.base/java.lang.ClassLoader.loadClass(ClassLoader.java:525) ~[na:na]
	at java.base/java.lang.Class.forName0(Native Method) ~[na:na]
	at java.base/java.lang.Class.forName(Class.java:469) ~[na:na]
	at org.springframework.boot.devtools.restart.classloader.RestartClassLoader.loadClass(RestartClassLoader.java:123) ~[spring-boot-devtools-4.0.6.jar:4.0.6]
	at java.base/java.lang.ClassLoader.loadClass(ClassLoader.java:525) ~[na:na]
	... 32 common frames omitted
2026-06-05 16:19:40.040 [restartedMain] INFO  com.company.demo.DemoApplication - Starting DemoApplication using Java 17.0.19 with PID 30620 (D:\Work\Workspace\demo\target\classes started by jiaolei in D:\Work\Workspace\demo)
2026-06-05 16:19:40.040 [restartedMain] DEBUG com.company.demo.DemoApplication - Running with Spring Boot v4.0.6, Spring v7.0.7
2026-06-05 16:19:40.041 [restartedMain] INFO  com.company.demo.DemoApplication - No active profile set, falling back to 1 default profile: "default"
2026-06-05 16:19:40.136 [restartedMain] WARN  o.s.b.w.s.s.c.AnnotationConfigServletWebServerApplicationContext - Exception encountered during context initialization - cancelling refresh attempt: java.lang.IllegalStateException: Error processing condition on org.springframework.boot.autoconfigure.context.PropertyPlaceholderAutoConfiguration.propertySourcesPlaceholderConfigurer
2026-06-05 16:19:40.137 [restartedMain] INFO  o.s.b.a.logging.ConditionEvaluationReportLogger - 

Error starting ApplicationContext. To display the condition evaluation report re-run your application with 'debug' enabled.
2026-06-05 16:19:40.138 [restartedMain] ERROR org.springframework.boot.SpringApplication - Application run failed
java.lang.IllegalStateException: Error processing condition on org.springframework.boot.autoconfigure.context.PropertyPlaceholderAutoConfiguration.propertySourcesPlaceholderConfigurer
	at org.springframework.boot.autoconfigure.condition.SpringBootCondition.matches(SpringBootCondition.java:60) ~[spring-boot-autoconfigure-4.0.6.jar:4.0.6]
	at org.springframework.context.annotation.ConditionEvaluator.shouldSkip(ConditionEvaluator.java:100) ~[spring-context-7.0.7.jar:7.0.7]
	at org.springframework.context.annotation.ConfigurationClassBeanDefinitionReader.loadBeanDefinitionsForBeanMethod(ConfigurationClassBeanDefinitionReader.java:196) ~[spring-context-7.0.7.jar:7.0.7]
	at org.springframework.context.annotation.ConfigurationClassBeanDefinitionReader.loadBeanDefinitionsForConfigurationClass(ConfigurationClassBeanDefinitionReader.java:148) ~[spring-context-7.0.7.jar:7.0.7]
	at org.springframework.context.annotation.ConfigurationClassBeanDefinitionReader.loadBeanDefinitions(ConfigurationClassBeanDefinitionReader.java:124) ~[spring-context-7.0.7.jar:7.0.7]
	at org.springframework.context.annotation.ConfigurationClassPostProcessor.processConfigBeanDefinitions(ConfigurationClassPostProcessor.java:464) ~[spring-context-7.0.7.jar:7.0.7]
	at org.springframework.context.annotation.ConfigurationClassPostProcessor.postProcessBeanDefinitionRegistry(ConfigurationClassPostProcessor.java:316) ~[spring-context-7.0.7.jar:7.0.7]
	at org.springframework.context.support.PostProcessorRegistrationDelegate.invokeBeanDefinitionRegistryPostProcessors(PostProcessorRegistrationDelegate.java:349) ~[spring-context-7.0.7.jar:7.0.7]
	at org.springframework.context.support.PostProcessorRegistrationDelegate.invokeBeanFactoryPostProcessors(PostProcessorRegistrationDelegate.java:118) ~[spring-context-7.0.7.jar:7.0.7]
	at org.springframework.context.support.AbstractApplicationContext.invokeBeanFactoryPostProcessors(AbstractApplicationContext.java:795) ~[spring-context-7.0.7.jar:7.0.7]
	at org.springframework.context.support.AbstractApplicationContext.refresh(AbstractApplicationContext.java:603) ~[spring-context-7.0.7.jar:7.0.7]
	at org.springframework.boot.web.server.servlet.context.ServletWebServerApplicationContext.refresh(ServletWebServerApplicationContext.java:143) ~[spring-boot-web-server-4.0.6.jar:4.0.6]
	at org.springframework.boot.SpringApplication.refresh(SpringApplication.java:756) ~[spring-boot-4.0.6.jar:4.0.6]
	at org.springframework.boot.SpringApplication.refreshContext(SpringApplication.java:445) ~[spring-boot-4.0.6.jar:4.0.6]
	at org.springframework.boot.SpringApplication.run(SpringApplication.java:321) ~[spring-boot-4.0.6.jar:4.0.6]
	at org.springframework.boot.SpringApplication.run(SpringApplication.java:1365) ~[spring-boot-4.0.6.jar:4.0.6]
	at org.springframework.boot.SpringApplication.run(SpringApplication.java:1354) ~[spring-boot-4.0.6.jar:4.0.6]
	at com.company.demo.DemoApplication.main(DemoApplication.java:16) ~[classes/:na]
	at java.base/jdk.internal.reflect.NativeMethodAccessorImpl.invoke0(Native Method) ~[na:na]
	at java.base/jdk.internal.reflect.NativeMethodAccessorImpl.invoke(NativeMethodAccessorImpl.java:77) ~[na:na]
	at java.base/jdk.internal.reflect.DelegatingMethodAccessorImpl.invoke(DelegatingMethodAccessorImpl.java:43) ~[na:na]
	at java.base/java.lang.reflect.Method.invoke(Method.java:569) ~[na:na]
	at org.springframework.boot.devtools.restart.RestartLauncher.run(RestartLauncher.java:52) ~[spring-boot-devtools-4.0.6.jar:4.0.6]
Caused by: java.lang.IllegalStateException: Failed to introspect Class [com.company.demo.config.RedisConfig] from ClassLoader [org.springframework.boot.devtools.restart.classloader.RestartClassLoader@6085dd02]
	at org.springframework.util.ReflectionUtils.getDeclaredMethods(ReflectionUtils.java:483) ~[spring-core-7.0.7.jar:7.0.7]
	at org.springframework.util.ReflectionUtils.doWithMethods(ReflectionUtils.java:360) ~[spring-core-7.0.7.jar:7.0.7]
	at org.springframework.util.ReflectionUtils.getUniqueDeclaredMethods(ReflectionUtils.java:417) ~[spring-core-7.0.7.jar:7.0.7]
	at org.springframework.beans.factory.support.AbstractAutowireCapableBeanFactory.lambda$getTypeForFactoryMethod$0(AbstractAutowireCapableBeanFactory.java:750) ~[spring-beans-7.0.7.jar:7.0.7]
	at java.base/java.util.concurrent.ConcurrentHashMap.computeIfAbsent(ConcurrentHashMap.java:1708) ~[na:na]
	at org.springframework.beans.factory.support.AbstractAutowireCapableBeanFactory.getTypeForFactoryMethod(AbstractAutowireCapableBeanFactory.java:749) ~[spring-beans-7.0.7.jar:7.0.7]
	at org.springframework.beans.factory.support.AbstractAutowireCapableBeanFactory.determineTargetType(AbstractAutowireCapableBeanFactory.java:683) ~[spring-beans-7.0.7.jar:7.0.7]
	at org.springframework.beans.factory.support.AbstractAutowireCapableBeanFactory.predictBeanType(AbstractAutowireCapableBeanFactory.java:655) ~[spring-beans-7.0.7.jar:7.0.7]
	at org.springframework.beans.factory.support.AbstractBeanFactory.isFactoryBean(AbstractBeanFactory.java:1699) ~[spring-beans-7.0.7.jar:7.0.7]
	at org.springframework.beans.factory.support.DefaultListableBeanFactory.doGetBeanNamesForType(DefaultListableBeanFactory.java:632) ~[spring-beans-7.0.7.jar:7.0.7]
	at org.springframework.beans.factory.support.DefaultListableBeanFactory.getBeanNamesForType(DefaultListableBeanFactory.java:604) ~[spring-beans-7.0.7.jar:7.0.7]
	at org.springframework.beans.factory.support.DefaultListableBeanFactory.getBeanNamesForType(DefaultListableBeanFactory.java:589) ~[spring-beans-7.0.7.jar:7.0.7]
	at org.springframework.boot.autoconfigure.condition.OnBeanCondition.collectBeanDefinitionsForType(OnBeanCondition.java:334) ~[spring-boot-autoconfigure-4.0.6.jar:4.0.6]
	at org.springframework.boot.autoconfigure.condition.OnBeanCondition.getBeanDefinitionsForType(OnBeanCondition.java:323) ~[spring-boot-autoconfigure-4.0.6.jar:4.0.6]
	at org.springframework.boot.autoconfigure.condition.OnBeanCondition.getMatchingBeans(OnBeanCondition.java:221) ~[spring-boot-autoconfigure-4.0.6.jar:4.0.6]
	at org.springframework.boot.autoconfigure.condition.OnBeanCondition.evaluateConditionalOnMissingBean(OnBeanCondition.java:204) ~[spring-boot-autoconfigure-4.0.6.jar:4.0.6]
	at org.springframework.boot.autoconfigure.condition.OnBeanCondition.getMatchOutcome(OnBeanCondition.java:149) ~[spring-boot-autoconfigure-4.0.6.jar:4.0.6]
	at org.springframework.boot.autoconfigure.condition.SpringBootCondition.matches(SpringBootCondition.java:47) ~[spring-boot-autoconfigure-4.0.6.jar:4.0.6]
	... 22 common frames omitted
Caused by: java.lang.NoClassDefFoundError: org/springframework/data/redis/serializer/RedisSerializer
	at java.base/java.lang.Class.getDeclaredMethods0(Native Method) ~[na:na]
	at java.base/java.lang.Class.privateGetDeclaredMethods(Class.java:3404) ~[na:na]
	at java.base/java.lang.Class.getDeclaredMethods(Class.java:2506) ~[na:na]
	at org.springframework.util.ReflectionUtils.getDeclaredMethods(ReflectionUtils.java:465) ~[spring-core-7.0.7.jar:7.0.7]
	... 39 common frames omitted
Caused by: java.lang.ClassNotFoundException: org.springframework.data.redis.serializer.RedisSerializer
	at java.base/jdk.internal.loader.BuiltinClassLoader.loadClass(BuiltinClassLoader.java:641) ~[na:na]
	at java.base/jdk.internal.loader.ClassLoaders$AppClassLoader.loadClass(ClassLoaders.java:188) ~[na:na]
	at java.base/java.lang.ClassLoader.loadClass(ClassLoader.java:525) ~[na:na]
	at java.base/java.lang.Class.forName0(Native Method) ~[na:na]
	at java.base/java.lang.Class.forName(Class.java:469) ~[na:na]
	at org.springframework.boot.devtools.restart.classloader.RestartClassLoader.loadClass(RestartClassLoader.java:123) ~[spring-boot-devtools-4.0.6.jar:4.0.6]
	at java.base/java.lang.ClassLoader.loadClass(ClassLoader.java:525) ~[na:na]
	... 43 common frames omitted
2026-06-05 16:19:41.597 [restartedMain] INFO  com.company.demo.DemoApplication - Starting DemoApplication using Java 17.0.19 with PID 30620 (D:\Work\Workspace\demo\target\classes started by jiaolei in D:\Work\Workspace\demo)
2026-06-05 16:19:41.598 [restartedMain] DEBUG com.company.demo.DemoApplication - Running with Spring Boot v4.0.6, Spring v7.0.7
2026-06-05 16:19:41.598 [restartedMain] INFO  com.company.demo.DemoApplication - No active profile set, falling back to 1 default profile: "default"
2026-06-05 16:19:41.675 [restartedMain] WARN  o.s.b.w.s.s.c.AnnotationConfigServletWebServerApplicationContext - Exception encountered during context initialization - cancelling refresh attempt: java.lang.IllegalStateException: Error processing condition on org.springframework.boot.autoconfigure.context.PropertyPlaceholderAutoConfiguration.propertySourcesPlaceholderConfigurer
2026-06-05 16:19:41.676 [restartedMain] INFO  o.s.b.a.logging.ConditionEvaluationReportLogger - 

Error starting ApplicationContext. To display the condition evaluation report re-run your application with 'debug' enabled.
2026-06-05 16:19:41.677 [restartedMain] ERROR org.springframework.boot.SpringApplication - Application run failed
java.lang.IllegalStateException: Error processing condition on org.springframework.boot.autoconfigure.context.PropertyPlaceholderAutoConfiguration.propertySourcesPlaceholderConfigurer
	at org.springframework.boot.autoconfigure.condition.SpringBootCondition.matches(SpringBootCondition.java:60) ~[spring-boot-autoconfigure-4.0.6.jar:4.0.6]
	at org.springframework.context.annotation.ConditionEvaluator.shouldSkip(ConditionEvaluator.java:100) ~[spring-context-7.0.7.jar:7.0.7]
	at org.springframework.context.annotation.ConfigurationClassBeanDefinitionReader.loadBeanDefinitionsForBeanMethod(ConfigurationClassBeanDefinitionReader.java:196) ~[spring-context-7.0.7.jar:7.0.7]
	at org.springframework.context.annotation.ConfigurationClassBeanDefinitionReader.loadBeanDefinitionsForConfigurationClass(ConfigurationClassBeanDefinitionReader.java:148) ~[spring-context-7.0.7.jar:7.0.7]
	at org.springframework.context.annotation.ConfigurationClassBeanDefinitionReader.loadBeanDefinitions(ConfigurationClassBeanDefinitionReader.java:124) ~[spring-context-7.0.7.jar:7.0.7]
	at org.springframework.context.annotation.ConfigurationClassPostProcessor.processConfigBeanDefinitions(ConfigurationClassPostProcessor.java:464) ~[spring-context-7.0.7.jar:7.0.7]
	at org.springframework.context.annotation.ConfigurationClassPostProcessor.postProcessBeanDefinitionRegistry(ConfigurationClassPostProcessor.java:316) ~[spring-context-7.0.7.jar:7.0.7]
	at org.springframework.context.support.PostProcessorRegistrationDelegate.invokeBeanDefinitionRegistryPostProcessors(PostProcessorRegistrationDelegate.java:349) ~[spring-context-7.0.7.jar:7.0.7]
	at org.springframework.context.support.PostProcessorRegistrationDelegate.invokeBeanFactoryPostProcessors(PostProcessorRegistrationDelegate.java:118) ~[spring-context-7.0.7.jar:7.0.7]
	at org.springframework.context.support.AbstractApplicationContext.invokeBeanFactoryPostProcessors(AbstractApplicationContext.java:795) ~[spring-context-7.0.7.jar:7.0.7]
	at org.springframework.context.support.AbstractApplicationContext.refresh(AbstractApplicationContext.java:603) ~[spring-context-7.0.7.jar:7.0.7]
	at org.springframework.boot.web.server.servlet.context.ServletWebServerApplicationContext.refresh(ServletWebServerApplicationContext.java:143) ~[spring-boot-web-server-4.0.6.jar:4.0.6]
	at org.springframework.boot.SpringApplication.refresh(SpringApplication.java:756) ~[spring-boot-4.0.6.jar:4.0.6]
	at org.springframework.boot.SpringApplication.refreshContext(SpringApplication.java:445) ~[spring-boot-4.0.6.jar:4.0.6]
	at org.springframework.boot.SpringApplication.run(SpringApplication.java:321) ~[spring-boot-4.0.6.jar:4.0.6]
	at org.springframework.boot.SpringApplication.run(SpringApplication.java:1365) ~[spring-boot-4.0.6.jar:4.0.6]
	at org.springframework.boot.SpringApplication.run(SpringApplication.java:1354) ~[spring-boot-4.0.6.jar:4.0.6]
	at com.company.demo.DemoApplication.main(DemoApplication.java:16) ~[classes/:na]
	at java.base/jdk.internal.reflect.NativeMethodAccessorImpl.invoke0(Native Method) ~[na:na]
	at java.base/jdk.internal.reflect.NativeMethodAccessorImpl.invoke(NativeMethodAccessorImpl.java:77) ~[na:na]
	at java.base/jdk.internal.reflect.DelegatingMethodAccessorImpl.invoke(DelegatingMethodAccessorImpl.java:43) ~[na:na]
	at java.base/java.lang.reflect.Method.invoke(Method.java:569) ~[na:na]
	at org.springframework.boot.devtools.restart.RestartLauncher.run(RestartLauncher.java:52) ~[spring-boot-devtools-4.0.6.jar:4.0.6]
Caused by: java.lang.IllegalStateException: Failed to introspect Class [com.company.demo.config.RedisConfig] from ClassLoader [org.springframework.boot.devtools.restart.classloader.RestartClassLoader@1bcfe4e6]
	at org.springframework.util.ReflectionUtils.getDeclaredMethods(ReflectionUtils.java:483) ~[spring-core-7.0.7.jar:7.0.7]
	at org.springframework.util.ReflectionUtils.doWithMethods(ReflectionUtils.java:360) ~[spring-core-7.0.7.jar:7.0.7]
	at org.springframework.util.ReflectionUtils.getUniqueDeclaredMethods(ReflectionUtils.java:417) ~[spring-core-7.0.7.jar:7.0.7]
	at org.springframework.beans.factory.support.AbstractAutowireCapableBeanFactory.lambda$getTypeForFactoryMethod$0(AbstractAutowireCapableBeanFactory.java:750) ~[spring-beans-7.0.7.jar:7.0.7]
	at java.base/java.util.concurrent.ConcurrentHashMap.computeIfAbsent(ConcurrentHashMap.java:1708) ~[na:na]
	at org.springframework.beans.factory.support.AbstractAutowireCapableBeanFactory.getTypeForFactoryMethod(AbstractAutowireCapableBeanFactory.java:749) ~[spring-beans-7.0.7.jar:7.0.7]
	at org.springframework.beans.factory.support.AbstractAutowireCapableBeanFactory.determineTargetType(AbstractAutowireCapableBeanFactory.java:683) ~[spring-beans-7.0.7.jar:7.0.7]
	at org.springframework.beans.factory.support.AbstractAutowireCapableBeanFactory.predictBeanType(AbstractAutowireCapableBeanFactory.java:655) ~[spring-beans-7.0.7.jar:7.0.7]
	at org.springframework.beans.factory.support.AbstractBeanFactory.isFactoryBean(AbstractBeanFactory.java:1699) ~[spring-beans-7.0.7.jar:7.0.7]
	at org.springframework.beans.factory.support.DefaultListableBeanFactory.doGetBeanNamesForType(DefaultListableBeanFactory.java:632) ~[spring-beans-7.0.7.jar:7.0.7]
	at org.springframework.beans.factory.support.DefaultListableBeanFactory.getBeanNamesForType(DefaultListableBeanFactory.java:604) ~[spring-beans-7.0.7.jar:7.0.7]
	at org.springframework.beans.factory.support.DefaultListableBeanFactory.getBeanNamesForType(DefaultListableBeanFactory.java:589) ~[spring-beans-7.0.7.jar:7.0.7]
	at org.springframework.boot.autoconfigure.condition.OnBeanCondition.collectBeanDefinitionsForType(OnBeanCondition.java:334) ~[spring-boot-autoconfigure-4.0.6.jar:4.0.6]
	at org.springframework.boot.autoconfigure.condition.OnBeanCondition.getBeanDefinitionsForType(OnBeanCondition.java:323) ~[spring-boot-autoconfigure-4.0.6.jar:4.0.6]
	at org.springframework.boot.autoconfigure.condition.OnBeanCondition.getMatchingBeans(OnBeanCondition.java:221) ~[spring-boot-autoconfigure-4.0.6.jar:4.0.6]
	at org.springframework.boot.autoconfigure.condition.OnBeanCondition.evaluateConditionalOnMissingBean(OnBeanCondition.java:204) ~[spring-boot-autoconfigure-4.0.6.jar:4.0.6]
	at org.springframework.boot.autoconfigure.condition.OnBeanCondition.getMatchOutcome(OnBeanCondition.java:149) ~[spring-boot-autoconfigure-4.0.6.jar:4.0.6]
	at org.springframework.boot.autoconfigure.condition.SpringBootCondition.matches(SpringBootCondition.java:47) ~[spring-boot-autoconfigure-4.0.6.jar:4.0.6]
	... 22 common frames omitted
Caused by: java.lang.NoClassDefFoundError: org/springframework/data/redis/serializer/RedisSerializer
	at java.base/java.lang.Class.getDeclaredMethods0(Native Method) ~[na:na]
	at java.base/java.lang.Class.privateGetDeclaredMethods(Class.java:3404) ~[na:na]
	at java.base/java.lang.Class.getDeclaredMethods(Class.java:2506) ~[na:na]
	at org.springframework.util.ReflectionUtils.getDeclaredMethods(ReflectionUtils.java:465) ~[spring-core-7.0.7.jar:7.0.7]
	... 39 common frames omitted
Caused by: java.lang.ClassNotFoundException: org.springframework.data.redis.serializer.RedisSerializer
	at java.base/jdk.internal.loader.BuiltinClassLoader.loadClass(BuiltinClassLoader.java:641) ~[na:na]
	at java.base/jdk.internal.loader.ClassLoaders$AppClassLoader.loadClass(ClassLoaders.java:188) ~[na:na]
	at java.base/java.lang.ClassLoader.loadClass(ClassLoader.java:525) ~[na:na]
	at java.base/java.lang.Class.forName0(Native Method) ~[na:na]
	at java.base/java.lang.Class.forName(Class.java:469) ~[na:na]
	at org.springframework.boot.devtools.restart.classloader.RestartClassLoader.loadClass(RestartClassLoader.java:123) ~[spring-boot-devtools-4.0.6.jar:4.0.6]
	at java.base/java.lang.ClassLoader.loadClass(ClassLoader.java:525) ~[na:na]
	... 43 common frames omitted
2026-06-05 16:22:33.057 [restartedMain] INFO  com.company.demo.DemoApplication - Starting DemoApplication using Java 17.0.19 with PID 30620 (D:\Work\Workspace\demo\target\classes started by jiaolei in D:\Work\Workspace\demo)
2026-06-05 16:22:33.057 [restartedMain] DEBUG com.company.demo.DemoApplication - Running with Spring Boot v4.0.6, Spring v7.0.7
2026-06-05 16:22:33.057 [restartedMain] INFO  com.company.demo.DemoApplication - No active profile set, falling back to 1 default profile: "default"
2026-06-05 16:22:33.138 [restartedMain] WARN  org.mybatis.spring.mapper.ClassPathMapperScanner - No MyBatis mapper was found in '[com.company.demo.mapper]' package. Please check your configuration.
2026-06-05 16:22:33.166 [restartedMain] INFO  org.springframework.boot.tomcat.TomcatWebServer - Tomcat initialized with port 8080 (http)
2026-06-05 16:22:33.167 [restartedMain] INFO  org.apache.catalina.core.StandardService - Starting service [Tomcat]
2026-06-05 16:22:33.167 [restartedMain] INFO  org.apache.catalina.core.StandardEngine - Starting Servlet engine: [Apache Tomcat/11.0.21]
2026-06-05 16:22:33.193 [restartedMain] INFO  o.s.b.w.c.servlet.WebApplicationContextInitializer - Root WebApplicationContext: initialization completed in 135 ms
2026-06-05 16:22:33.377 [restartedMain] INFO  c.b.m.e.spring.MybatisPlusApplicationContextAware - Register ApplicationContext instances org.springframework.boot.web.server.servlet.context.AnnotationConfigServletWebServerApplicationContext@57b3bb07
2026-06-05 16:22:33.400 [restartedMain] INFO  org.springframework.boot.tomcat.TomcatWebServer - Tomcat started on port 8080 (http) with context path '/'
2026-06-05 16:22:33.403 [restartedMain] INFO  com.company.demo.DemoApplication - Started DemoApplication in 0.363 seconds (process running for 6862.274)
2026-06-05 16:22:33.404 [restartedMain] INFO  o.s.b.d.a.ConditionEvaluationDeltaLoggingListener - Condition evaluation unchanged
2026-06-05 16:22:35.235 [File Watcher] INFO  o.s.b.d.a.LocalDevToolsAutoConfiguration$RestartingClassPathChangeChangedEventListener - Restarting due to 21 class path changes (21 additions, 0 deletions, 0 modifications)
2026-06-05 16:22:35.238 [Thread-41] INFO  org.springframework.boot.tomcat.GracefulShutdown - Commencing graceful shutdown. Waiting for active requests to complete
2026-06-05 16:22:35.280 [tomcat-shutdown] INFO  org.springframework.boot.tomcat.GracefulShutdown - Graceful shutdown complete
2026-06-05 16:22:35.353 [restartedMain] INFO  com.company.demo.DemoApplication - Starting DemoApplication using Java 17.0.19 with PID 30620 (D:\Work\Workspace\demo\target\classes started by jiaolei in D:\Work\Workspace\demo)
2026-06-05 16:22:35.354 [restartedMain] DEBUG com.company.demo.DemoApplication - Running with Spring Boot v4.0.6, Spring v7.0.7
2026-06-05 16:22:35.354 [restartedMain] INFO  com.company.demo.DemoApplication - No active profile set, falling back to 1 default profile: "default"
2026-06-05 16:22:35.433 [restartedMain] WARN  o.s.b.w.s.s.c.AnnotationConfigServletWebServerApplicationContext - Exception encountered during context initialization - cancelling refresh attempt: java.lang.IllegalStateException: Error processing condition on org.springframework.boot.autoconfigure.context.PropertyPlaceholderAutoConfiguration.propertySourcesPlaceholderConfigurer
2026-06-05 16:22:35.435 [restartedMain] INFO  o.s.b.a.logging.ConditionEvaluationReportLogger - 

Error starting ApplicationContext. To display the condition evaluation report re-run your application with 'debug' enabled.
2026-06-05 16:22:35.436 [restartedMain] ERROR org.springframework.boot.SpringApplication - Application run failed
java.lang.IllegalStateException: Error processing condition on org.springframework.boot.autoconfigure.context.PropertyPlaceholderAutoConfiguration.propertySourcesPlaceholderConfigurer
	at org.springframework.boot.autoconfigure.condition.SpringBootCondition.matches(SpringBootCondition.java:60) ~[spring-boot-autoconfigure-4.0.6.jar:4.0.6]
	at org.springframework.context.annotation.ConditionEvaluator.shouldSkip(ConditionEvaluator.java:100) ~[spring-context-7.0.7.jar:7.0.7]
	at org.springframework.context.annotation.ConfigurationClassBeanDefinitionReader.loadBeanDefinitionsForBeanMethod(ConfigurationClassBeanDefinitionReader.java:196) ~[spring-context-7.0.7.jar:7.0.7]
	at org.springframework.context.annotation.ConfigurationClassBeanDefinitionReader.loadBeanDefinitionsForConfigurationClass(ConfigurationClassBeanDefinitionReader.java:148) ~[spring-context-7.0.7.jar:7.0.7]
	at org.springframework.context.annotation.ConfigurationClassBeanDefinitionReader.loadBeanDefinitions(ConfigurationClassBeanDefinitionReader.java:124) ~[spring-context-7.0.7.jar:7.0.7]
	at org.springframework.context.annotation.ConfigurationClassPostProcessor.processConfigBeanDefinitions(ConfigurationClassPostProcessor.java:464) ~[spring-context-7.0.7.jar:7.0.7]
	at org.springframework.context.annotation.ConfigurationClassPostProcessor.postProcessBeanDefinitionRegistry(ConfigurationClassPostProcessor.java:316) ~[spring-context-7.0.7.jar:7.0.7]
	at org.springframework.context.support.PostProcessorRegistrationDelegate.invokeBeanDefinitionRegistryPostProcessors(PostProcessorRegistrationDelegate.java:349) ~[spring-context-7.0.7.jar:7.0.7]
	at org.springframework.context.support.PostProcessorRegistrationDelegate.invokeBeanFactoryPostProcessors(PostProcessorRegistrationDelegate.java:118) ~[spring-context-7.0.7.jar:7.0.7]
	at org.springframework.context.support.AbstractApplicationContext.invokeBeanFactoryPostProcessors(AbstractApplicationContext.java:795) ~[spring-context-7.0.7.jar:7.0.7]
	at org.springframework.context.support.AbstractApplicationContext.refresh(AbstractApplicationContext.java:603) ~[spring-context-7.0.7.jar:7.0.7]
	at org.springframework.boot.web.server.servlet.context.ServletWebServerApplicationContext.refresh(ServletWebServerApplicationContext.java:143) ~[spring-boot-web-server-4.0.6.jar:4.0.6]
	at org.springframework.boot.SpringApplication.refresh(SpringApplication.java:756) ~[spring-boot-4.0.6.jar:4.0.6]
	at org.springframework.boot.SpringApplication.refreshContext(SpringApplication.java:445) ~[spring-boot-4.0.6.jar:4.0.6]
	at org.springframework.boot.SpringApplication.run(SpringApplication.java:321) ~[spring-boot-4.0.6.jar:4.0.6]
	at org.springframework.boot.SpringApplication.run(SpringApplication.java:1365) ~[spring-boot-4.0.6.jar:4.0.6]
	at org.springframework.boot.SpringApplication.run(SpringApplication.java:1354) ~[spring-boot-4.0.6.jar:4.0.6]
	at com.company.demo.DemoApplication.main(DemoApplication.java:16) ~[classes/:na]
	at java.base/jdk.internal.reflect.NativeMethodAccessorImpl.invoke0(Native Method) ~[na:na]
	at java.base/jdk.internal.reflect.NativeMethodAccessorImpl.invoke(NativeMethodAccessorImpl.java:77) ~[na:na]
	at java.base/jdk.internal.reflect.DelegatingMethodAccessorImpl.invoke(DelegatingMethodAccessorImpl.java:43) ~[na:na]
	at java.base/java.lang.reflect.Method.invoke(Method.java:569) ~[na:na]
	at org.springframework.boot.devtools.restart.RestartLauncher.run(RestartLauncher.java:52) ~[spring-boot-devtools-4.0.6.jar:4.0.6]
Caused by: java.lang.IllegalStateException: Failed to introspect Class [com.company.demo.config.RedisConfig] from ClassLoader [org.springframework.boot.devtools.restart.classloader.RestartClassLoader@366d0edb]
	at org.springframework.util.ReflectionUtils.getDeclaredMethods(ReflectionUtils.java:483) ~[spring-core-7.0.7.jar:7.0.7]
	at org.springframework.util.ReflectionUtils.doWithMethods(ReflectionUtils.java:360) ~[spring-core-7.0.7.jar:7.0.7]
	at org.springframework.util.ReflectionUtils.getUniqueDeclaredMethods(ReflectionUtils.java:417) ~[spring-core-7.0.7.jar:7.0.7]
	at org.springframework.beans.factory.support.AbstractAutowireCapableBeanFactory.lambda$getTypeForFactoryMethod$0(AbstractAutowireCapableBeanFactory.java:750) ~[spring-beans-7.0.7.jar:7.0.7]
	at java.base/java.util.concurrent.ConcurrentHashMap.computeIfAbsent(ConcurrentHashMap.java:1708) ~[na:na]
	at org.springframework.beans.factory.support.AbstractAutowireCapableBeanFactory.getTypeForFactoryMethod(AbstractAutowireCapableBeanFactory.java:749) ~[spring-beans-7.0.7.jar:7.0.7]
	at org.springframework.beans.factory.support.AbstractAutowireCapableBeanFactory.determineTargetType(AbstractAutowireCapableBeanFactory.java:683) ~[spring-beans-7.0.7.jar:7.0.7]
	at org.springframework.beans.factory.support.AbstractAutowireCapableBeanFactory.predictBeanType(AbstractAutowireCapableBeanFactory.java:655) ~[spring-beans-7.0.7.jar:7.0.7]
	at org.springframework.beans.factory.support.AbstractBeanFactory.isFactoryBean(AbstractBeanFactory.java:1699) ~[spring-beans-7.0.7.jar:7.0.7]
	at org.springframework.beans.factory.support.DefaultListableBeanFactory.doGetBeanNamesForType(DefaultListableBeanFactory.java:632) ~[spring-beans-7.0.7.jar:7.0.7]
	at org.springframework.beans.factory.support.DefaultListableBeanFactory.getBeanNamesForType(DefaultListableBeanFactory.java:604) ~[spring-beans-7.0.7.jar:7.0.7]
	at org.springframework.beans.factory.support.DefaultListableBeanFactory.getBeanNamesForType(DefaultListableBeanFactory.java:589) ~[spring-beans-7.0.7.jar:7.0.7]
	at org.springframework.boot.autoconfigure.condition.OnBeanCondition.collectBeanDefinitionsForType(OnBeanCondition.java:334) ~[spring-boot-autoconfigure-4.0.6.jar:4.0.6]
	at org.springframework.boot.autoconfigure.condition.OnBeanCondition.getBeanDefinitionsForType(OnBeanCondition.java:323) ~[spring-boot-autoconfigure-4.0.6.jar:4.0.6]
	at org.springframework.boot.autoconfigure.condition.OnBeanCondition.getMatchingBeans(OnBeanCondition.java:221) ~[spring-boot-autoconfigure-4.0.6.jar:4.0.6]
	at org.springframework.boot.autoconfigure.condition.OnBeanCondition.evaluateConditionalOnMissingBean(OnBeanCondition.java:204) ~[spring-boot-autoconfigure-4.0.6.jar:4.0.6]
	at org.springframework.boot.autoconfigure.condition.OnBeanCondition.getMatchOutcome(OnBeanCondition.java:149) ~[spring-boot-autoconfigure-4.0.6.jar:4.0.6]
	at org.springframework.boot.autoconfigure.condition.SpringBootCondition.matches(SpringBootCondition.java:47) ~[spring-boot-autoconfigure-4.0.6.jar:4.0.6]
	... 22 common frames omitted
Caused by: java.lang.NoClassDefFoundError: org/springframework/data/redis/serializer/RedisSerializer
	at java.base/java.lang.Class.getDeclaredMethods0(Native Method) ~[na:na]
	at java.base/java.lang.Class.privateGetDeclaredMethods(Class.java:3404) ~[na:na]
	at java.base/java.lang.Class.getDeclaredMethods(Class.java:2506) ~[na:na]
	at org.springframework.util.ReflectionUtils.getDeclaredMethods(ReflectionUtils.java:465) ~[spring-core-7.0.7.jar:7.0.7]
	... 39 common frames omitted
Caused by: java.lang.ClassNotFoundException: org.springframework.data.redis.serializer.RedisSerializer
	at java.base/jdk.internal.loader.BuiltinClassLoader.loadClass(BuiltinClassLoader.java:641) ~[na:na]
	at java.base/jdk.internal.loader.ClassLoaders$AppClassLoader.loadClass(ClassLoaders.java:188) ~[na:na]
	at java.base/java.lang.ClassLoader.loadClass(ClassLoader.java:525) ~[na:na]
	at java.base/java.lang.Class.forName0(Native Method) ~[na:na]
	at java.base/java.lang.Class.forName(Class.java:469) ~[na:na]
	at org.springframework.boot.devtools.restart.classloader.RestartClassLoader.loadClass(RestartClassLoader.java:123) ~[spring-boot-devtools-4.0.6.jar:4.0.6]
	at java.base/java.lang.ClassLoader.loadClass(ClassLoader.java:525) ~[na:na]
	... 43 common frames omitted
2026-06-05 16:30:14.010 [restartedMain] INFO  com.company.demo.DemoApplication - Starting DemoApplication using Java 17.0.19 with PID 30620 (D:\Work\Workspace\demo\target\classes started by jiaolei in D:\Work\Workspace\demo)
2026-06-05 16:30:14.010 [restartedMain] DEBUG com.company.demo.DemoApplication - Running with Spring Boot v4.0.6, Spring v7.0.7
2026-06-05 16:30:14.010 [restartedMain] INFO  com.company.demo.DemoApplication - No active profile set, falling back to 1 default profile: "default"
2026-06-05 16:30:14.078 [restartedMain] WARN  o.s.b.w.s.s.c.AnnotationConfigServletWebServerApplicationContext - Exception encountered during context initialization - cancelling refresh attempt: java.lang.IllegalStateException: Error processing condition on org.springframework.boot.autoconfigure.context.PropertyPlaceholderAutoConfiguration.propertySourcesPlaceholderConfigurer
2026-06-05 16:30:14.079 [restartedMain] INFO  o.s.b.a.logging.ConditionEvaluationReportLogger - 

Error starting ApplicationContext. To display the condition evaluation report re-run your application with 'debug' enabled.
2026-06-05 16:30:14.080 [restartedMain] ERROR org.springframework.boot.SpringApplication - Application run failed
java.lang.IllegalStateException: Error processing condition on org.springframework.boot.autoconfigure.context.PropertyPlaceholderAutoConfiguration.propertySourcesPlaceholderConfigurer
	at org.springframework.boot.autoconfigure.condition.SpringBootCondition.matches(SpringBootCondition.java:60) ~[spring-boot-autoconfigure-4.0.6.jar:4.0.6]
	at org.springframework.context.annotation.ConditionEvaluator.shouldSkip(ConditionEvaluator.java:100) ~[spring-context-7.0.7.jar:7.0.7]
	at org.springframework.context.annotation.ConfigurationClassBeanDefinitionReader.loadBeanDefinitionsForBeanMethod(ConfigurationClassBeanDefinitionReader.java:196) ~[spring-context-7.0.7.jar:7.0.7]
	at org.springframework.context.annotation.ConfigurationClassBeanDefinitionReader.loadBeanDefinitionsForConfigurationClass(ConfigurationClassBeanDefinitionReader.java:148) ~[spring-context-7.0.7.jar:7.0.7]
	at org.springframework.context.annotation.ConfigurationClassBeanDefinitionReader.loadBeanDefinitions(ConfigurationClassBeanDefinitionReader.java:124) ~[spring-context-7.0.7.jar:7.0.7]
	at org.springframework.context.annotation.ConfigurationClassPostProcessor.processConfigBeanDefinitions(ConfigurationClassPostProcessor.java:464) ~[spring-context-7.0.7.jar:7.0.7]
	at org.springframework.context.annotation.ConfigurationClassPostProcessor.postProcessBeanDefinitionRegistry(ConfigurationClassPostProcessor.java:316) ~[spring-context-7.0.7.jar:7.0.7]
	at org.springframework.context.support.PostProcessorRegistrationDelegate.invokeBeanDefinitionRegistryPostProcessors(PostProcessorRegistrationDelegate.java:349) ~[spring-context-7.0.7.jar:7.0.7]
	at org.springframework.context.support.PostProcessorRegistrationDelegate.invokeBeanFactoryPostProcessors(PostProcessorRegistrationDelegate.java:118) ~[spring-context-7.0.7.jar:7.0.7]
	at org.springframework.context.support.AbstractApplicationContext.invokeBeanFactoryPostProcessors(AbstractApplicationContext.java:795) ~[spring-context-7.0.7.jar:7.0.7]
	at org.springframework.context.support.AbstractApplicationContext.refresh(AbstractApplicationContext.java:603) ~[spring-context-7.0.7.jar:7.0.7]
	at org.springframework.boot.web.server.servlet.context.ServletWebServerApplicationContext.refresh(ServletWebServerApplicationContext.java:143) ~[spring-boot-web-server-4.0.6.jar:4.0.6]
	at org.springframework.boot.SpringApplication.refresh(SpringApplication.java:756) ~[spring-boot-4.0.6.jar:4.0.6]
	at org.springframework.boot.SpringApplication.refreshContext(SpringApplication.java:445) ~[spring-boot-4.0.6.jar:4.0.6]
	at org.springframework.boot.SpringApplication.run(SpringApplication.java:321) ~[spring-boot-4.0.6.jar:4.0.6]
	at org.springframework.boot.SpringApplication.run(SpringApplication.java:1365) ~[spring-boot-4.0.6.jar:4.0.6]
	at org.springframework.boot.SpringApplication.run(SpringApplication.java:1354) ~[spring-boot-4.0.6.jar:4.0.6]
	at com.company.demo.DemoApplication.main(DemoApplication.java:16) ~[classes/:na]
	at java.base/jdk.internal.reflect.NativeMethodAccessorImpl.invoke0(Native Method) ~[na:na]
	at java.base/jdk.internal.reflect.NativeMethodAccessorImpl.invoke(NativeMethodAccessorImpl.java:77) ~[na:na]
	at java.base/jdk.internal.reflect.DelegatingMethodAccessorImpl.invoke(DelegatingMethodAccessorImpl.java:43) ~[na:na]
	at java.base/java.lang.reflect.Method.invoke(Method.java:569) ~[na:na]
	at org.springframework.boot.devtools.restart.RestartLauncher.run(RestartLauncher.java:52) ~[spring-boot-devtools-4.0.6.jar:4.0.6]
Caused by: java.lang.IllegalStateException: Failed to introspect Class [com.company.demo.config.RedisConfig] from ClassLoader [org.springframework.boot.devtools.restart.classloader.RestartClassLoader@7091c751]
	at org.springframework.util.ReflectionUtils.getDeclaredMethods(ReflectionUtils.java:483) ~[spring-core-7.0.7.jar:7.0.7]
	at org.springframework.util.ReflectionUtils.doWithMethods(ReflectionUtils.java:360) ~[spring-core-7.0.7.jar:7.0.7]
	at org.springframework.util.ReflectionUtils.getUniqueDeclaredMethods(ReflectionUtils.java:417) ~[spring-core-7.0.7.jar:7.0.7]
	at org.springframework.beans.factory.support.AbstractAutowireCapableBeanFactory.lambda$getTypeForFactoryMethod$0(AbstractAutowireCapableBeanFactory.java:750) ~[spring-beans-7.0.7.jar:7.0.7]
	at java.base/java.util.concurrent.ConcurrentHashMap.computeIfAbsent(ConcurrentHashMap.java:1708) ~[na:na]
	at org.springframework.beans.factory.support.AbstractAutowireCapableBeanFactory.getTypeForFactoryMethod(AbstractAutowireCapableBeanFactory.java:749) ~[spring-beans-7.0.7.jar:7.0.7]
	at org.springframework.beans.factory.support.AbstractAutowireCapableBeanFactory.determineTargetType(AbstractAutowireCapableBeanFactory.java:683) ~[spring-beans-7.0.7.jar:7.0.7]
	at org.springframework.beans.factory.support.AbstractAutowireCapableBeanFactory.predictBeanType(AbstractAutowireCapableBeanFactory.java:655) ~[spring-beans-7.0.7.jar:7.0.7]
	at org.springframework.beans.factory.support.AbstractBeanFactory.isFactoryBean(AbstractBeanFactory.java:1699) ~[spring-beans-7.0.7.jar:7.0.7]
	at org.springframework.beans.factory.support.DefaultListableBeanFactory.doGetBeanNamesForType(DefaultListableBeanFactory.java:632) ~[spring-beans-7.0.7.jar:7.0.7]
	at org.springframework.beans.factory.support.DefaultListableBeanFactory.getBeanNamesForType(DefaultListableBeanFactory.java:604) ~[spring-beans-7.0.7.jar:7.0.7]
	at org.springframework.beans.factory.support.DefaultListableBeanFactory.getBeanNamesForType(DefaultListableBeanFactory.java:589) ~[spring-beans-7.0.7.jar:7.0.7]
	at org.springframework.boot.autoconfigure.condition.OnBeanCondition.collectBeanDefinitionsForType(OnBeanCondition.java:334) ~[spring-boot-autoconfigure-4.0.6.jar:4.0.6]
	at org.springframework.boot.autoconfigure.condition.OnBeanCondition.getBeanDefinitionsForType(OnBeanCondition.java:323) ~[spring-boot-autoconfigure-4.0.6.jar:4.0.6]
	at org.springframework.boot.autoconfigure.condition.OnBeanCondition.getMatchingBeans(OnBeanCondition.java:221) ~[spring-boot-autoconfigure-4.0.6.jar:4.0.6]
	at org.springframework.boot.autoconfigure.condition.OnBeanCondition.evaluateConditionalOnMissingBean(OnBeanCondition.java:204) ~[spring-boot-autoconfigure-4.0.6.jar:4.0.6]
	at org.springframework.boot.autoconfigure.condition.OnBeanCondition.getMatchOutcome(OnBeanCondition.java:149) ~[spring-boot-autoconfigure-4.0.6.jar:4.0.6]
	at org.springframework.boot.autoconfigure.condition.SpringBootCondition.matches(SpringBootCondition.java:47) ~[spring-boot-autoconfigure-4.0.6.jar:4.0.6]
	... 22 common frames omitted
Caused by: java.lang.NoClassDefFoundError: org/springframework/data/redis/serializer/RedisSerializer
	at java.base/java.lang.Class.getDeclaredMethods0(Native Method) ~[na:na]
	at java.base/java.lang.Class.privateGetDeclaredMethods(Class.java:3404) ~[na:na]
	at java.base/java.lang.Class.getDeclaredMethods(Class.java:2506) ~[na:na]
	at org.springframework.util.ReflectionUtils.getDeclaredMethods(ReflectionUtils.java:465) ~[spring-core-7.0.7.jar:7.0.7]
	... 39 common frames omitted
Caused by: java.lang.ClassNotFoundException: org.springframework.data.redis.serializer.RedisSerializer
	at java.base/jdk.internal.loader.BuiltinClassLoader.loadClass(BuiltinClassLoader.java:641) ~[na:na]
	at java.base/jdk.internal.loader.ClassLoaders$AppClassLoader.loadClass(ClassLoaders.java:188) ~[na:na]
	at java.base/java.lang.ClassLoader.loadClass(ClassLoader.java:525) ~[na:na]
	at java.base/java.lang.Class.forName0(Native Method) ~[na:na]
	at java.base/java.lang.Class.forName(Class.java:469) ~[na:na]
	at org.springframework.boot.devtools.restart.classloader.RestartClassLoader.loadClass(RestartClassLoader.java:123) ~[spring-boot-devtools-4.0.6.jar:4.0.6]
	at java.base/java.lang.ClassLoader.loadClass(ClassLoader.java:525) ~[na:na]
	... 43 common frames omitted
2026-06-05 16:30:15.523 [restartedMain] INFO  com.company.demo.DemoApplication - Starting DemoApplication using Java 17.0.19 with PID 30620 (D:\Work\Workspace\demo\target\classes started by jiaolei in D:\Work\Workspace\demo)
2026-06-05 16:30:15.523 [restartedMain] DEBUG com.company.demo.DemoApplication - Running with Spring Boot v4.0.6, Spring v7.0.7
2026-06-05 16:30:15.523 [restartedMain] INFO  com.company.demo.DemoApplication - No active profile set, falling back to 1 default profile: "default"
2026-06-05 16:30:15.583 [restartedMain] WARN  o.s.b.w.s.s.c.AnnotationConfigServletWebServerApplicationContext - Exception encountered during context initialization - cancelling refresh attempt: java.lang.IllegalStateException: Error processing condition on org.springframework.boot.autoconfigure.context.PropertyPlaceholderAutoConfiguration.propertySourcesPlaceholderConfigurer
2026-06-05 16:30:15.583 [restartedMain] INFO  o.s.b.a.logging.ConditionEvaluationReportLogger - 

Error starting ApplicationContext. To display the condition evaluation report re-run your application with 'debug' enabled.
2026-06-05 16:30:15.585 [restartedMain] ERROR org.springframework.boot.SpringApplication - Application run failed
java.lang.IllegalStateException: Error processing condition on org.springframework.boot.autoconfigure.context.PropertyPlaceholderAutoConfiguration.propertySourcesPlaceholderConfigurer
	at org.springframework.boot.autoconfigure.condition.SpringBootCondition.matches(SpringBootCondition.java:60) ~[spring-boot-autoconfigure-4.0.6.jar:4.0.6]
	at org.springframework.context.annotation.ConditionEvaluator.shouldSkip(ConditionEvaluator.java:100) ~[spring-context-7.0.7.jar:7.0.7]
	at org.springframework.context.annotation.ConfigurationClassBeanDefinitionReader.loadBeanDefinitionsForBeanMethod(ConfigurationClassBeanDefinitionReader.java:196) ~[spring-context-7.0.7.jar:7.0.7]
	at org.springframework.context.annotation.ConfigurationClassBeanDefinitionReader.loadBeanDefinitionsForConfigurationClass(ConfigurationClassBeanDefinitionReader.java:148) ~[spring-context-7.0.7.jar:7.0.7]
	at org.springframework.context.annotation.ConfigurationClassBeanDefinitionReader.loadBeanDefinitions(ConfigurationClassBeanDefinitionReader.java:124) ~[spring-context-7.0.7.jar:7.0.7]
	at org.springframework.context.annotation.ConfigurationClassPostProcessor.processConfigBeanDefinitions(ConfigurationClassPostProcessor.java:464) ~[spring-context-7.0.7.jar:7.0.7]
	at org.springframework.context.annotation.ConfigurationClassPostProcessor.postProcessBeanDefinitionRegistry(ConfigurationClassPostProcessor.java:316) ~[spring-context-7.0.7.jar:7.0.7]
	at org.springframework.context.support.PostProcessorRegistrationDelegate.invokeBeanDefinitionRegistryPostProcessors(PostProcessorRegistrationDelegate.java:349) ~[spring-context-7.0.7.jar:7.0.7]
	at org.springframework.context.support.PostProcessorRegistrationDelegate.invokeBeanFactoryPostProcessors(PostProcessorRegistrationDelegate.java:118) ~[spring-context-7.0.7.jar:7.0.7]
	at org.springframework.context.support.AbstractApplicationContext.invokeBeanFactoryPostProcessors(AbstractApplicationContext.java:795) ~[spring-context-7.0.7.jar:7.0.7]
	at org.springframework.context.support.AbstractApplicationContext.refresh(AbstractApplicationContext.java:603) ~[spring-context-7.0.7.jar:7.0.7]
	at org.springframework.boot.web.server.servlet.context.ServletWebServerApplicationContext.refresh(ServletWebServerApplicationContext.java:143) ~[spring-boot-web-server-4.0.6.jar:4.0.6]
	at org.springframework.boot.SpringApplication.refresh(SpringApplication.java:756) ~[spring-boot-4.0.6.jar:4.0.6]
	at org.springframework.boot.SpringApplication.refreshContext(SpringApplication.java:445) ~[spring-boot-4.0.6.jar:4.0.6]
	at org.springframework.boot.SpringApplication.run(SpringApplication.java:321) ~[spring-boot-4.0.6.jar:4.0.6]
	at org.springframework.boot.SpringApplication.run(SpringApplication.java:1365) ~[spring-boot-4.0.6.jar:4.0.6]
	at org.springframework.boot.SpringApplication.run(SpringApplication.java:1354) ~[spring-boot-4.0.6.jar:4.0.6]
	at com.company.demo.DemoApplication.main(DemoApplication.java:16) ~[classes/:na]
	at java.base/jdk.internal.reflect.NativeMethodAccessorImpl.invoke0(Native Method) ~[na:na]
	at java.base/jdk.internal.reflect.NativeMethodAccessorImpl.invoke(NativeMethodAccessorImpl.java:77) ~[na:na]
	at java.base/jdk.internal.reflect.DelegatingMethodAccessorImpl.invoke(DelegatingMethodAccessorImpl.java:43) ~[na:na]
	at java.base/java.lang.reflect.Method.invoke(Method.java:569) ~[na:na]
	at org.springframework.boot.devtools.restart.RestartLauncher.run(RestartLauncher.java:52) ~[spring-boot-devtools-4.0.6.jar:4.0.6]
Caused by: java.lang.IllegalStateException: Failed to introspect Class [com.company.demo.config.RedisConfig] from ClassLoader [org.springframework.boot.devtools.restart.classloader.RestartClassLoader@791baa7]
	at org.springframework.util.ReflectionUtils.getDeclaredMethods(ReflectionUtils.java:483) ~[spring-core-7.0.7.jar:7.0.7]
	at org.springframework.util.ReflectionUtils.doWithMethods(ReflectionUtils.java:360) ~[spring-core-7.0.7.jar:7.0.7]
	at org.springframework.util.ReflectionUtils.getUniqueDeclaredMethods(ReflectionUtils.java:417) ~[spring-core-7.0.7.jar:7.0.7]
	at org.springframework.beans.factory.support.AbstractAutowireCapableBeanFactory.lambda$getTypeForFactoryMethod$0(AbstractAutowireCapableBeanFactory.java:750) ~[spring-beans-7.0.7.jar:7.0.7]
	at java.base/java.util.concurrent.ConcurrentHashMap.computeIfAbsent(ConcurrentHashMap.java:1708) ~[na:na]
	at org.springframework.beans.factory.support.AbstractAutowireCapableBeanFactory.getTypeForFactoryMethod(AbstractAutowireCapableBeanFactory.java:749) ~[spring-beans-7.0.7.jar:7.0.7]
	at org.springframework.beans.factory.support.AbstractAutowireCapableBeanFactory.determineTargetType(AbstractAutowireCapableBeanFactory.java:683) ~[spring-beans-7.0.7.jar:7.0.7]
	at org.springframework.beans.factory.support.AbstractAutowireCapableBeanFactory.predictBeanType(AbstractAutowireCapableBeanFactory.java:655) ~[spring-beans-7.0.7.jar:7.0.7]
	at org.springframework.beans.factory.support.AbstractBeanFactory.isFactoryBean(AbstractBeanFactory.java:1699) ~[spring-beans-7.0.7.jar:7.0.7]
	at org.springframework.beans.factory.support.DefaultListableBeanFactory.doGetBeanNamesForType(DefaultListableBeanFactory.java:632) ~[spring-beans-7.0.7.jar:7.0.7]
	at org.springframework.beans.factory.support.DefaultListableBeanFactory.getBeanNamesForType(DefaultListableBeanFactory.java:604) ~[spring-beans-7.0.7.jar:7.0.7]
	at org.springframework.beans.factory.support.DefaultListableBeanFactory.getBeanNamesForType(DefaultListableBeanFactory.java:589) ~[spring-beans-7.0.7.jar:7.0.7]
	at org.springframework.boot.autoconfigure.condition.OnBeanCondition.collectBeanDefinitionsForType(OnBeanCondition.java:334) ~[spring-boot-autoconfigure-4.0.6.jar:4.0.6]
	at org.springframework.boot.autoconfigure.condition.OnBeanCondition.getBeanDefinitionsForType(OnBeanCondition.java:323) ~[spring-boot-autoconfigure-4.0.6.jar:4.0.6]
	at org.springframework.boot.autoconfigure.condition.OnBeanCondition.getMatchingBeans(OnBeanCondition.java:221) ~[spring-boot-autoconfigure-4.0.6.jar:4.0.6]
	at org.springframework.boot.autoconfigure.condition.OnBeanCondition.evaluateConditionalOnMissingBean(OnBeanCondition.java:204) ~[spring-boot-autoconfigure-4.0.6.jar:4.0.6]
	at org.springframework.boot.autoconfigure.condition.OnBeanCondition.getMatchOutcome(OnBeanCondition.java:149) ~[spring-boot-autoconfigure-4.0.6.jar:4.0.6]
	at org.springframework.boot.autoconfigure.condition.SpringBootCondition.matches(SpringBootCondition.java:47) ~[spring-boot-autoconfigure-4.0.6.jar:4.0.6]
	... 22 common frames omitted
Caused by: java.lang.NoClassDefFoundError: org/springframework/data/redis/serializer/RedisSerializer
	at java.base/java.lang.Class.getDeclaredMethods0(Native Method) ~[na:na]
	at java.base/java.lang.Class.privateGetDeclaredMethods(Class.java:3404) ~[na:na]
	at java.base/java.lang.Class.getDeclaredMethods(Class.java:2506) ~[na:na]
	at org.springframework.util.ReflectionUtils.getDeclaredMethods(ReflectionUtils.java:465) ~[spring-core-7.0.7.jar:7.0.7]
	... 39 common frames omitted
Caused by: java.lang.ClassNotFoundException: org.springframework.data.redis.serializer.RedisSerializer
	at java.base/jdk.internal.loader.BuiltinClassLoader.loadClass(BuiltinClassLoader.java:641) ~[na:na]
	at java.base/jdk.internal.loader.ClassLoaders$AppClassLoader.loadClass(ClassLoaders.java:188) ~[na:na]
	at java.base/java.lang.ClassLoader.loadClass(ClassLoader.java:525) ~[na:na]
	at java.base/java.lang.Class.forName0(Native Method) ~[na:na]
	at java.base/java.lang.Class.forName(Class.java:469) ~[na:na]
	at org.springframework.boot.devtools.restart.classloader.RestartClassLoader.loadClass(RestartClassLoader.java:123) ~[spring-boot-devtools-4.0.6.jar:4.0.6]
	at java.base/java.lang.ClassLoader.loadClass(ClassLoader.java:525) ~[na:na]
	... 43 common frames omitted
2026-06-05 16:31:14.057 [restartedMain] INFO  com.company.demo.DemoApplication - Starting DemoApplication using Java 17.0.19 with PID 30620 (D:\Work\Workspace\demo\target\classes started by jiaolei in D:\Work\Workspace\demo)
2026-06-05 16:31:14.058 [restartedMain] DEBUG com.company.demo.DemoApplication - Running with Spring Boot v4.0.6, Spring v7.0.7
2026-06-05 16:31:14.058 [restartedMain] INFO  com.company.demo.DemoApplication - No active profile set, falling back to 1 default profile: "default"
2026-06-05 16:31:14.111 [restartedMain] WARN  o.s.b.w.s.s.c.AnnotationConfigServletWebServerApplicationContext - Exception encountered during context initialization - cancelling refresh attempt: java.lang.IllegalStateException: Error processing condition on org.springframework.boot.autoconfigure.context.PropertyPlaceholderAutoConfiguration.propertySourcesPlaceholderConfigurer
2026-06-05 16:31:14.112 [restartedMain] INFO  o.s.b.a.logging.ConditionEvaluationReportLogger - 

Error starting ApplicationContext. To display the condition evaluation report re-run your application with 'debug' enabled.
2026-06-05 16:31:14.113 [restartedMain] ERROR org.springframework.boot.SpringApplication - Application run failed
java.lang.IllegalStateException: Error processing condition on org.springframework.boot.autoconfigure.context.PropertyPlaceholderAutoConfiguration.propertySourcesPlaceholderConfigurer
	at org.springframework.boot.autoconfigure.condition.SpringBootCondition.matches(SpringBootCondition.java:60) ~[spring-boot-autoconfigure-4.0.6.jar:4.0.6]
	at org.springframework.context.annotation.ConditionEvaluator.shouldSkip(ConditionEvaluator.java:100) ~[spring-context-7.0.7.jar:7.0.7]
	at org.springframework.context.annotation.ConfigurationClassBeanDefinitionReader.loadBeanDefinitionsForBeanMethod(ConfigurationClassBeanDefinitionReader.java:196) ~[spring-context-7.0.7.jar:7.0.7]
	at org.springframework.context.annotation.ConfigurationClassBeanDefinitionReader.loadBeanDefinitionsForConfigurationClass(ConfigurationClassBeanDefinitionReader.java:148) ~[spring-context-7.0.7.jar:7.0.7]
	at org.springframework.context.annotation.ConfigurationClassBeanDefinitionReader.loadBeanDefinitions(ConfigurationClassBeanDefinitionReader.java:124) ~[spring-context-7.0.7.jar:7.0.7]
	at org.springframework.context.annotation.ConfigurationClassPostProcessor.processConfigBeanDefinitions(ConfigurationClassPostProcessor.java:464) ~[spring-context-7.0.7.jar:7.0.7]
	at org.springframework.context.annotation.ConfigurationClassPostProcessor.postProcessBeanDefinitionRegistry(ConfigurationClassPostProcessor.java:316) ~[spring-context-7.0.7.jar:7.0.7]
	at org.springframework.context.support.PostProcessorRegistrationDelegate.invokeBeanDefinitionRegistryPostProcessors(PostProcessorRegistrationDelegate.java:349) ~[spring-context-7.0.7.jar:7.0.7]
	at org.springframework.context.support.PostProcessorRegistrationDelegate.invokeBeanFactoryPostProcessors(PostProcessorRegistrationDelegate.java:118) ~[spring-context-7.0.7.jar:7.0.7]
	at org.springframework.context.support.AbstractApplicationContext.invokeBeanFactoryPostProcessors(AbstractApplicationContext.java:795) ~[spring-context-7.0.7.jar:7.0.7]
	at org.springframework.context.support.AbstractApplicationContext.refresh(AbstractApplicationContext.java:603) ~[spring-context-7.0.7.jar:7.0.7]
	at org.springframework.boot.web.server.servlet.context.ServletWebServerApplicationContext.refresh(ServletWebServerApplicationContext.java:143) ~[spring-boot-web-server-4.0.6.jar:4.0.6]
	at org.springframework.boot.SpringApplication.refresh(SpringApplication.java:756) ~[spring-boot-4.0.6.jar:4.0.6]
	at org.springframework.boot.SpringApplication.refreshContext(SpringApplication.java:445) ~[spring-boot-4.0.6.jar:4.0.6]
	at org.springframework.boot.SpringApplication.run(SpringApplication.java:321) ~[spring-boot-4.0.6.jar:4.0.6]
	at org.springframework.boot.SpringApplication.run(SpringApplication.java:1365) ~[spring-boot-4.0.6.jar:4.0.6]
	at org.springframework.boot.SpringApplication.run(SpringApplication.java:1354) ~[spring-boot-4.0.6.jar:4.0.6]
	at com.company.demo.DemoApplication.main(DemoApplication.java:16) ~[classes/:na]
	at java.base/jdk.internal.reflect.NativeMethodAccessorImpl.invoke0(Native Method) ~[na:na]
	at java.base/jdk.internal.reflect.NativeMethodAccessorImpl.invoke(NativeMethodAccessorImpl.java:77) ~[na:na]
	at java.base/jdk.internal.reflect.DelegatingMethodAccessorImpl.invoke(DelegatingMethodAccessorImpl.java:43) ~[na:na]
	at java.base/java.lang.reflect.Method.invoke(Method.java:569) ~[na:na]
	at org.springframework.boot.devtools.restart.RestartLauncher.run(RestartLauncher.java:52) ~[spring-boot-devtools-4.0.6.jar:4.0.6]
Caused by: java.lang.IllegalStateException: Failed to introspect Class [com.company.demo.config.RedisConfig] from ClassLoader [org.springframework.boot.devtools.restart.classloader.RestartClassLoader@8872d89]
	at org.springframework.util.ReflectionUtils.getDeclaredMethods(ReflectionUtils.java:483) ~[spring-core-7.0.7.jar:7.0.7]
	at org.springframework.util.ReflectionUtils.doWithMethods(ReflectionUtils.java:360) ~[spring-core-7.0.7.jar:7.0.7]
	at org.springframework.util.ReflectionUtils.getUniqueDeclaredMethods(ReflectionUtils.java:417) ~[spring-core-7.0.7.jar:7.0.7]
	at org.springframework.beans.factory.support.AbstractAutowireCapableBeanFactory.lambda$getTypeForFactoryMethod$0(AbstractAutowireCapableBeanFactory.java:750) ~[spring-beans-7.0.7.jar:7.0.7]
	at java.base/java.util.concurrent.ConcurrentHashMap.computeIfAbsent(ConcurrentHashMap.java:1708) ~[na:na]
	at org.springframework.beans.factory.support.AbstractAutowireCapableBeanFactory.getTypeForFactoryMethod(AbstractAutowireCapableBeanFactory.java:749) ~[spring-beans-7.0.7.jar:7.0.7]
	at org.springframework.beans.factory.support.AbstractAutowireCapableBeanFactory.determineTargetType(AbstractAutowireCapableBeanFactory.java:683) ~[spring-beans-7.0.7.jar:7.0.7]
	at org.springframework.beans.factory.support.AbstractAutowireCapableBeanFactory.predictBeanType(AbstractAutowireCapableBeanFactory.java:655) ~[spring-beans-7.0.7.jar:7.0.7]
	at org.springframework.beans.factory.support.AbstractBeanFactory.isFactoryBean(AbstractBeanFactory.java:1699) ~[spring-beans-7.0.7.jar:7.0.7]
	at org.springframework.beans.factory.support.DefaultListableBeanFactory.doGetBeanNamesForType(DefaultListableBeanFactory.java:632) ~[spring-beans-7.0.7.jar:7.0.7]
	at org.springframework.beans.factory.support.DefaultListableBeanFactory.getBeanNamesForType(DefaultListableBeanFactory.java:604) ~[spring-beans-7.0.7.jar:7.0.7]
	at org.springframework.beans.factory.support.DefaultListableBeanFactory.getBeanNamesForType(DefaultListableBeanFactory.java:589) ~[spring-beans-7.0.7.jar:7.0.7]
	at org.springframework.boot.autoconfigure.condition.OnBeanCondition.collectBeanDefinitionsForType(OnBeanCondition.java:334) ~[spring-boot-autoconfigure-4.0.6.jar:4.0.6]
	at org.springframework.boot.autoconfigure.condition.OnBeanCondition.getBeanDefinitionsForType(OnBeanCondition.java:323) ~[spring-boot-autoconfigure-4.0.6.jar:4.0.6]
	at org.springframework.boot.autoconfigure.condition.OnBeanCondition.getMatchingBeans(OnBeanCondition.java:221) ~[spring-boot-autoconfigure-4.0.6.jar:4.0.6]
	at org.springframework.boot.autoconfigure.condition.OnBeanCondition.evaluateConditionalOnMissingBean(OnBeanCondition.java:204) ~[spring-boot-autoconfigure-4.0.6.jar:4.0.6]
	at org.springframework.boot.autoconfigure.condition.OnBeanCondition.getMatchOutcome(OnBeanCondition.java:149) ~[spring-boot-autoconfigure-4.0.6.jar:4.0.6]
	at org.springframework.boot.autoconfigure.condition.SpringBootCondition.matches(SpringBootCondition.java:47) ~[spring-boot-autoconfigure-4.0.6.jar:4.0.6]
	... 22 common frames omitted
Caused by: java.lang.NoClassDefFoundError: org/springframework/data/redis/serializer/RedisSerializer
	at java.base/java.lang.Class.getDeclaredMethods0(Native Method) ~[na:na]
	at java.base/java.lang.Class.privateGetDeclaredMethods(Class.java:3404) ~[na:na]
	at java.base/java.lang.Class.getDeclaredMethods(Class.java:2506) ~[na:na]
	at org.springframework.util.ReflectionUtils.getDeclaredMethods(ReflectionUtils.java:465) ~[spring-core-7.0.7.jar:7.0.7]
	... 39 common frames omitted
Caused by: java.lang.ClassNotFoundException: org.springframework.data.redis.serializer.RedisSerializer
	at java.base/jdk.internal.loader.BuiltinClassLoader.loadClass(BuiltinClassLoader.java:641) ~[na:na]
	at java.base/jdk.internal.loader.ClassLoaders$AppClassLoader.loadClass(ClassLoaders.java:188) ~[na:na]
	at java.base/java.lang.ClassLoader.loadClass(ClassLoader.java:525) ~[na:na]
	at java.base/java.lang.Class.forName0(Native Method) ~[na:na]
	at java.base/java.lang.Class.forName(Class.java:469) ~[na:na]
	at org.springframework.boot.devtools.restart.classloader.RestartClassLoader.loadClass(RestartClassLoader.java:123) ~[spring-boot-devtools-4.0.6.jar:4.0.6]
	at java.base/java.lang.ClassLoader.loadClass(ClassLoader.java:525) ~[na:na]
	... 43 common frames omitted
2026-06-05 16:31:15.556 [restartedMain] INFO  com.company.demo.DemoApplication - Starting DemoApplication using Java 17.0.19 with PID 30620 (D:\Work\Workspace\demo\target\classes started by jiaolei in D:\Work\Workspace\demo)
2026-06-05 16:31:15.556 [restartedMain] DEBUG com.company.demo.DemoApplication - Running with Spring Boot v4.0.6, Spring v7.0.7
2026-06-05 16:31:15.557 [restartedMain] INFO  com.company.demo.DemoApplication - No active profile set, falling back to 1 default profile: "default"
2026-06-05 16:31:15.615 [restartedMain] WARN  o.s.b.w.s.s.c.AnnotationConfigServletWebServerApplicationContext - Exception encountered during context initialization - cancelling refresh attempt: java.lang.IllegalStateException: Error processing condition on org.springframework.boot.autoconfigure.context.PropertyPlaceholderAutoConfiguration.propertySourcesPlaceholderConfigurer
2026-06-05 16:31:15.616 [restartedMain] INFO  o.s.b.a.logging.ConditionEvaluationReportLogger - 

Error starting ApplicationContext. To display the condition evaluation report re-run your application with 'debug' enabled.
2026-06-05 16:31:15.617 [restartedMain] ERROR org.springframework.boot.SpringApplication - Application run failed
java.lang.IllegalStateException: Error processing condition on org.springframework.boot.autoconfigure.context.PropertyPlaceholderAutoConfiguration.propertySourcesPlaceholderConfigurer
	at org.springframework.boot.autoconfigure.condition.SpringBootCondition.matches(SpringBootCondition.java:60) ~[spring-boot-autoconfigure-4.0.6.jar:4.0.6]
	at org.springframework.context.annotation.ConditionEvaluator.shouldSkip(ConditionEvaluator.java:100) ~[spring-context-7.0.7.jar:7.0.7]
	at org.springframework.context.annotation.ConfigurationClassBeanDefinitionReader.loadBeanDefinitionsForBeanMethod(ConfigurationClassBeanDefinitionReader.java:196) ~[spring-context-7.0.7.jar:7.0.7]
	at org.springframework.context.annotation.ConfigurationClassBeanDefinitionReader.loadBeanDefinitionsForConfigurationClass(ConfigurationClassBeanDefinitionReader.java:148) ~[spring-context-7.0.7.jar:7.0.7]
	at org.springframework.context.annotation.ConfigurationClassBeanDefinitionReader.loadBeanDefinitions(ConfigurationClassBeanDefinitionReader.java:124) ~[spring-context-7.0.7.jar:7.0.7]
	at org.springframework.context.annotation.ConfigurationClassPostProcessor.processConfigBeanDefinitions(ConfigurationClassPostProcessor.java:464) ~[spring-context-7.0.7.jar:7.0.7]
	at org.springframework.context.annotation.ConfigurationClassPostProcessor.postProcessBeanDefinitionRegistry(ConfigurationClassPostProcessor.java:316) ~[spring-context-7.0.7.jar:7.0.7]
	at org.springframework.context.support.PostProcessorRegistrationDelegate.invokeBeanDefinitionRegistryPostProcessors(PostProcessorRegistrationDelegate.java:349) ~[spring-context-7.0.7.jar:7.0.7]
	at org.springframework.context.support.PostProcessorRegistrationDelegate.invokeBeanFactoryPostProcessors(PostProcessorRegistrationDelegate.java:118) ~[spring-context-7.0.7.jar:7.0.7]
	at org.springframework.context.support.AbstractApplicationContext.invokeBeanFactoryPostProcessors(AbstractApplicationContext.java:795) ~[spring-context-7.0.7.jar:7.0.7]
	at org.springframework.context.support.AbstractApplicationContext.refresh(AbstractApplicationContext.java:603) ~[spring-context-7.0.7.jar:7.0.7]
	at org.springframework.boot.web.server.servlet.context.ServletWebServerApplicationContext.refresh(ServletWebServerApplicationContext.java:143) ~[spring-boot-web-server-4.0.6.jar:4.0.6]
	at org.springframework.boot.SpringApplication.refresh(SpringApplication.java:756) ~[spring-boot-4.0.6.jar:4.0.6]
	at org.springframework.boot.SpringApplication.refreshContext(SpringApplication.java:445) ~[spring-boot-4.0.6.jar:4.0.6]
	at org.springframework.boot.SpringApplication.run(SpringApplication.java:321) ~[spring-boot-4.0.6.jar:4.0.6]
	at org.springframework.boot.SpringApplication.run(SpringApplication.java:1365) ~[spring-boot-4.0.6.jar:4.0.6]
	at org.springframework.boot.SpringApplication.run(SpringApplication.java:1354) ~[spring-boot-4.0.6.jar:4.0.6]
	at com.company.demo.DemoApplication.main(DemoApplication.java:16) ~[classes/:na]
	at java.base/jdk.internal.reflect.NativeMethodAccessorImpl.invoke0(Native Method) ~[na:na]
	at java.base/jdk.internal.reflect.NativeMethodAccessorImpl.invoke(NativeMethodAccessorImpl.java:77) ~[na:na]
	at java.base/jdk.internal.reflect.DelegatingMethodAccessorImpl.invoke(DelegatingMethodAccessorImpl.java:43) ~[na:na]
	at java.base/java.lang.reflect.Method.invoke(Method.java:569) ~[na:na]
	at org.springframework.boot.devtools.restart.RestartLauncher.run(RestartLauncher.java:52) ~[spring-boot-devtools-4.0.6.jar:4.0.6]
Caused by: java.lang.IllegalStateException: Failed to introspect Class [com.company.demo.config.RedisConfig] from ClassLoader [org.springframework.boot.devtools.restart.classloader.RestartClassLoader@5642f194]
	at org.springframework.util.ReflectionUtils.getDeclaredMethods(ReflectionUtils.java:483) ~[spring-core-7.0.7.jar:7.0.7]
	at org.springframework.util.ReflectionUtils.doWithMethods(ReflectionUtils.java:360) ~[spring-core-7.0.7.jar:7.0.7]
	at org.springframework.util.ReflectionUtils.getUniqueDeclaredMethods(ReflectionUtils.java:417) ~[spring-core-7.0.7.jar:7.0.7]
	at org.springframework.beans.factory.support.AbstractAutowireCapableBeanFactory.lambda$getTypeForFactoryMethod$0(AbstractAutowireCapableBeanFactory.java:750) ~[spring-beans-7.0.7.jar:7.0.7]
	at java.base/java.util.concurrent.ConcurrentHashMap.computeIfAbsent(ConcurrentHashMap.java:1708) ~[na:na]
	at org.springframework.beans.factory.support.AbstractAutowireCapableBeanFactory.getTypeForFactoryMethod(AbstractAutowireCapableBeanFactory.java:749) ~[spring-beans-7.0.7.jar:7.0.7]
	at org.springframework.beans.factory.support.AbstractAutowireCapableBeanFactory.determineTargetType(AbstractAutowireCapableBeanFactory.java:683) ~[spring-beans-7.0.7.jar:7.0.7]
	at org.springframework.beans.factory.support.AbstractAutowireCapableBeanFactory.predictBeanType(AbstractAutowireCapableBeanFactory.java:655) ~[spring-beans-7.0.7.jar:7.0.7]
	at org.springframework.beans.factory.support.AbstractBeanFactory.isFactoryBean(AbstractBeanFactory.java:1699) ~[spring-beans-7.0.7.jar:7.0.7]
	at org.springframework.beans.factory.support.DefaultListableBeanFactory.doGetBeanNamesForType(DefaultListableBeanFactory.java:632) ~[spring-beans-7.0.7.jar:7.0.7]
	at org.springframework.beans.factory.support.DefaultListableBeanFactory.getBeanNamesForType(DefaultListableBeanFactory.java:604) ~[spring-beans-7.0.7.jar:7.0.7]
	at org.springframework.beans.factory.support.DefaultListableBeanFactory.getBeanNamesForType(DefaultListableBeanFactory.java:589) ~[spring-beans-7.0.7.jar:7.0.7]
	at org.springframework.boot.autoconfigure.condition.OnBeanCondition.collectBeanDefinitionsForType(OnBeanCondition.java:334) ~[spring-boot-autoconfigure-4.0.6.jar:4.0.6]
	at org.springframework.boot.autoconfigure.condition.OnBeanCondition.getBeanDefinitionsForType(OnBeanCondition.java:323) ~[spring-boot-autoconfigure-4.0.6.jar:4.0.6]
	at org.springframework.boot.autoconfigure.condition.OnBeanCondition.getMatchingBeans(OnBeanCondition.java:221) ~[spring-boot-autoconfigure-4.0.6.jar:4.0.6]
	at org.springframework.boot.autoconfigure.condition.OnBeanCondition.evaluateConditionalOnMissingBean(OnBeanCondition.java:204) ~[spring-boot-autoconfigure-4.0.6.jar:4.0.6]
	at org.springframework.boot.autoconfigure.condition.OnBeanCondition.getMatchOutcome(OnBeanCondition.java:149) ~[spring-boot-autoconfigure-4.0.6.jar:4.0.6]
	at org.springframework.boot.autoconfigure.condition.SpringBootCondition.matches(SpringBootCondition.java:47) ~[spring-boot-autoconfigure-4.0.6.jar:4.0.6]
	... 22 common frames omitted
Caused by: java.lang.NoClassDefFoundError: org/springframework/data/redis/serializer/RedisSerializer
	at java.base/java.lang.Class.getDeclaredMethods0(Native Method) ~[na:na]
	at java.base/java.lang.Class.privateGetDeclaredMethods(Class.java:3404) ~[na:na]
	at java.base/java.lang.Class.getDeclaredMethods(Class.java:2506) ~[na:na]
	at org.springframework.util.ReflectionUtils.getDeclaredMethods(ReflectionUtils.java:465) ~[spring-core-7.0.7.jar:7.0.7]
	... 39 common frames omitted
Caused by: java.lang.ClassNotFoundException: org.springframework.data.redis.serializer.RedisSerializer
	at java.base/jdk.internal.loader.BuiltinClassLoader.loadClass(BuiltinClassLoader.java:641) ~[na:na]
	at java.base/jdk.internal.loader.ClassLoaders$AppClassLoader.loadClass(ClassLoaders.java:188) ~[na:na]
	at java.base/java.lang.ClassLoader.loadClass(ClassLoader.java:525) ~[na:na]
	at java.base/java.lang.Class.forName0(Native Method) ~[na:na]
	at java.base/java.lang.Class.forName(Class.java:469) ~[na:na]
	at org.springframework.boot.devtools.restart.classloader.RestartClassLoader.loadClass(RestartClassLoader.java:123) ~[spring-boot-devtools-4.0.6.jar:4.0.6]
	at java.base/java.lang.ClassLoader.loadClass(ClassLoader.java:525) ~[na:na]
	... 43 common frames omitted
2026-06-05 16:32:43.224 [restartedMain] INFO  com.company.demo.DemoApplication - Starting DemoApplication using Java 17.0.19 with PID 32624 (D:\Work\Workspace\demo\target\classes started by jiaolei in D:\Work\Workspace\demo)
2026-06-05 16:32:43.227 [restartedMain] DEBUG com.company.demo.DemoApplication - Running with Spring Boot v4.0.6, Spring v7.0.7
2026-06-05 16:32:43.228 [restartedMain] INFO  com.company.demo.DemoApplication - No active profile set, falling back to 1 default profile: "default"
2026-06-05 16:32:43.262 [restartedMain] INFO  o.s.b.d.env.DevToolsPropertyDefaultsPostProcessor - Devtools property defaults active! Set 'spring.devtools.add-properties' to 'false' to disable
2026-06-05 16:32:43.262 [restartedMain] INFO  o.s.b.d.env.DevToolsPropertyDefaultsPostProcessor - For additional web related logging consider setting the 'logging.level.web' property to 'DEBUG'
2026-06-05 16:32:43.803 [restartedMain] INFO  o.s.d.r.config.RepositoryConfigurationDelegate - Multiple Spring Data modules found, entering strict repository configuration mode
2026-06-05 16:32:43.805 [restartedMain] INFO  o.s.d.r.config.RepositoryConfigurationDelegate - Bootstrapping Spring Data Redis repositories in DEFAULT mode.
2026-06-05 16:32:43.829 [restartedMain] INFO  o.s.d.r.config.RepositoryConfigurationDelegate - Finished Spring Data repository scanning in 12 ms. Found 0 Redis repository interfaces.
2026-06-05 16:32:44.392 [restartedMain] INFO  org.springframework.boot.tomcat.TomcatWebServer - Tomcat initialized with port 8080 (http)
2026-06-05 16:32:44.404 [restartedMain] INFO  org.apache.catalina.core.StandardService - Starting service [Tomcat]
2026-06-05 16:32:44.405 [restartedMain] INFO  org.apache.catalina.core.StandardEngine - Starting Servlet engine: [Apache Tomcat/11.0.21]
2026-06-05 16:32:44.455 [restartedMain] INFO  o.s.b.w.c.servlet.WebApplicationContextInitializer - Root WebApplicationContext: initialization completed in 1193 ms
2026-06-05 16:32:44.524 [restartedMain] WARN  o.s.b.w.s.s.c.AnnotationConfigServletWebServerApplicationContext - Exception encountered during context initialization - cancelling refresh attempt: org.springframework.beans.factory.UnsatisfiedDependencyException: Error creating bean with name 'webConfig': Unsatisfied dependency expressed through field 'jwtInterceptor': Error creating bean with name 'jwtInterceptor': Unsatisfied dependency expressed through field 'jwtUtil': Error creating bean with name 'jwtUtil' defined in file [D:\Work\Workspace\demo\target\classes\com\company\demo\utils\JwtUtil.class]: null
2026-06-05 16:32:44.526 [restartedMain] INFO  org.apache.catalina.core.StandardService - Stopping service [Tomcat]
2026-06-05 16:32:44.536 [restartedMain] INFO  o.s.b.a.logging.ConditionEvaluationReportLogger - 

Error starting ApplicationContext. To display the condition evaluation report re-run your application with 'debug' enabled.
2026-06-05 16:32:44.547 [restartedMain] ERROR org.springframework.boot.SpringApplication - Application run failed
org.springframework.beans.factory.UnsatisfiedDependencyException: Error creating bean with name 'webConfig': Unsatisfied dependency expressed through field 'jwtInterceptor': Error creating bean with name 'jwtInterceptor': Unsatisfied dependency expressed through field 'jwtUtil': Error creating bean with name 'jwtUtil' defined in file [D:\Work\Workspace\demo\target\classes\com\company\demo\utils\JwtUtil.class]: null
	at org.springframework.beans.factory.annotation.AutowiredAnnotationBeanPostProcessor$AutowiredFieldElement.resolveFieldValue(AutowiredAnnotationBeanPostProcessor.java:767)
	at org.springframework.beans.factory.annotation.AutowiredAnnotationBeanPostProcessor$AutowiredFieldElement.inject(AutowiredAnnotationBeanPostProcessor.java:748)
	at org.springframework.beans.factory.annotation.InjectionMetadata.inject(InjectionMetadata.java:146)
	at org.springframework.beans.factory.annotation.AutowiredAnnotationBeanPostProcessor.postProcessProperties(AutowiredAnnotationBeanPostProcessor.java:493)
	at org.springframework.beans.factory.support.AbstractAutowireCapableBeanFactory.populateBean(AbstractAutowireCapableBeanFactory.java:1446)
	at org.springframework.beans.factory.support.AbstractAutowireCapableBeanFactory.doCreateBean(AbstractAutowireCapableBeanFactory.java:602)
	at org.springframework.beans.factory.support.AbstractAutowireCapableBeanFactory.createBean(AbstractAutowireCapableBeanFactory.java:525)
	at org.springframework.beans.factory.support.AbstractBeanFactory.lambda$doGetBean$0(AbstractBeanFactory.java:333)
	at org.springframework.beans.factory.support.DefaultSingletonBeanRegistry.getSingleton(DefaultSingletonBeanRegistry.java:371)
	at org.springframework.beans.factory.support.AbstractBeanFactory.doGetBean(AbstractBeanFactory.java:331)
	at org.springframework.beans.factory.support.AbstractBeanFactory.getBean(AbstractBeanFactory.java:196)
	at org.springframework.beans.factory.support.DefaultListableBeanFactory.instantiateSingleton(DefaultListableBeanFactory.java:1218)
	at org.springframework.beans.factory.support.DefaultListableBeanFactory.preInstantiateSingleton(DefaultListableBeanFactory.java:1184)
	at org.springframework.beans.factory.support.DefaultListableBeanFactory.preInstantiateSingletons(DefaultListableBeanFactory.java:1121)
	at org.springframework.context.support.AbstractApplicationContext.finishBeanFactoryInitialization(AbstractApplicationContext.java:994)
	at org.springframework.context.support.AbstractApplicationContext.refresh(AbstractApplicationContext.java:621)
	at org.springframework.boot.web.server.servlet.context.ServletWebServerApplicationContext.refresh(ServletWebServerApplicationContext.java:143)
	at org.springframework.boot.SpringApplication.refresh(SpringApplication.java:756)
	at org.springframework.boot.SpringApplication.refreshContext(SpringApplication.java:445)
	at org.springframework.boot.SpringApplication.run(SpringApplication.java:321)
	at org.springframework.boot.SpringApplication.run(SpringApplication.java:1365)
	at org.springframework.boot.SpringApplication.run(SpringApplication.java:1354)
	at com.company.demo.DemoApplication.main(DemoApplication.java:16)
	at java.base/jdk.internal.reflect.NativeMethodAccessorImpl.invoke0(Native Method)
	at java.base/jdk.internal.reflect.NativeMethodAccessorImpl.invoke(NativeMethodAccessorImpl.java:77)
	at java.base/jdk.internal.reflect.DelegatingMethodAccessorImpl.invoke(DelegatingMethodAccessorImpl.java:43)
	at java.base/java.lang.reflect.Method.invoke(Method.java:569)
	at org.springframework.boot.devtools.restart.RestartLauncher.run(RestartLauncher.java:52)
Caused by: org.springframework.beans.factory.UnsatisfiedDependencyException: Error creating bean with name 'jwtInterceptor': Unsatisfied dependency expressed through field 'jwtUtil': Error creating bean with name 'jwtUtil' defined in file [D:\Work\Workspace\demo\target\classes\com\company\demo\utils\JwtUtil.class]: null
	at org.springframework.beans.factory.annotation.AutowiredAnnotationBeanPostProcessor$AutowiredFieldElement.resolveFieldValue(AutowiredAnnotationBeanPostProcessor.java:767)
	at org.springframework.beans.factory.annotation.AutowiredAnnotationBeanPostProcessor$AutowiredFieldElement.inject(AutowiredAnnotationBeanPostProcessor.java:748)
	at org.springframework.beans.factory.annotation.InjectionMetadata.inject(InjectionMetadata.java:146)
	at org.springframework.beans.factory.annotation.AutowiredAnnotationBeanPostProcessor.postProcessProperties(AutowiredAnnotationBeanPostProcessor.java:493)
	at org.springframework.beans.factory.support.AbstractAutowireCapableBeanFactory.populateBean(AbstractAutowireCapableBeanFactory.java:1446)
	at org.springframework.beans.factory.support.AbstractAutowireCapableBeanFactory.doCreateBean(AbstractAutowireCapableBeanFactory.java:602)
	at org.springframework.beans.factory.support.AbstractAutowireCapableBeanFactory.createBean(AbstractAutowireCapableBeanFactory.java:525)
	at org.springframework.beans.factory.support.AbstractBeanFactory.lambda$doGetBean$0(AbstractBeanFactory.java:333)
	at org.springframework.beans.factory.support.DefaultSingletonBeanRegistry.getSingleton(DefaultSingletonBeanRegistry.java:371)
	at org.springframework.beans.factory.support.AbstractBeanFactory.doGetBean(AbstractBeanFactory.java:331)
	at org.springframework.beans.factory.support.AbstractBeanFactory.getBean(AbstractBeanFactory.java:201)
	at org.springframework.beans.factory.support.DefaultListableBeanFactory.resolveBean(DefaultListableBeanFactory.java:1225)
	at org.springframework.beans.factory.support.DefaultListableBeanFactory.doResolveDependency(DefaultListableBeanFactory.java:1704)
	at org.springframework.beans.factory.support.DefaultListableBeanFactory.resolveDependency(DefaultListableBeanFactory.java:1651)
	at org.springframework.beans.factory.annotation.AutowiredAnnotationBeanPostProcessor$AutowiredFieldElement.resolveFieldValue(AutowiredAnnotationBeanPostProcessor.java:764)
	... 27 common frames omitted
Caused by: org.springframework.beans.factory.BeanCreationException: Error creating bean with name 'jwtUtil' defined in file [D:\Work\Workspace\demo\target\classes\com\company\demo\utils\JwtUtil.class]: null
	at org.springframework.beans.factory.support.AbstractAutowireCapableBeanFactory.instantiateBean(AbstractAutowireCapableBeanFactory.java:1344)
	at org.springframework.beans.factory.support.AbstractAutowireCapableBeanFactory.createBeanInstance(AbstractAutowireCapableBeanFactory.java:1231)
	at org.springframework.beans.factory.support.AbstractAutowireCapableBeanFactory.doCreateBean(AbstractAutowireCapableBeanFactory.java:565)
	at org.springframework.beans.factory.support.AbstractAutowireCapableBeanFactory.createBean(AbstractAutowireCapableBeanFactory.java:525)
	at org.springframework.beans.factory.support.AbstractBeanFactory.lambda$doGetBean$0(AbstractBeanFactory.java:333)
	at org.springframework.beans.factory.support.DefaultSingletonBeanRegistry.getSingleton(DefaultSingletonBeanRegistry.java:371)
	at org.springframework.beans.factory.support.AbstractBeanFactory.doGetBean(AbstractBeanFactory.java:331)
	at org.springframework.beans.factory.support.AbstractBeanFactory.getBean(AbstractBeanFactory.java:201)
	at org.springframework.beans.factory.support.DefaultListableBeanFactory.resolveBean(DefaultListableBeanFactory.java:1225)
	at org.springframework.beans.factory.support.DefaultListableBeanFactory.doResolveDependency(DefaultListableBeanFactory.java:1704)
	at org.springframework.beans.factory.support.DefaultListableBeanFactory.resolveDependency(DefaultListableBeanFactory.java:1651)
	at org.springframework.beans.factory.annotation.AutowiredAnnotationBeanPostProcessor$AutowiredFieldElement.resolveFieldValue(AutowiredAnnotationBeanPostProcessor.java:764)
	... 41 common frames omitted
Caused by: java.lang.ExceptionInInitializerError
	at java.base/jdk.internal.reflect.NativeConstructorAccessorImpl.newInstance0(Native Method)
	at java.base/jdk.internal.reflect.NativeConstructorAccessorImpl.newInstance(NativeConstructorAccessorImpl.java:77)
	at java.base/jdk.internal.reflect.DelegatingConstructorAccessorImpl.newInstance(DelegatingConstructorAccessorImpl.java:45)
	at java.base/java.lang.reflect.Constructor.newInstanceWithCaller(Constructor.java:500)
	at java.base/java.lang.reflect.Constructor.newInstance(Constructor.java:481)
	at org.springframework.beans.BeanUtils.instantiateClass(BeanUtils.java:194)
	at org.springframework.beans.factory.support.SimpleInstantiationStrategy.instantiate(SimpleInstantiationStrategy.java:106)
	at org.springframework.beans.factory.support.AbstractAutowireCapableBeanFactory.instantiateBean(AbstractAutowireCapableBeanFactory.java:1338)
	... 52 common frames omitted
Caused by: java.lang.IllegalStateException: Unable to invoke class method io.jsonwebtoken.impl.crypto.MacProvider#generateKey.  Ensure the necessary implementation is in the runtime classpath.
	at io.jsonwebtoken.lang.Classes.invokeStatic(Classes.java:211)
	at io.jsonwebtoken.security.Keys.secretKeyFor(Keys.java:137)
	at com.company.demo.utils.JwtUtil.<clinit>(JwtUtil.java:20)
	... 60 common frames omitted
Caused by: io.jsonwebtoken.lang.UnknownClassException: Unable to load class named [io.jsonwebtoken.impl.crypto.MacProvider] from the thread context, current, or system/application ClassLoaders.  All heuristics have been exhausted.  Class could not be found.  Have you remembered to include the jjwt-impl.jar in your runtime classpath?
	at io.jsonwebtoken.lang.Classes.forName(Classes.java:93)
	at io.jsonwebtoken.lang.Classes.invokeStatic(Classes.java:204)
	... 62 common frames omitted
2026-06-05 16:39:10.654 [main] INFO  com.company.demo.DemoApplicationTests - Starting DemoApplicationTests using Java 17.0.19 with PID 33272 (started by jiaolei in D:\Work\Workspace\demo)
2026-06-05 16:39:10.655 [main] DEBUG com.company.demo.DemoApplicationTests - Running with Spring Boot v4.0.6, Spring v7.0.7
2026-06-05 16:39:10.656 [main] INFO  com.company.demo.DemoApplicationTests - No active profile set, falling back to 1 default profile: "default"
2026-06-05 16:39:11.505 [main] INFO  o.s.d.r.config.RepositoryConfigurationDelegate - Multiple Spring Data modules found, entering strict repository configuration mode
2026-06-05 16:39:11.507 [main] INFO  o.s.d.r.config.RepositoryConfigurationDelegate - Bootstrapping Spring Data Redis repositories in DEFAULT mode.
2026-06-05 16:39:11.542 [main] INFO  o.s.d.r.config.RepositoryConfigurationDelegate - Finished Spring Data repository scanning in 14 ms. Found 0 Redis repository interfaces.
2026-06-05 16:39:13.452 [main] INFO  c.b.m.e.spring.MybatisPlusApplicationContextAware - Register ApplicationContext instances org.springframework.web.context.support.GenericWebApplicationContext@1460c81d
2026-06-05 16:39:13.741 [main] INFO  com.company.demo.DemoApplicationTests - Started DemoApplicationTests in 3.387 seconds (process running for 4.404)
2026-06-05 16:39:34.137 [restartedMain] INFO  com.company.demo.DemoApplication - Starting DemoApplication using Java 17.0.19 with PID 20844 (D:\Work\Workspace\demo\target\classes started by jiaolei in D:\Work\Workspace\demo)
2026-06-05 16:39:34.139 [restartedMain] DEBUG com.company.demo.DemoApplication - Running with Spring Boot v4.0.6, Spring v7.0.7
2026-06-05 16:39:34.140 [restartedMain] INFO  com.company.demo.DemoApplication - No active profile set, falling back to 1 default profile: "default"
2026-06-05 16:39:34.174 [restartedMain] INFO  o.s.b.d.env.DevToolsPropertyDefaultsPostProcessor - Devtools property defaults active! Set 'spring.devtools.add-properties' to 'false' to disable
2026-06-05 16:39:34.175 [restartedMain] INFO  o.s.b.d.env.DevToolsPropertyDefaultsPostProcessor - For additional web related logging consider setting the 'logging.level.web' property to 'DEBUG'
2026-06-05 16:39:34.718 [restartedMain] INFO  o.s.d.r.config.RepositoryConfigurationDelegate - Multiple Spring Data modules found, entering strict repository configuration mode
2026-06-05 16:39:34.720 [restartedMain] INFO  o.s.d.r.config.RepositoryConfigurationDelegate - Bootstrapping Spring Data Redis repositories in DEFAULT mode.
2026-06-05 16:39:34.746 [restartedMain] INFO  o.s.d.r.config.RepositoryConfigurationDelegate - Finished Spring Data repository scanning in 11 ms. Found 0 Redis repository interfaces.
2026-06-05 16:39:35.303 [restartedMain] INFO  org.springframework.boot.tomcat.TomcatWebServer - Tomcat initialized with port 8080 (http)
2026-06-05 16:39:35.314 [restartedMain] INFO  org.apache.catalina.core.StandardService - Starting service [Tomcat]
2026-06-05 16:39:35.314 [restartedMain] INFO  org.apache.catalina.core.StandardEngine - Starting Servlet engine: [Apache Tomcat/11.0.21]
2026-06-05 16:39:35.365 [restartedMain] INFO  o.s.b.w.c.servlet.WebApplicationContextInitializer - Root WebApplicationContext: initialization completed in 1190 ms
2026-06-05 16:39:36.291 [restartedMain] INFO  c.b.m.e.spring.MybatisPlusApplicationContextAware - Register ApplicationContext instances org.springframework.boot.web.server.servlet.context.AnnotationConfigServletWebServerApplicationContext@7db5bd9a
2026-06-05 16:39:36.490 [restartedMain] INFO  org.springframework.boot.tomcat.TomcatWebServer - Tomcat started on port 8080 (http) with context path '/'
2026-06-05 16:39:36.497 [restartedMain] INFO  com.company.demo.DemoApplication - Started DemoApplication in 2.646 seconds (process running for 3.166)
2026-06-05 16:45:32.736 [SpringApplicationShutdownHook] INFO  org.springframework.boot.tomcat.GracefulShutdown - Commencing graceful shutdown. Waiting for active requests to complete
2026-06-05 16:45:32.770 [tomcat-shutdown] INFO  org.springframework.boot.tomcat.GracefulShutdown - Graceful shutdown complete
2026-06-05 16:54:03.605 [restartedMain] INFO  com.company.demo.DemoApplication - Starting DemoApplication using Java 17.0.19 with PID 18872 (D:\Work\Workspace\demo\target\classes started by jiaolei in D:\Work\Workspace\demo)
2026-06-05 16:54:03.607 [restartedMain] DEBUG com.company.demo.DemoApplication - Running with Spring Boot v4.0.6, Spring v7.0.7
2026-06-05 16:54:03.608 [restartedMain] INFO  com.company.demo.DemoApplication - No active profile set, falling back to 1 default profile: "default"
2026-06-05 16:54:03.643 [restartedMain] INFO  o.s.b.d.env.DevToolsPropertyDefaultsPostProcessor - Devtools property defaults active! Set 'spring.devtools.add-properties' to 'false' to disable
2026-06-05 16:54:03.644 [restartedMain] INFO  o.s.b.d.env.DevToolsPropertyDefaultsPostProcessor - For additional web related logging consider setting the 'logging.level.web' property to 'DEBUG'
2026-06-05 16:54:04.199 [restartedMain] INFO  o.s.d.r.config.RepositoryConfigurationDelegate - Multiple Spring Data modules found, entering strict repository configuration mode
2026-06-05 16:54:04.202 [restartedMain] INFO  o.s.d.r.config.RepositoryConfigurationDelegate - Bootstrapping Spring Data Redis repositories in DEFAULT mode.
2026-06-05 16:54:04.227 [restartedMain] INFO  o.s.d.r.config.RepositoryConfigurationDelegate - Finished Spring Data repository scanning in 13 ms. Found 0 Redis repository interfaces.
2026-06-05 16:54:04.813 [restartedMain] INFO  org.springframework.boot.tomcat.TomcatWebServer - Tomcat initialized with port 8080 (http)
2026-06-05 16:54:04.825 [restartedMain] INFO  org.apache.catalina.core.StandardService - Starting service [Tomcat]
2026-06-05 16:54:04.825 [restartedMain] INFO  org.apache.catalina.core.StandardEngine - Starting Servlet engine: [Apache Tomcat/11.0.21]
2026-06-05 16:54:04.878 [restartedMain] INFO  o.s.b.w.c.servlet.WebApplicationContextInitializer - Root WebApplicationContext: initialization completed in 1234 ms
2026-06-05 16:54:05.821 [restartedMain] INFO  c.b.m.e.spring.MybatisPlusApplicationContextAware - Register ApplicationContext instances org.springframework.boot.web.server.servlet.context.AnnotationConfigServletWebServerApplicationContext@68b4139c
2026-06-05 16:54:06.012 [restartedMain] INFO  org.springframework.boot.tomcat.TomcatWebServer - Tomcat started on port 8080 (http) with context path '/'
2026-06-05 16:54:06.019 [restartedMain] INFO  com.company.demo.DemoApplication - Started DemoApplication in 2.734 seconds (process running for 3.272)
2026-06-05 16:57:03.641 [File Watcher] INFO  o.s.b.d.a.LocalDevToolsAutoConfiguration$RestartingClassPathChangeChangedEventListener - Restarting due to 1 class path change (0 additions, 1 deletion, 0 modifications)
2026-06-05 16:57:03.645 [Thread-1] INFO  org.springframework.boot.tomcat.GracefulShutdown - Commencing graceful shutdown. Waiting for active requests to complete
2026-06-05 16:57:03.675 [tomcat-shutdown] INFO  org.springframework.boot.tomcat.GracefulShutdown - Graceful shutdown complete
2026-06-05 16:57:03.746 [restartedMain] INFO  com.company.demo.DemoApplication - Starting DemoApplication using Java 17.0.19 with PID 18872 (D:\Work\Workspace\demo\target\classes started by jiaolei in D:\Work\Workspace\demo)
2026-06-05 16:57:03.746 [restartedMain] DEBUG com.company.demo.DemoApplication - Running with Spring Boot v4.0.6, Spring v7.0.7
2026-06-05 16:57:03.746 [restartedMain] INFO  com.company.demo.DemoApplication - No active profile set, falling back to 1 default profile: "default"
2026-06-05 16:57:03.876 [restartedMain] INFO  o.s.d.r.config.RepositoryConfigurationDelegate - Multiple Spring Data modules found, entering strict repository configuration mode
2026-06-05 16:57:03.877 [restartedMain] INFO  o.s.d.r.config.RepositoryConfigurationDelegate - Bootstrapping Spring Data Redis repositories in DEFAULT mode.
2026-06-05 16:57:03.880 [restartedMain] INFO  o.s.d.r.config.RepositoryConfigurationDelegate - Finished Spring Data repository scanning in 2 ms. Found 0 Redis repository interfaces.
2026-06-05 16:57:03.951 [restartedMain] INFO  org.springframework.boot.tomcat.TomcatWebServer - Tomcat initialized with port 8080 (http)
2026-06-05 16:57:03.952 [restartedMain] INFO  org.apache.catalina.core.StandardService - Starting service [Tomcat]
2026-06-05 16:57:03.952 [restartedMain] INFO  org.apache.catalina.core.StandardEngine - Starting Servlet engine: [Apache Tomcat/11.0.21]
2026-06-05 16:57:03.982 [restartedMain] INFO  o.s.b.w.c.servlet.WebApplicationContextInitializer - Root WebApplicationContext: initialization completed in 233 ms
2026-06-05 16:57:04.161 [restartedMain] WARN  o.s.b.w.s.s.c.AnnotationConfigServletWebServerApplicationContext - Exception encountered during context initialization - cancelling refresh attempt: org.springframework.beans.factory.UnsatisfiedDependencyException: Error creating bean with name 'redisUtil': Unsatisfied dependency expressed through field 'redisTemplate': No qualifying bean of type 'org.springframework.data.redis.core.RedisTemplate<java.lang.String, java.lang.Object>' available: expected at least 1 bean which qualifies as autowire candidate. Dependency annotations: {@org.springframework.beans.factory.annotation.Autowired(required=true)}
2026-06-05 16:57:04.162 [restartedMain] INFO  org.apache.catalina.core.StandardService - Stopping service [Tomcat]
2026-06-05 16:57:04.164 [restartedMain] INFO  o.s.b.a.logging.ConditionEvaluationReportLogger - 

Error starting ApplicationContext. To display the condition evaluation report re-run your application with 'debug' enabled.
2026-06-05 16:57:04.176 [restartedMain] ERROR o.s.b.diagnostics.LoggingFailureAnalysisReporter - 

***************************
APPLICATION FAILED TO START
***************************

Description:

Field redisTemplate in com.company.demo.utils.RedisUtil required a bean of type 'org.springframework.data.redis.core.RedisTemplate' that could not be found.

The injection point has the following annotations:
	- @org.springframework.beans.factory.annotation.Autowired(required=true)


Action:

Consider defining a bean of type 'org.springframework.data.redis.core.RedisTemplate' in your configuration.

2026-06-05 16:57:23.981 [restartedMain] INFO  com.company.demo.DemoApplication - Starting DemoApplication using Java 17.0.19 with PID 18872 (D:\Work\Workspace\demo\target\classes started by jiaolei in D:\Work\Workspace\demo)
2026-06-05 16:57:23.981 [restartedMain] DEBUG com.company.demo.DemoApplication - Running with Spring Boot v4.0.6, Spring v7.0.7
2026-06-05 16:57:23.981 [restartedMain] INFO  com.company.demo.DemoApplication - No active profile set, falling back to 1 default profile: "default"
2026-06-05 16:57:24.085 [restartedMain] INFO  o.s.d.r.config.RepositoryConfigurationDelegate - Multiple Spring Data modules found, entering strict repository configuration mode
2026-06-05 16:57:24.086 [restartedMain] INFO  o.s.d.r.config.RepositoryConfigurationDelegate - Bootstrapping Spring Data Redis repositories in DEFAULT mode.
2026-06-05 16:57:24.090 [restartedMain] INFO  o.s.d.r.config.RepositoryConfigurationDelegate - Finished Spring Data repository scanning in 3 ms. Found 0 Redis repository interfaces.
2026-06-05 16:57:24.146 [restartedMain] INFO  org.springframework.boot.tomcat.TomcatWebServer - Tomcat initialized with port 8080 (http)
2026-06-05 16:57:24.146 [restartedMain] INFO  org.apache.catalina.core.StandardService - Starting service [Tomcat]
2026-06-05 16:57:24.146 [restartedMain] INFO  org.apache.catalina.core.StandardEngine - Starting Servlet engine: [Apache Tomcat/11.0.21]
2026-06-05 16:57:24.172 [restartedMain] INFO  o.s.b.w.c.servlet.WebApplicationContextInitializer - Root WebApplicationContext: initialization completed in 187 ms
2026-06-05 16:57:24.421 [restartedMain] INFO  c.b.m.e.spring.MybatisPlusApplicationContextAware - Register ApplicationContext instances org.springframework.boot.web.server.servlet.context.AnnotationConfigServletWebServerApplicationContext@2f3c21ee
2026-06-05 16:57:24.478 [restartedMain] INFO  org.springframework.boot.tomcat.TomcatWebServer - Tomcat started on port 8080 (http) with context path '/'
2026-06-05 16:57:24.480 [restartedMain] INFO  com.company.demo.DemoApplication - Started DemoApplication in 0.515 seconds (process running for 201.732)
2026-06-05 16:57:24.481 [restartedMain] INFO  o.s.b.d.a.ConditionEvaluationDeltaLoggingListener - Condition evaluation unchanged
2026-06-05 17:00:30.951 [File Watcher] INFO  o.s.b.d.a.LocalDevToolsAutoConfiguration$RestartingClassPathChangeChangedEventListener - Restarting due to 1 class path change (0 additions, 1 deletion, 0 modifications)
2026-06-05 17:00:30.953 [Thread-6] INFO  org.springframework.boot.tomcat.GracefulShutdown - Commencing graceful shutdown. Waiting for active requests to complete
2026-06-05 17:00:30.989 [tomcat-shutdown] INFO  org.springframework.boot.tomcat.GracefulShutdown - Graceful shutdown complete
2026-06-05 17:00:31.036 [restartedMain] INFO  com.company.demo.DemoApplication - Starting DemoApplication using Java 17.0.19 with PID 18872 (D:\Work\Workspace\demo\target\classes started by jiaolei in D:\Work\Workspace\demo)
2026-06-05 17:00:31.037 [restartedMain] DEBUG com.company.demo.DemoApplication - Running with Spring Boot v4.0.6, Spring v7.0.7
2026-06-05 17:00:31.037 [restartedMain] INFO  com.company.demo.DemoApplication - No active profile set, falling back to 1 default profile: "default"
2026-06-05 17:00:31.142 [restartedMain] INFO  o.s.d.r.config.RepositoryConfigurationDelegate - Multiple Spring Data modules found, entering strict repository configuration mode
2026-06-05 17:00:31.143 [restartedMain] INFO  o.s.d.r.config.RepositoryConfigurationDelegate - Bootstrapping Spring Data Redis repositories in DEFAULT mode.
2026-06-05 17:00:31.146 [restartedMain] INFO  o.s.d.r.config.RepositoryConfigurationDelegate - Finished Spring Data repository scanning in 2 ms. Found 0 Redis repository interfaces.
2026-06-05 17:00:31.203 [restartedMain] INFO  org.springframework.boot.tomcat.TomcatWebServer - Tomcat initialized with port 8080 (http)
2026-06-05 17:00:31.203 [restartedMain] INFO  org.apache.catalina.core.StandardService - Starting service [Tomcat]
2026-06-05 17:00:31.204 [restartedMain] INFO  org.apache.catalina.core.StandardEngine - Starting Servlet engine: [Apache Tomcat/11.0.21]
2026-06-05 17:00:31.228 [restartedMain] INFO  o.s.b.w.c.servlet.WebApplicationContextInitializer - Root WebApplicationContext: initialization completed in 190 ms
2026-06-05 17:00:31.504 [restartedMain] INFO  c.b.m.e.spring.MybatisPlusApplicationContextAware - Register ApplicationContext instances org.springframework.boot.web.server.servlet.context.AnnotationConfigServletWebServerApplicationContext@436b6aa4
2026-06-05 17:00:31.558 [restartedMain] INFO  org.springframework.boot.tomcat.TomcatWebServer - Tomcat started on port 8080 (http) with context path '/'
2026-06-05 17:00:31.559 [restartedMain] INFO  com.company.demo.DemoApplication - Started DemoApplication in 0.539 seconds (process running for 388.812)
2026-06-05 17:00:31.560 [restartedMain] INFO  o.s.b.d.a.ConditionEvaluationDeltaLoggingListener - Condition evaluation unchanged
2026-06-05 17:00:32.986 [File Watcher] INFO  o.s.b.d.a.LocalDevToolsAutoConfiguration$RestartingClassPathChangeChangedEventListener - Restarting due to 1 class path change (1 addition, 0 deletions, 0 modifications)
2026-06-05 17:00:32.988 [Thread-13] INFO  org.springframework.boot.tomcat.GracefulShutdown - Commencing graceful shutdown. Waiting for active requests to complete
2026-06-05 17:00:33.015 [tomcat-shutdown] INFO  org.springframework.boot.tomcat.GracefulShutdown - Graceful shutdown complete
2026-06-05 17:00:33.079 [restartedMain] INFO  com.company.demo.DemoApplication - Starting DemoApplication using Java 17.0.19 with PID 18872 (D:\Work\Workspace\demo\target\classes started by jiaolei in D:\Work\Workspace\demo)
2026-06-05 17:00:33.079 [restartedMain] DEBUG com.company.demo.DemoApplication - Running with Spring Boot v4.0.6, Spring v7.0.7
2026-06-05 17:00:33.079 [restartedMain] INFO  com.company.demo.DemoApplication - No active profile set, falling back to 1 default profile: "default"
2026-06-05 17:00:33.167 [restartedMain] INFO  o.s.d.r.config.RepositoryConfigurationDelegate - Multiple Spring Data modules found, entering strict repository configuration mode
2026-06-05 17:00:33.167 [restartedMain] INFO  o.s.d.r.config.RepositoryConfigurationDelegate - Bootstrapping Spring Data Redis repositories in DEFAULT mode.
2026-06-05 17:00:33.171 [restartedMain] INFO  o.s.d.r.config.RepositoryConfigurationDelegate - Finished Spring Data repository scanning in 2 ms. Found 0 Redis repository interfaces.
2026-06-05 17:00:33.235 [restartedMain] INFO  org.springframework.boot.tomcat.TomcatWebServer - Tomcat initialized with port 8080 (http)
2026-06-05 17:00:33.236 [restartedMain] INFO  org.apache.catalina.core.StandardService - Starting service [Tomcat]
2026-06-05 17:00:33.236 [restartedMain] INFO  org.apache.catalina.core.StandardEngine - Starting Servlet engine: [Apache Tomcat/11.0.21]
2026-06-05 17:00:33.260 [restartedMain] INFO  o.s.b.w.c.servlet.WebApplicationContextInitializer - Root WebApplicationContext: initialization completed in 180 ms
2026-06-05 17:00:33.514 [restartedMain] INFO  c.b.m.e.spring.MybatisPlusApplicationContextAware - Register ApplicationContext instances org.springframework.boot.web.server.servlet.context.AnnotationConfigServletWebServerApplicationContext@45e06c7e
2026-06-05 17:00:33.572 [restartedMain] INFO  org.springframework.boot.tomcat.TomcatWebServer - Tomcat started on port 8080 (http) with context path '/'
2026-06-05 17:00:33.574 [restartedMain] INFO  com.company.demo.DemoApplication - Started DemoApplication in 0.508 seconds (process running for 390.826)
2026-06-05 17:00:33.575 [restartedMain] INFO  o.s.b.d.a.ConditionEvaluationDeltaLoggingListener - Condition evaluation unchanged
2026-06-05 17:01:56.731 [File Watcher] INFO  o.s.b.d.a.LocalDevToolsAutoConfiguration$RestartingClassPathChangeChangedEventListener - Restarting due to 1 class path change (0 additions, 0 deletions, 1 modification)
2026-06-05 17:01:56.733 [Thread-17] INFO  org.springframework.boot.tomcat.GracefulShutdown - Commencing graceful shutdown. Waiting for active requests to complete
2026-06-05 17:01:56.770 [tomcat-shutdown] INFO  org.springframework.boot.tomcat.GracefulShutdown - Graceful shutdown complete
2026-06-05 17:01:56.835 [restartedMain] INFO  com.company.demo.DemoApplication - Starting DemoApplication using Java 17.0.19 with PID 18872 (D:\Work\Workspace\demo\target\classes started by jiaolei in D:\Work\Workspace\demo)
2026-06-05 17:01:56.836 [restartedMain] DEBUG com.company.demo.DemoApplication - Running with Spring Boot v4.0.6, Spring v7.0.7
2026-06-05 17:01:56.836 [restartedMain] INFO  com.company.demo.DemoApplication - No active profile set, falling back to 1 default profile: "default"
2026-06-05 17:01:56.924 [restartedMain] INFO  o.s.d.r.config.RepositoryConfigurationDelegate - Multiple Spring Data modules found, entering strict repository configuration mode
2026-06-05 17:01:56.924 [restartedMain] INFO  o.s.d.r.config.RepositoryConfigurationDelegate - Bootstrapping Spring Data Redis repositories in DEFAULT mode.
2026-06-05 17:01:56.927 [restartedMain] INFO  o.s.d.r.config.RepositoryConfigurationDelegate - Finished Spring Data repository scanning in 2 ms. Found 0 Redis repository interfaces.
2026-06-05 17:01:56.990 [restartedMain] INFO  org.springframework.boot.tomcat.TomcatWebServer - Tomcat initialized with port 8080 (http)
2026-06-05 17:01:56.991 [restartedMain] INFO  org.apache.catalina.core.StandardService - Starting service [Tomcat]
2026-06-05 17:01:56.991 [restartedMain] INFO  org.apache.catalina.core.StandardEngine - Starting Servlet engine: [Apache Tomcat/11.0.21]
2026-06-05 17:01:57.018 [restartedMain] INFO  o.s.b.w.c.servlet.WebApplicationContextInitializer - Root WebApplicationContext: initialization completed in 181 ms
2026-06-05 17:01:57.255 [restartedMain] INFO  c.b.m.e.spring.MybatisPlusApplicationContextAware - Register ApplicationContext instances org.springframework.boot.web.server.servlet.context.AnnotationConfigServletWebServerApplicationContext@578cc875
2026-06-05 17:01:57.311 [restartedMain] INFO  org.springframework.boot.tomcat.TomcatWebServer - Tomcat started on port 8080 (http) with context path '/'
2026-06-05 17:01:57.313 [restartedMain] INFO  com.company.demo.DemoApplication - Started DemoApplication in 0.491 seconds (process running for 474.565)
2026-06-05 17:01:57.313 [restartedMain] INFO  o.s.b.d.a.ConditionEvaluationDeltaLoggingListener - Condition evaluation unchanged
2026-06-05 17:02:07.702 [SpringApplicationShutdownHook] INFO  org.springframework.boot.tomcat.GracefulShutdown - Commencing graceful shutdown. Waiting for active requests to complete
2026-06-05 17:02:07.733 [tomcat-shutdown] INFO  org.springframework.boot.tomcat.GracefulShutdown - Graceful shutdown complete
2026-06-05 17:02:09.592 [restartedMain] INFO  com.company.demo.DemoApplication - Starting DemoApplication using Java 17.0.19 with PID 4776 (D:\Work\Workspace\demo\target\classes started by jiaolei in D:\Work\Workspace\demo)
2026-06-05 17:02:09.594 [restartedMain] DEBUG com.company.demo.DemoApplication - Running with Spring Boot v4.0.6, Spring v7.0.7
2026-06-05 17:02:09.594 [restartedMain] INFO  com.company.demo.DemoApplication - No active profile set, falling back to 1 default profile: "default"
2026-06-05 17:02:09.633 [restartedMain] INFO  o.s.b.d.env.DevToolsPropertyDefaultsPostProcessor - Devtools property defaults active! Set 'spring.devtools.add-properties' to 'false' to disable
2026-06-05 17:02:09.633 [restartedMain] INFO  o.s.b.d.env.DevToolsPropertyDefaultsPostProcessor - For additional web related logging consider setting the 'logging.level.web' property to 'DEBUG'
2026-06-05 17:02:10.223 [restartedMain] INFO  o.s.d.r.config.RepositoryConfigurationDelegate - Multiple Spring Data modules found, entering strict repository configuration mode
2026-06-05 17:02:10.226 [restartedMain] INFO  o.s.d.r.config.RepositoryConfigurationDelegate - Bootstrapping Spring Data Redis repositories in DEFAULT mode.
2026-06-05 17:02:10.256 [restartedMain] INFO  o.s.d.r.config.RepositoryConfigurationDelegate - Finished Spring Data repository scanning in 13 ms. Found 0 Redis repository interfaces.
2026-06-05 17:02:10.890 [restartedMain] INFO  org.springframework.boot.tomcat.TomcatWebServer - Tomcat initialized with port 8080 (http)
2026-06-05 17:02:10.901 [restartedMain] INFO  org.apache.catalina.core.StandardService - Starting service [Tomcat]
2026-06-05 17:02:10.902 [restartedMain] INFO  org.apache.catalina.core.StandardEngine - Starting Servlet engine: [Apache Tomcat/11.0.21]
2026-06-05 17:02:10.974 [restartedMain] INFO  o.s.b.w.c.servlet.WebApplicationContextInitializer - Root WebApplicationContext: initialization completed in 1340 ms
2026-06-05 17:02:11.945 [restartedMain] INFO  c.b.m.e.spring.MybatisPlusApplicationContextAware - Register ApplicationContext instances org.springframework.boot.web.server.servlet.context.AnnotationConfigServletWebServerApplicationContext@36e36b9b
2026-06-05 17:02:12.141 [restartedMain] INFO  org.springframework.boot.tomcat.TomcatWebServer - Tomcat started on port 8080 (http) with context path '/'
2026-06-05 17:02:12.148 [restartedMain] INFO  com.company.demo.DemoApplication - Started DemoApplication in 2.844 seconds (process running for 3.395)
2026-06-05 17:27:25.987 [SpringApplicationShutdownHook] INFO  org.springframework.boot.tomcat.GracefulShutdown - Commencing graceful shutdown. Waiting for active requests to complete
2026-06-05 17:27:26.021 [tomcat-shutdown] INFO  org.springframework.boot.tomcat.GracefulShutdown - Graceful shutdown complete
2026-06-05 17:27:27.950 [restartedMain] INFO  com.company.demo.DemoApplication - Starting DemoApplication using Java 17.0.19 with PID 25684 (D:\Work\Workspace\demo\target\classes started by jiaolei in D:\Work\Workspace\demo)
2026-06-05 17:27:27.952 [restartedMain] DEBUG com.company.demo.DemoApplication - Running with Spring Boot v4.0.6, Spring v7.0.7
2026-06-05 17:27:27.953 [restartedMain] INFO  com.company.demo.DemoApplication - No active profile set, falling back to 1 default profile: "default"
2026-06-05 17:27:27.988 [restartedMain] INFO  o.s.b.d.env.DevToolsPropertyDefaultsPostProcessor - Devtools property defaults active! Set 'spring.devtools.add-properties' to 'false' to disable
2026-06-05 17:27:27.988 [restartedMain] INFO  o.s.b.d.env.DevToolsPropertyDefaultsPostProcessor - For additional web related logging consider setting the 'logging.level.web' property to 'DEBUG'
2026-06-05 17:27:28.516 [restartedMain] INFO  o.s.d.r.config.RepositoryConfigurationDelegate - Multiple Spring Data modules found, entering strict repository configuration mode
2026-06-05 17:27:28.517 [restartedMain] INFO  o.s.d.r.config.RepositoryConfigurationDelegate - Bootstrapping Spring Data Redis repositories in DEFAULT mode.
2026-06-05 17:27:28.542 [restartedMain] INFO  o.s.d.r.config.RepositoryConfigurationDelegate - Finished Spring Data repository scanning in 11 ms. Found 0 Redis repository interfaces.
2026-06-05 17:27:29.116 [restartedMain] INFO  org.springframework.boot.tomcat.TomcatWebServer - Tomcat initialized with port 8080 (http)
2026-06-05 17:27:29.125 [restartedMain] INFO  org.apache.catalina.core.StandardService - Starting service [Tomcat]
2026-06-05 17:27:29.126 [restartedMain] INFO  org.apache.catalina.core.StandardEngine - Starting Servlet engine: [Apache Tomcat/11.0.21]
2026-06-05 17:27:29.197 [restartedMain] INFO  o.s.b.w.c.servlet.WebApplicationContextInitializer - Root WebApplicationContext: initialization completed in 1208 ms
2026-06-05 17:27:30.358 [restartedMain] INFO  c.b.m.e.spring.MybatisPlusApplicationContextAware - Register ApplicationContext instances org.springframework.boot.web.server.servlet.context.AnnotationConfigServletWebServerApplicationContext@36e36b9b
2026-06-05 17:27:30.600 [restartedMain] INFO  org.springframework.boot.tomcat.TomcatWebServer - Tomcat started on port 8080 (http) with context path '/'
2026-06-05 17:27:30.607 [restartedMain] INFO  com.company.demo.DemoApplication - Started DemoApplication in 2.956 seconds (process running for 3.602)
2026-06-05 17:32:33.405 [SpringApplicationShutdownHook] INFO  org.springframework.boot.tomcat.GracefulShutdown - Commencing graceful shutdown. Waiting for active requests to complete
2026-06-05 17:32:33.434 [tomcat-shutdown] INFO  org.springframework.boot.tomcat.GracefulShutdown - Graceful shutdown complete
2026-06-05 17:32:36.897 [restartedMain] INFO  com.company.demo.DemoApplication - Starting DemoApplication using Java 17.0.19 with PID 18444 (D:\Work\Workspace\demo\target\classes started by jiaolei in D:\Work\Workspace\demo)
2026-06-05 17:32:36.899 [restartedMain] DEBUG com.company.demo.DemoApplication - Running with Spring Boot v4.0.6, Spring v7.0.7
2026-06-05 17:32:36.900 [restartedMain] INFO  com.company.demo.DemoApplication - No active profile set, falling back to 1 default profile: "default"
2026-06-05 17:32:36.932 [restartedMain] INFO  o.s.b.d.env.DevToolsPropertyDefaultsPostProcessor - Devtools property defaults active! Set 'spring.devtools.add-properties' to 'false' to disable
2026-06-05 17:32:36.932 [restartedMain] INFO  o.s.b.d.env.DevToolsPropertyDefaultsPostProcessor - For additional web related logging consider setting the 'logging.level.web' property to 'DEBUG'
2026-06-05 17:32:37.479 [restartedMain] INFO  o.s.d.r.config.RepositoryConfigurationDelegate - Multiple Spring Data modules found, entering strict repository configuration mode
2026-06-05 17:32:37.481 [restartedMain] INFO  o.s.d.r.config.RepositoryConfigurationDelegate - Bootstrapping Spring Data Redis repositories in DEFAULT mode.
2026-06-05 17:32:37.506 [restartedMain] INFO  o.s.d.r.config.RepositoryConfigurationDelegate - Finished Spring Data repository scanning in 11 ms. Found 0 Redis repository interfaces.
2026-06-05 17:32:38.064 [restartedMain] INFO  org.springframework.boot.tomcat.TomcatWebServer - Tomcat initialized with port 8080 (http)
2026-06-05 17:32:38.075 [restartedMain] INFO  org.apache.catalina.core.StandardService - Starting service [Tomcat]
2026-06-05 17:32:38.075 [restartedMain] INFO  org.apache.catalina.core.StandardEngine - Starting Servlet engine: [Apache Tomcat/11.0.21]
2026-06-05 17:32:38.126 [restartedMain] INFO  o.s.b.w.c.servlet.WebApplicationContextInitializer - Root WebApplicationContext: initialization completed in 1193 ms
2026-06-05 17:32:39.081 [restartedMain] INFO  c.b.m.e.spring.MybatisPlusApplicationContextAware - Register ApplicationContext instances org.springframework.boot.web.server.servlet.context.AnnotationConfigServletWebServerApplicationContext@36e36b9b
2026-06-05 17:32:39.296 [restartedMain] INFO  org.springframework.boot.tomcat.TomcatWebServer - Tomcat started on port 8080 (http) with context path '/'
2026-06-05 17:32:39.302 [restartedMain] INFO  com.company.demo.DemoApplication - Started DemoApplication in 2.693 seconds (process running for 3.186)
2026-06-05 17:33:21.418 [http-nio-8080-exec-1] INFO  o.a.c.core.ContainerBase.[Tomcat].[localhost].[/] - Initializing Spring DispatcherServlet 'dispatcherServlet'
2026-06-05 17:33:21.419 [http-nio-8080-exec-1] INFO  org.springframework.web.servlet.DispatcherServlet - Initializing Servlet 'dispatcherServlet'
2026-06-05 17:33:21.420 [http-nio-8080-exec-1] INFO  org.springframework.web.servlet.DispatcherServlet - Completed initialization in 1 ms
2026-06-05 17:33:21.499 [http-nio-8080-exec-1] INFO  com.zaxxer.hikari.HikariDataSource - HikariPool-1 - Starting...
2026-06-05 17:33:21.659 [http-nio-8080-exec-1] INFO  com.zaxxer.hikari.pool.HikariPool - HikariPool-1 - Added connection com.mysql.cj.jdbc.ConnectionImpl@70db7d3d
2026-06-05 17:33:21.661 [http-nio-8080-exec-1] INFO  com.zaxxer.hikari.HikariDataSource - HikariPool-1 - Start completed.
2026-06-05 17:33:21.666 [http-nio-8080-exec-1] DEBUG com.company.demo.mapper.UserMapper.selectList - ==>  Preparing: SELECT id,name,age FROM user
2026-06-05 17:33:21.681 [http-nio-8080-exec-1] DEBUG com.company.demo.mapper.UserMapper.selectList - ==> Parameters: 
2026-06-05 17:33:21.703 [http-nio-8080-exec-1] DEBUG com.company.demo.mapper.UserMapper.selectList - <==      Total: 31
2026-06-05 17:35:15.686 [http-nio-8080-exec-5] DEBUG com.company.demo.mapper.UserMapper.selectById - ==>  Preparing: SELECT id,name,age FROM user WHERE id=?
2026-06-05 17:35:15.687 [http-nio-8080-exec-5] DEBUG com.company.demo.mapper.UserMapper.selectById - ==> Parameters: 29(Long)
2026-06-05 17:35:17.320 [http-nio-8080-exec-5] WARN  com.zaxxer.hikari.pool.ProxyConnection - HikariPool-1 - Connection com.mysql.cj.jdbc.ConnectionImpl@70db7d3d marked as broken because of SQLSTATE(08S01), ErrorCode(0)
com.mysql.cj.jdbc.exceptions.CommunicationsException: Communications link failure

The last packet successfully received from the server was 1,632 milliseconds ago. The last packet sent successfully to the server was 1,632 milliseconds ago.
	at com.mysql.cj.jdbc.exceptions.SQLError.createCommunicationsException(SQLError.java:165)
	at com.mysql.cj.jdbc.exceptions.SQLExceptionsMapping.translateException(SQLExceptionsMapping.java:55)
	at com.mysql.cj.jdbc.ClientPreparedStatement.executeInternal(ClientPreparedStatement.java:988)
	at com.mysql.cj.jdbc.ClientPreparedStatement.execute(ClientPreparedStatement.java:383)
	at com.zaxxer.hikari.pool.ProxyPreparedStatement.execute(ProxyPreparedStatement.java:44)
	at com.zaxxer.hikari.pool.HikariProxyPreparedStatement.execute(HikariProxyPreparedStatement.java)
	at java.base/jdk.internal.reflect.NativeMethodAccessorImpl.invoke0(Native Method)
	at java.base/jdk.internal.reflect.NativeMethodAccessorImpl.invoke(NativeMethodAccessorImpl.java:77)
	at java.base/jdk.internal.reflect.DelegatingMethodAccessorImpl.invoke(DelegatingMethodAccessorImpl.java:43)
	at java.base/java.lang.reflect.Method.invoke(Method.java:569)
	at org.apache.ibatis.logging.jdbc.PreparedStatementLogger.invoke(PreparedStatementLogger.java:58)
	at jdk.proxy4/jdk.proxy4.$Proxy126.execute(Unknown Source)
	at org.apache.ibatis.executor.statement.PreparedStatementHandler.query(PreparedStatementHandler.java:65)
	at org.apache.ibatis.executor.statement.RoutingStatementHandler.query(RoutingStatementHandler.java:80)
	at java.base/jdk.internal.reflect.NativeMethodAccessorImpl.invoke0(Native Method)
	at java.base/jdk.internal.reflect.NativeMethodAccessorImpl.invoke(NativeMethodAccessorImpl.java:77)
	at java.base/jdk.internal.reflect.DelegatingMethodAccessorImpl.invoke(DelegatingMethodAccessorImpl.java:43)
	at java.base/java.lang.reflect.Method.invoke(Method.java:569)
	at org.apache.ibatis.plugin.Plugin.invoke(Plugin.java:61)
	at jdk.proxy2/jdk.proxy2.$Proxy124.query(Unknown Source)
	at org.apache.ibatis.executor.SimpleExecutor.doQuery(SimpleExecutor.java:65)
	at org.apache.ibatis.executor.BaseExecutor.queryFromDatabase(BaseExecutor.java:336)
	at org.apache.ibatis.executor.BaseExecutor.query(BaseExecutor.java:158)
	at org.apache.ibatis.executor.CachingExecutor.query(CachingExecutor.java:110)
	at com.baomidou.mybatisplus.extension.plugins.MybatisPlusInterceptor.intercept(MybatisPlusInterceptor.java:81)
	at org.apache.ibatis.plugin.Plugin.invoke(Plugin.java:59)
	at jdk.proxy2/jdk.proxy2.$Proxy123.query(Unknown Source)
	at org.apache.ibatis.session.defaults.DefaultSqlSession.selectList(DefaultSqlSession.java:154)
	at org.apache.ibatis.session.defaults.DefaultSqlSession.selectList(DefaultSqlSession.java:147)
	at org.apache.ibatis.session.defaults.DefaultSqlSession.selectList(DefaultSqlSession.java:142)
	at org.apache.ibatis.session.defaults.DefaultSqlSession.selectOne(DefaultSqlSession.java:75)
	at java.base/jdk.internal.reflect.NativeMethodAccessorImpl.invoke0(Native Method)
	at java.base/jdk.internal.reflect.NativeMethodAccessorImpl.invoke(NativeMethodAccessorImpl.java:77)
	at java.base/jdk.internal.reflect.DelegatingMethodAccessorImpl.invoke(DelegatingMethodAccessorImpl.java:43)
	at java.base/java.lang.reflect.Method.invoke(Method.java:569)
	at org.mybatis.spring.SqlSessionTemplate$SqlSessionInterceptor.invoke(SqlSessionTemplate.java:348)
	at jdk.proxy2/jdk.proxy2.$Proxy100.selectOne(Unknown Source)
	at org.mybatis.spring.SqlSessionTemplate.selectOne(SqlSessionTemplate.java:169)
	at com.baomidou.mybatisplus.core.override.MybatisMapperMethod.execute(MybatisMapperMethod.java:87)
	at com.baomidou.mybatisplus.core.override.MybatisMapperProxy$PlainMethodInvoker.invoke(MybatisMapperProxy.java:156)
	at com.baomidou.mybatisplus.core.override.MybatisMapperProxy.invoke(MybatisMapperProxy.java:93)
	at jdk.proxy3/jdk.proxy3.$Proxy106.selectById(Unknown Source)
	at com.company.demo.service.UserService.getUserById(UserService.java:29)
	at com.company.demo.controller.UserController.getById(UserController.java:42)
	at java.base/jdk.internal.reflect.NativeMethodAccessorImpl.invoke0(Native Method)
	at java.base/jdk.internal.reflect.NativeMethodAccessorImpl.invoke(NativeMethodAccessorImpl.java:77)
	at java.base/jdk.internal.reflect.DelegatingMethodAccessorImpl.invoke(DelegatingMethodAccessorImpl.java:43)
	at java.base/java.lang.reflect.Method.invoke(Method.java:569)
	at org.springframework.aop.support.AopUtils.invokeJoinpointUsingReflection(AopUtils.java:359)
	at org.springframework.aop.framework.ReflectiveMethodInvocation.invokeJoinpoint(ReflectiveMethodInvocation.java:190)
	at org.springframework.aop.framework.ReflectiveMethodInvocation.proceed(ReflectiveMethodInvocation.java:158)
	at org.springframework.aop.interceptor.ExposeInvocationInterceptor.invoke(ExposeInvocationInterceptor.java:96)
	at org.springframework.aop.framework.ReflectiveMethodInvocation.proceed(ReflectiveMethodInvocation.java:179)
	at org.springframework.aop.framework.CglibAopProxy$DynamicAdvisedInterceptor.intercept(CglibAopProxy.java:719)
	at com.company.demo.controller.UserController$$SpringCGLIB$$0.getById(<generated>)
	at java.base/jdk.internal.reflect.NativeMethodAccessorImpl.invoke0(Native Method)
	at java.base/jdk.internal.reflect.NativeMethodAccessorImpl.invoke(NativeMethodAccessorImpl.java:77)
	at java.base/jdk.internal.reflect.DelegatingMethodAccessorImpl.invoke(DelegatingMethodAccessorImpl.java:43)
	at java.base/java.lang.reflect.Method.invoke(Method.java:569)
	at org.springframework.web.method.support.InvocableHandlerMethod.doInvoke(InvocableHandlerMethod.java:252)
	at org.springframework.web.method.support.InvocableHandlerMethod.invokeForRequest(InvocableHandlerMethod.java:184)
	at org.springframework.web.servlet.mvc.method.annotation.ServletInvocableHandlerMethod.invokeAndHandle(ServletInvocableHandlerMethod.java:117)
	at org.springframework.web.servlet.mvc.method.annotation.RequestMappingHandlerAdapter.invokeHandlerMethod(RequestMappingHandlerAdapter.java:934)
	at org.springframework.web.servlet.mvc.method.annotation.RequestMappingHandlerAdapter.handleInternal(RequestMappingHandlerAdapter.java:853)
	at org.springframework.web.servlet.mvc.method.AbstractHandlerMethodAdapter.handle(AbstractHandlerMethodAdapter.java:86)
	at org.springframework.web.servlet.DispatcherServlet.doDispatch(DispatcherServlet.java:963)
	at org.springframework.web.servlet.DispatcherServlet.doService(DispatcherServlet.java:866)
	at org.springframework.web.servlet.FrameworkServlet.processRequest(FrameworkServlet.java:1000)
	at org.springframework.web.servlet.FrameworkServlet.doGet(FrameworkServlet.java:892)
	at jakarta.servlet.http.HttpServlet.service(HttpServlet.java:622)
	at org.springframework.web.servlet.FrameworkServlet.service(FrameworkServlet.java:874)
	at jakarta.servlet.http.HttpServlet.service(HttpServlet.java:710)
	at org.apache.catalina.core.ApplicationFilterChain.doFilter(ApplicationFilterChain.java:128)
	at org.apache.tomcat.websocket.server.WsFilter.doFilter(WsFilter.java:53)
	at org.apache.catalina.core.ApplicationFilterChain.doFilter(ApplicationFilterChain.java:107)
	at org.springframework.web.filter.RequestContextFilter.doFilterInternal(RequestContextFilter.java:100)
	at org.springframework.web.filter.OncePerRequestFilter.doFilter(OncePerRequestFilter.java:116)
	at org.apache.catalina.core.ApplicationFilterChain.doFilter(ApplicationFilterChain.java:107)
	at org.springframework.web.filter.FormContentFilter.doFilterInternal(FormContentFilter.java:93)
	at org.springframework.web.filter.OncePerRequestFilter.doFilter(OncePerRequestFilter.java:116)
	at org.apache.catalina.core.ApplicationFilterChain.doFilter(ApplicationFilterChain.java:107)
	at org.springframework.web.filter.CharacterEncodingFilter.doFilterInternal(CharacterEncodingFilter.java:199)
	at org.springframework.web.filter.OncePerRequestFilter.doFilter(OncePerRequestFilter.java:116)
	at org.apache.catalina.core.ApplicationFilterChain.doFilter(ApplicationFilterChain.java:107)
	at org.apache.catalina.core.StandardWrapperValve.invoke(StandardWrapperValve.java:165)
	at org.apache.catalina.core.StandardContextValve.invoke(StandardContextValve.java:77)
	at org.apache.catalina.authenticator.AuthenticatorBase.invoke(AuthenticatorBase.java:492)
	at org.apache.catalina.core.StandardHostValve.invoke(StandardHostValve.java:113)
	at org.apache.catalina.valves.ErrorReportValve.invoke(ErrorReportValve.java:83)
	at org.apache.catalina.core.StandardEngineValve.invoke(StandardEngineValve.java:72)
	at org.apache.catalina.connector.CoyoteAdapter.service(CoyoteAdapter.java:341)
	at org.apache.coyote.http11.Http11Processor.service(Http11Processor.java:397)
	at org.apache.coyote.AbstractProcessorLight.process(AbstractProcessorLight.java:63)
	at org.apache.coyote.AbstractProtocol$ConnectionHandler.process(AbstractProtocol.java:903)
	at org.apache.tomcat.util.net.NioEndpoint$SocketProcessor.doRun(NioEndpoint.java:1801)
	at org.apache.tomcat.util.net.SocketProcessorBase.run(SocketProcessorBase.java:52)
	at org.apache.tomcat.util.threads.ThreadPoolExecutor.runWorker(ThreadPoolExecutor.java:946)
	at org.apache.tomcat.util.threads.ThreadPoolExecutor$Worker.run(ThreadPoolExecutor.java:480)
	at org.apache.tomcat.util.threads.TaskThread$WrappingRunnable.run(TaskThread.java:57)
	at java.base/java.lang.Thread.run(Thread.java:840)
Caused by: com.mysql.cj.exceptions.CJCommunicationsException: Communications link failure

The last packet successfully received from the server was 1,632 milliseconds ago. The last packet sent successfully to the server was 1,632 milliseconds ago.
	at java.base/jdk.internal.reflect.NativeConstructorAccessorImpl.newInstance0(Native Method)
	at java.base/jdk.internal.reflect.NativeConstructorAccessorImpl.newInstance(NativeConstructorAccessorImpl.java:77)
	at java.base/jdk.internal.reflect.DelegatingConstructorAccessorImpl.newInstance(DelegatingConstructorAccessorImpl.java:45)
	at java.base/java.lang.reflect.Constructor.newInstanceWithCaller(Constructor.java:500)
	at java.base/java.lang.reflect.Constructor.newInstance(Constructor.java:481)
	at com.mysql.cj.exceptions.ExceptionFactory.createException(ExceptionFactory.java:52)
	at com.mysql.cj.exceptions.ExceptionFactory.createException(ExceptionFactory.java:95)
	at com.mysql.cj.exceptions.ExceptionFactory.createException(ExceptionFactory.java:140)
	at com.mysql.cj.exceptions.ExceptionFactory.createCommunicationsException(ExceptionFactory.java:156)
	at com.mysql.cj.protocol.a.NativeProtocol.readMessage(NativeProtocol.java:590)
	at com.mysql.cj.protocol.a.NativeProtocol.checkErrorMessage(NativeProtocol.java:767)
	at com.mysql.cj.protocol.a.NativeProtocol.sendCommand(NativeProtocol.java:706)
	at com.mysql.cj.protocol.a.NativeProtocol.sendQueryPacket(NativeProtocol.java:938)
	at com.mysql.cj.NativeSession.execSQL(NativeSession.java:817)
	at com.mysql.cj.jdbc.ClientPreparedStatement.executeInternal(ClientPreparedStatement.java:963)
	... 97 common frames omitted
Caused by: java.net.SocketException: Connection reset
	at java.base/sun.nio.ch.NioSocketImpl.implRead(NioSocketImpl.java:328)
	at java.base/sun.nio.ch.NioSocketImpl.read(NioSocketImpl.java:355)
	at java.base/sun.nio.ch.NioSocketImpl$1.read(NioSocketImpl.java:808)
	at java.base/java.net.Socket$SocketInputStream.read(Socket.java:966)
	at com.mysql.cj.protocol.ReadAheadInputStream.fill(ReadAheadInputStream.java:91)
	at com.mysql.cj.protocol.ReadAheadInputStream.readFromUnderlyingStreamIfNecessary(ReadAheadInputStream.java:130)
	at com.mysql.cj.protocol.ReadAheadInputStream.read(ReadAheadInputStream.java:157)
	at java.base/java.io.FilterInputStream.read(FilterInputStream.java:132)
	at com.mysql.cj.protocol.FullReadInputStream.readFully(FullReadInputStream.java:55)
	at com.mysql.cj.protocol.a.SimplePacketReader.readHeaderLocal(SimplePacketReader.java:72)
	at com.mysql.cj.protocol.a.SimplePacketReader.readHeader(SimplePacketReader.java:54)
	at com.mysql.cj.protocol.a.SimplePacketReader.readHeader(SimplePacketReader.java:36)
	at com.mysql.cj.protocol.a.TimeTrackingPacketReader.readHeader(TimeTrackingPacketReader.java:43)
	at com.mysql.cj.protocol.a.TimeTrackingPacketReader.readHeader(TimeTrackingPacketReader.java:32)
	at com.mysql.cj.protocol.a.MultiPacketReader.readHeader(MultiPacketReader.java:45)
	at com.mysql.cj.protocol.a.MultiPacketReader.readHeader(MultiPacketReader.java:35)
	at com.mysql.cj.protocol.a.NativeProtocol.readMessage(NativeProtocol.java:584)
	... 102 common frames omitted
2026-06-05 17:35:17.403 [http-nio-8080-exec-5] WARN  com.zaxxer.hikari.pool.PoolBase - HikariPool-1 - Failed to validate connection com.mysql.cj.jdbc.ConnectionImpl@3a7ce33 (No operations allowed after connection closed.). Possibly consider using a shorter maxLifetime value.
2026-06-05 17:35:17.404 [http-nio-8080-exec-5] WARN  com.zaxxer.hikari.pool.PoolBase - HikariPool-1 - Failed to validate connection com.mysql.cj.jdbc.ConnectionImpl@51cea148 (No operations allowed after connection closed.). Possibly consider using a shorter maxLifetime value.
2026-06-05 17:35:17.405 [http-nio-8080-exec-5] WARN  com.zaxxer.hikari.pool.PoolBase - HikariPool-1 - Failed to validate connection com.mysql.cj.jdbc.ConnectionImpl@ebc56f1 (No operations allowed after connection closed.). Possibly consider using a shorter maxLifetime value.
2026-06-05 17:35:17.405 [http-nio-8080-exec-5] WARN  com.zaxxer.hikari.pool.PoolBase - HikariPool-1 - Failed to validate connection com.mysql.cj.jdbc.ConnectionImpl@717e7c5d (No operations allowed after connection closed.). Possibly consider using a shorter maxLifetime value.
2026-06-05 17:35:17.405 [http-nio-8080-exec-5] WARN  com.zaxxer.hikari.pool.PoolBase - HikariPool-1 - Failed to validate connection com.mysql.cj.jdbc.ConnectionImpl@4c15f217 (No operations allowed after connection closed.). Possibly consider using a shorter maxLifetime value.
2026-06-05 17:35:17.406 [http-nio-8080-exec-5] WARN  com.zaxxer.hikari.pool.PoolBase - HikariPool-1 - Failed to validate connection com.mysql.cj.jdbc.ConnectionImpl@68f5ce3c (No operations allowed after connection closed.). Possibly consider using a shorter maxLifetime value.
2026-06-05 17:35:17.406 [http-nio-8080-exec-5] WARN  com.zaxxer.hikari.pool.PoolBase - HikariPool-1 - Failed to validate connection com.mysql.cj.jdbc.ConnectionImpl@492060d (No operations allowed after connection closed.). Possibly consider using a shorter maxLifetime value.
2026-06-05 17:35:17.407 [http-nio-8080-exec-5] WARN  com.zaxxer.hikari.pool.PoolBase - HikariPool-1 - Failed to validate connection com.mysql.cj.jdbc.ConnectionImpl@68c1e56 (No operations allowed after connection closed.). Possibly consider using a shorter maxLifetime value.
2026-06-05 17:35:17.407 [http-nio-8080-exec-5] WARN  com.zaxxer.hikari.pool.PoolBase - HikariPool-1 - Failed to validate connection com.mysql.cj.jdbc.ConnectionImpl@656ad1da (No operations allowed after connection closed.). Possibly consider using a shorter maxLifetime value.
2026-06-05 17:35:47.409 [http-nio-8080-exec-5] WARN  o.s.jdbc.support.SQLErrorCodesFactory - Error while extracting database name
org.springframework.jdbc.support.MetaDataAccessException: Could not get Connection for extracting meta-data
	at org.springframework.jdbc.support.JdbcUtils.extractDatabaseMetaData(JdbcUtils.java:355)
	at org.springframework.jdbc.support.SQLErrorCodesFactory.resolveErrorCodes(SQLErrorCodesFactory.java:239)
	at org.springframework.jdbc.support.SQLErrorCodeSQLExceptionTranslator.lambda$setDataSource$0(SQLErrorCodeSQLExceptionTranslator.java:147)
	at org.springframework.util.function.SingletonSupplier.get(SingletonSupplier.java:113)
	at org.springframework.jdbc.support.SQLErrorCodeSQLExceptionTranslator.setDataSource(SQLErrorCodeSQLExceptionTranslator.java:148)
	at org.springframework.jdbc.support.SQLErrorCodeSQLExceptionTranslator.<init>(SQLErrorCodeSQLExceptionTranslator.java:109)
	at org.mybatis.spring.MyBatisExceptionTranslator.lambda$new$0(MyBatisExceptionTranslator.java:57)
	at org.mybatis.spring.MyBatisExceptionTranslator.initExceptionTranslator(MyBatisExceptionTranslator.java:113)
	at org.mybatis.spring.MyBatisExceptionTranslator.translateExceptionIfPossible(MyBatisExceptionTranslator.java:92)
	at org.mybatis.spring.SqlSessionTemplate$SqlSessionInterceptor.invoke(SqlSessionTemplate.java:362)
	at jdk.proxy2/jdk.proxy2.$Proxy100.selectOne(Unknown Source)
	at org.mybatis.spring.SqlSessionTemplate.selectOne(SqlSessionTemplate.java:169)
	at com.baomidou.mybatisplus.core.override.MybatisMapperMethod.execute(MybatisMapperMethod.java:87)
	at com.baomidou.mybatisplus.core.override.MybatisMapperProxy$PlainMethodInvoker.invoke(MybatisMapperProxy.java:156)
	at com.baomidou.mybatisplus.core.override.MybatisMapperProxy.invoke(MybatisMapperProxy.java:93)
	at jdk.proxy3/jdk.proxy3.$Proxy106.selectById(Unknown Source)
	at com.company.demo.service.UserService.getUserById(UserService.java:29)
	at com.company.demo.controller.UserController.getById(UserController.java:42)
	at java.base/jdk.internal.reflect.NativeMethodAccessorImpl.invoke0(Native Method)
	at java.base/jdk.internal.reflect.NativeMethodAccessorImpl.invoke(NativeMethodAccessorImpl.java:77)
	at java.base/jdk.internal.reflect.DelegatingMethodAccessorImpl.invoke(DelegatingMethodAccessorImpl.java:43)
	at java.base/java.lang.reflect.Method.invoke(Method.java:569)
	at org.springframework.aop.support.AopUtils.invokeJoinpointUsingReflection(AopUtils.java:359)
	at org.springframework.aop.framework.ReflectiveMethodInvocation.invokeJoinpoint(ReflectiveMethodInvocation.java:190)
	at org.springframework.aop.framework.ReflectiveMethodInvocation.proceed(ReflectiveMethodInvocation.java:158)
	at org.springframework.aop.interceptor.ExposeInvocationInterceptor.invoke(ExposeInvocationInterceptor.java:96)
	at org.springframework.aop.framework.ReflectiveMethodInvocation.proceed(ReflectiveMethodInvocation.java:179)
	at org.springframework.aop.framework.CglibAopProxy$DynamicAdvisedInterceptor.intercept(CglibAopProxy.java:719)
	at com.company.demo.controller.UserController$$SpringCGLIB$$0.getById(<generated>)
	at java.base/jdk.internal.reflect.NativeMethodAccessorImpl.invoke0(Native Method)
	at java.base/jdk.internal.reflect.NativeMethodAccessorImpl.invoke(NativeMethodAccessorImpl.java:77)
	at java.base/jdk.internal.reflect.DelegatingMethodAccessorImpl.invoke(DelegatingMethodAccessorImpl.java:43)
	at java.base/java.lang.reflect.Method.invoke(Method.java:569)
	at org.springframework.web.method.support.InvocableHandlerMethod.doInvoke(InvocableHandlerMethod.java:252)
	at org.springframework.web.method.support.InvocableHandlerMethod.invokeForRequest(InvocableHandlerMethod.java:184)
	at org.springframework.web.servlet.mvc.method.annotation.ServletInvocableHandlerMethod.invokeAndHandle(ServletInvocableHandlerMethod.java:117)
	at org.springframework.web.servlet.mvc.method.annotation.RequestMappingHandlerAdapter.invokeHandlerMethod(RequestMappingHandlerAdapter.java:934)
	at org.springframework.web.servlet.mvc.method.annotation.RequestMappingHandlerAdapter.handleInternal(RequestMappingHandlerAdapter.java:853)
	at org.springframework.web.servlet.mvc.method.AbstractHandlerMethodAdapter.handle(AbstractHandlerMethodAdapter.java:86)
	at org.springframework.web.servlet.DispatcherServlet.doDispatch(DispatcherServlet.java:963)
	at org.springframework.web.servlet.DispatcherServlet.doService(DispatcherServlet.java:866)
	at org.springframework.web.servlet.FrameworkServlet.processRequest(FrameworkServlet.java:1000)
	at org.springframework.web.servlet.FrameworkServlet.doGet(FrameworkServlet.java:892)
	at jakarta.servlet.http.HttpServlet.service(HttpServlet.java:622)
	at org.springframework.web.servlet.FrameworkServlet.service(FrameworkServlet.java:874)
	at jakarta.servlet.http.HttpServlet.service(HttpServlet.java:710)
	at org.apache.catalina.core.ApplicationFilterChain.doFilter(ApplicationFilterChain.java:128)
	at org.apache.tomcat.websocket.server.WsFilter.doFilter(WsFilter.java:53)
	at org.apache.catalina.core.ApplicationFilterChain.doFilter(ApplicationFilterChain.java:107)
	at org.springframework.web.filter.RequestContextFilter.doFilterInternal(RequestContextFilter.java:100)
	at org.springframework.web.filter.OncePerRequestFilter.doFilter(OncePerRequestFilter.java:116)
	at org.apache.catalina.core.ApplicationFilterChain.doFilter(ApplicationFilterChain.java:107)
	at org.springframework.web.filter.FormContentFilter.doFilterInternal(FormContentFilter.java:93)
	at org.springframework.web.filter.OncePerRequestFilter.doFilter(OncePerRequestFilter.java:116)
	at org.apache.catalina.core.ApplicationFilterChain.doFilter(ApplicationFilterChain.java:107)
	at org.springframework.web.filter.CharacterEncodingFilter.doFilterInternal(CharacterEncodingFilter.java:199)
	at org.springframework.web.filter.OncePerRequestFilter.doFilter(OncePerRequestFilter.java:116)
	at org.apache.catalina.core.ApplicationFilterChain.doFilter(ApplicationFilterChain.java:107)
	at org.apache.catalina.core.StandardWrapperValve.invoke(StandardWrapperValve.java:165)
	at org.apache.catalina.core.StandardContextValve.invoke(StandardContextValve.java:77)
	at org.apache.catalina.authenticator.AuthenticatorBase.invoke(AuthenticatorBase.java:492)
	at org.apache.catalina.core.StandardHostValve.invoke(StandardHostValve.java:113)
	at org.apache.catalina.valves.ErrorReportValve.invoke(ErrorReportValve.java:83)
	at org.apache.catalina.core.StandardEngineValve.invoke(StandardEngineValve.java:72)
	at org.apache.catalina.connector.CoyoteAdapter.service(CoyoteAdapter.java:341)
	at org.apache.coyote.http11.Http11Processor.service(Http11Processor.java:397)
	at org.apache.coyote.AbstractProcessorLight.process(AbstractProcessorLight.java:63)
	at org.apache.coyote.AbstractProtocol$ConnectionHandler.process(AbstractProtocol.java:903)
	at org.apache.tomcat.util.net.NioEndpoint$SocketProcessor.doRun(NioEndpoint.java:1801)
	at org.apache.tomcat.util.net.SocketProcessorBase.run(SocketProcessorBase.java:52)
	at org.apache.tomcat.util.threads.ThreadPoolExecutor.runWorker(ThreadPoolExecutor.java:946)
	at org.apache.tomcat.util.threads.ThreadPoolExecutor$Worker.run(ThreadPoolExecutor.java:480)
	at org.apache.tomcat.util.threads.TaskThread$WrappingRunnable.run(TaskThread.java:57)
	at java.base/java.lang.Thread.run(Thread.java:840)
Caused by: org.springframework.jdbc.CannotGetJdbcConnectionException: Failed to obtain JDBC Connection
	at org.springframework.jdbc.datasource.DataSourceUtils.getConnection(DataSourceUtils.java:84)
	at org.springframework.jdbc.support.JdbcUtils.extractDatabaseMetaData(JdbcUtils.java:329)
	... 73 common frames omitted
Caused by: java.sql.SQLTransientConnectionException: HikariPool-1 - Connection is not available, request timed out after 30001ms (total=0, active=0, idle=0, waiting=0)
	at com.zaxxer.hikari.pool.HikariPool.createTimeoutException(HikariPool.java:714)
	at com.zaxxer.hikari.pool.HikariPool.getConnection(HikariPool.java:184)
	at com.zaxxer.hikari.pool.HikariPool.getConnection(HikariPool.java:142)
	at com.zaxxer.hikari.HikariDataSource.getConnection(HikariDataSource.java:127)
	at org.springframework.jdbc.datasource.DataSourceUtils.fetchConnection(DataSourceUtils.java:160)
	at org.springframework.jdbc.datasource.DataSourceUtils.doGetConnection(DataSourceUtils.java:118)
	at org.springframework.jdbc.datasource.DataSourceUtils.getConnection(DataSourceUtils.java:81)
	... 74 common frames omitted
Caused by: com.mysql.cj.jdbc.exceptions.CommunicationsException: Communications link failure

The last packet sent successfully to the server was 0 milliseconds ago. The driver has not received any packets from the server.
	at com.mysql.cj.jdbc.exceptions.SQLError.createCommunicationsException(SQLError.java:165)
	at com.mysql.cj.jdbc.exceptions.SQLExceptionsMapping.translateException(SQLExceptionsMapping.java:55)
	at com.mysql.cj.jdbc.ConnectionImpl.createNewIO(ConnectionImpl.java:840)
	at com.mysql.cj.jdbc.ConnectionImpl.<init>(ConnectionImpl.java:416)
	at com.mysql.cj.jdbc.ConnectionImpl.getInstance(ConnectionImpl.java:237)
	at com.mysql.cj.jdbc.NonRegisteringDriver.connect(NonRegisteringDriver.java:180)
	at com.zaxxer.hikari.util.DriverDataSource.getConnection(DriverDataSource.java:144)
	at com.zaxxer.hikari.pool.PoolBase.newConnection(PoolBase.java:373)
	at com.zaxxer.hikari.pool.PoolBase.newPoolEntry(PoolBase.java:210)
	at com.zaxxer.hikari.pool.HikariPool.createPoolEntry(HikariPool.java:488)
	at com.zaxxer.hikari.pool.HikariPool$PoolEntryCreator.call(HikariPool.java:752)
	at com.zaxxer.hikari.pool.HikariPool$PoolEntryCreator.call(HikariPool.java:731)
	at java.base/java.util.concurrent.FutureTask.run(FutureTask.java:264)
	at java.base/java.util.concurrent.ThreadPoolExecutor.runWorker(ThreadPoolExecutor.java:1136)
	at java.base/java.util.concurrent.ThreadPoolExecutor$Worker.run(ThreadPoolExecutor.java:635)
	... 1 common frames omitted
Caused by: com.mysql.cj.exceptions.CJCommunicationsException: Communications link failure

The last packet sent successfully to the server was 0 milliseconds ago. The driver has not received any packets from the server.
	at jdk.internal.reflect.GeneratedConstructorAccessor41.newInstance(Unknown Source)
	at java.base/jdk.internal.reflect.DelegatingConstructorAccessorImpl.newInstance(DelegatingConstructorAccessorImpl.java:45)
	at java.base/java.lang.reflect.Constructor.newInstanceWithCaller(Constructor.java:500)
	at java.base/java.lang.reflect.Constructor.newInstance(Constructor.java:481)
	at com.mysql.cj.exceptions.ExceptionFactory.createException(ExceptionFactory.java:52)
	at com.mysql.cj.exceptions.ExceptionFactory.createException(ExceptionFactory.java:95)
	at com.mysql.cj.exceptions.ExceptionFactory.createException(ExceptionFactory.java:140)
	at com.mysql.cj.exceptions.ExceptionFactory.createCommunicationsException(ExceptionFactory.java:156)
	at com.mysql.cj.protocol.a.NativeSocketConnection.connect(NativeSocketConnection.java:79)
	at com.mysql.cj.NativeSession.connect(NativeSession.java:142)
	at com.mysql.cj.jdbc.ConnectionImpl.connectOneTryOnly(ConnectionImpl.java:964)
	at com.mysql.cj.jdbc.ConnectionImpl.createNewIO(ConnectionImpl.java:828)
	... 13 common frames omitted
Caused by: java.net.ConnectException: Connection refused: getsockopt
	at java.base/sun.nio.ch.Net.pollConnect(Native Method)
	at java.base/sun.nio.ch.Net.pollConnectNow(Net.java:684)
	at java.base/sun.nio.ch.NioSocketImpl.timedFinishConnect(NioSocketImpl.java:547)
	at java.base/sun.nio.ch.NioSocketImpl.connect(NioSocketImpl.java:602)
	at java.base/java.net.SocksSocketImpl.connect(SocksSocketImpl.java:327)
	at java.base/java.net.Socket.connect(Socket.java:633)
	at com.mysql.cj.protocol.StandardSocketFactory.connect(StandardSocketFactory.java:144)
	at com.mysql.cj.protocol.a.NativeSocketConnection.connect(NativeSocketConnection.java:53)
	... 16 common frames omitted
2026-06-05 17:35:47.421 [http-nio-8080-exec-5] WARN  o.s.w.s.m.m.a.ExceptionHandlerExceptionResolver - Resolved [org.springframework.dao.RecoverableDataAccessException: <EOL><EOL>### Error querying database.  Cause: com.mysql.cj.jdbc.exceptions.CommunicationsException: Communications link failure<EOL><EOL>The last packet successfully received from the server was 1,632 milliseconds ago. The last packet sent successfully to the server was 1,632 milliseconds ago.<EOL><EOL>### The error may exist in com/company/demo/mapper/UserMapper.java (best guess)<EOL><EOL>### The error may involve defaultParameterMap<EOL><EOL>### The error occurred while setting parameters<EOL><EOL>### SQL: SELECT id,name,age FROM user WHERE id=?<EOL><EOL>### Cause: com.mysql.cj.jdbc.exceptions.CommunicationsException: Communications link failure<EOL><EOL>The last packet successfully received from the server was 1,632 milliseconds ago. The last packet sent successfully to the server was 1,632 milliseconds ago.<EOL>; Communications link failure<EOL><EOL>The last packet successfully received from the server was 1,632 milliseconds ago. The last packet sent successfully to the server was 1,632 milliseconds ago.]
2026-06-05 17:36:17.927 [HikariPool-1:connection-adder] WARN  com.zaxxer.hikari.pool.PoolBase - HikariPool-1 - Pool is empty, failed to create/setup connection (e830561a-d884-4d8e-8da2-f28709e8eac5)
com.mysql.cj.jdbc.exceptions.CommunicationsException: Communications link failure

The last packet sent successfully to the server was 0 milliseconds ago. The driver has not received any packets from the server.
	at com.mysql.cj.jdbc.exceptions.SQLError.createCommunicationsException(SQLError.java:165)
	at com.mysql.cj.jdbc.exceptions.SQLExceptionsMapping.translateException(SQLExceptionsMapping.java:55)
	at com.mysql.cj.jdbc.ConnectionImpl.createNewIO(ConnectionImpl.java:840)
	at com.mysql.cj.jdbc.ConnectionImpl.<init>(ConnectionImpl.java:416)
	at com.mysql.cj.jdbc.ConnectionImpl.getInstance(ConnectionImpl.java:237)
	at com.mysql.cj.jdbc.NonRegisteringDriver.connect(NonRegisteringDriver.java:180)
	at com.zaxxer.hikari.util.DriverDataSource.getConnection(DriverDataSource.java:144)
	at com.zaxxer.hikari.pool.PoolBase.newConnection(PoolBase.java:373)
	at com.zaxxer.hikari.pool.PoolBase.newPoolEntry(PoolBase.java:210)
	at com.zaxxer.hikari.pool.HikariPool.createPoolEntry(HikariPool.java:488)
	at com.zaxxer.hikari.pool.HikariPool$PoolEntryCreator.call(HikariPool.java:752)
	at com.zaxxer.hikari.pool.HikariPool$PoolEntryCreator.call(HikariPool.java:731)
	at java.base/java.util.concurrent.FutureTask.run(FutureTask.java:264)
	at java.base/java.util.concurrent.ThreadPoolExecutor.runWorker(ThreadPoolExecutor.java:1136)
	at java.base/java.util.concurrent.ThreadPoolExecutor$Worker.run(ThreadPoolExecutor.java:635)
	at java.base/java.lang.Thread.run(Thread.java:840)
Caused by: com.mysql.cj.exceptions.CJCommunicationsException: Communications link failure

The last packet sent successfully to the server was 0 milliseconds ago. The driver has not received any packets from the server.
	at jdk.internal.reflect.GeneratedConstructorAccessor41.newInstance(Unknown Source)
	at java.base/jdk.internal.reflect.DelegatingConstructorAccessorImpl.newInstance(DelegatingConstructorAccessorImpl.java:45)
	at java.base/java.lang.reflect.Constructor.newInstanceWithCaller(Constructor.java:500)
	at java.base/java.lang.reflect.Constructor.newInstance(Constructor.java:481)
	at com.mysql.cj.exceptions.ExceptionFactory.createException(ExceptionFactory.java:52)
	at com.mysql.cj.exceptions.ExceptionFactory.createException(ExceptionFactory.java:95)
	at com.mysql.cj.exceptions.ExceptionFactory.createException(ExceptionFactory.java:140)
	at com.mysql.cj.exceptions.ExceptionFactory.createCommunicationsException(ExceptionFactory.java:156)
	at com.mysql.cj.protocol.a.NativeSocketConnection.connect(NativeSocketConnection.java:79)
	at com.mysql.cj.NativeSession.connect(NativeSession.java:142)
	at com.mysql.cj.jdbc.ConnectionImpl.connectOneTryOnly(ConnectionImpl.java:964)
	at com.mysql.cj.jdbc.ConnectionImpl.createNewIO(ConnectionImpl.java:828)
	... 13 common frames omitted
Caused by: java.net.ConnectException: Connection refused: getsockopt
	at java.base/sun.nio.ch.Net.pollConnect(Native Method)
	at java.base/sun.nio.ch.Net.pollConnectNow(Net.java:684)
	at java.base/sun.nio.ch.NioSocketImpl.timedFinishConnect(NioSocketImpl.java:547)
	at java.base/sun.nio.ch.NioSocketImpl.connect(NioSocketImpl.java:602)
	at java.base/java.net.SocksSocketImpl.connect(SocksSocketImpl.java:327)
	at java.base/java.net.Socket.connect(Socket.java:633)
	at com.mysql.cj.protocol.StandardSocketFactory.connect(StandardSocketFactory.java:144)
	at com.mysql.cj.protocol.a.NativeSocketConnection.connect(NativeSocketConnection.java:53)
	... 16 common frames omitted
2026-06-05 17:37:29.935 [http-nio-8080-exec-6] DEBUG com.company.demo.mapper.UserMapper.selectById - ==>  Preparing: SELECT id,name,age FROM user WHERE id=?
2026-06-05 17:37:29.936 [http-nio-8080-exec-6] DEBUG com.company.demo.mapper.UserMapper.selectById - ==> Parameters: 29(Long)
2026-06-05 17:37:29.945 [http-nio-8080-exec-6] DEBUG com.company.demo.mapper.UserMapper.selectById - <==      Total: 1
2026-06-05 17:46:02.099 [File Watcher] INFO  o.s.b.d.a.LocalDevToolsAutoConfiguration$RestartingClassPathChangeChangedEventListener - Restarting due to 1 class path change (0 additions, 1 deletion, 0 modifications)
2026-06-05 17:46:02.105 [Thread-1] INFO  org.springframework.boot.tomcat.GracefulShutdown - Commencing graceful shutdown. Waiting for active requests to complete
2026-06-05 17:46:02.146 [tomcat-shutdown] INFO  org.springframework.boot.tomcat.GracefulShutdown - Graceful shutdown complete
2026-06-05 17:46:02.157 [Thread-1] INFO  com.zaxxer.hikari.HikariDataSource - HikariPool-1 - Shutdown initiated...
2026-06-05 17:46:02.160 [Thread-1] INFO  com.zaxxer.hikari.HikariDataSource - HikariPool-1 - Shutdown completed.
2026-06-05 17:46:02.229 [restartedMain] INFO  com.company.demo.DemoApplication - Starting DemoApplication using Java 17.0.19 with PID 18444 (D:\Work\Workspace\demo\target\classes started by jiaolei in D:\Work\Workspace\demo)
2026-06-05 17:46:02.229 [restartedMain] DEBUG com.company.demo.DemoApplication - Running with Spring Boot v4.0.6, Spring v7.0.7
2026-06-05 17:46:02.229 [restartedMain] INFO  com.company.demo.DemoApplication - No active profile set, falling back to 1 default profile: "default"
2026-06-05 17:46:02.366 [restartedMain] INFO  o.s.d.r.config.RepositoryConfigurationDelegate - Multiple Spring Data modules found, entering strict repository configuration mode
2026-06-05 17:46:02.366 [restartedMain] INFO  o.s.d.r.config.RepositoryConfigurationDelegate - Bootstrapping Spring Data Redis repositories in DEFAULT mode.
2026-06-05 17:46:02.372 [restartedMain] INFO  o.s.d.r.config.RepositoryConfigurationDelegate - Finished Spring Data repository scanning in 4 ms. Found 0 Redis repository interfaces.
2026-06-05 17:46:02.463 [restartedMain] INFO  org.springframework.boot.tomcat.TomcatWebServer - Tomcat initialized with port 8080 (http)
2026-06-05 17:46:02.464 [restartedMain] INFO  org.apache.catalina.core.StandardService - Starting service [Tomcat]
2026-06-05 17:46:02.464 [restartedMain] INFO  org.apache.catalina.core.StandardEngine - Starting Servlet engine: [Apache Tomcat/11.0.21]
2026-06-05 17:46:02.490 [restartedMain] INFO  o.s.b.w.c.servlet.WebApplicationContextInitializer - Root WebApplicationContext: initialization completed in 259 ms
2026-06-05 17:46:02.788 [restartedMain] INFO  c.b.m.e.spring.MybatisPlusApplicationContextAware - Register ApplicationContext instances org.springframework.boot.web.server.servlet.context.AnnotationConfigServletWebServerApplicationContext@182213a7
2026-06-05 17:46:02.865 [restartedMain] INFO  org.springframework.boot.tomcat.TomcatWebServer - Tomcat started on port 8080 (http) with context path '/'
2026-06-05 17:46:02.868 [restartedMain] INFO  com.company.demo.DemoApplication - Started DemoApplication in 0.662 seconds (process running for 806.752)
2026-06-05 17:46:02.869 [restartedMain] INFO  o.s.b.d.a.ConditionEvaluationDeltaLoggingListener - Condition evaluation unchanged
2026-06-05 17:46:04.267 [File Watcher] INFO  o.s.b.d.a.LocalDevToolsAutoConfiguration$RestartingClassPathChangeChangedEventListener - Restarting due to 1 class path change (1 addition, 0 deletions, 0 modifications)
2026-06-05 17:46:04.268 [Thread-6] INFO  org.springframework.boot.tomcat.GracefulShutdown - Commencing graceful shutdown. Waiting for active requests to complete
2026-06-05 17:46:04.298 [tomcat-shutdown] INFO  org.springframework.boot.tomcat.GracefulShutdown - Graceful shutdown complete
2026-06-05 17:46:04.356 [restartedMain] INFO  com.company.demo.DemoApplication - Starting DemoApplication using Java 17.0.19 with PID 18444 (D:\Work\Workspace\demo\target\classes started by jiaolei in D:\Work\Workspace\demo)
2026-06-05 17:46:04.356 [restartedMain] DEBUG com.company.demo.DemoApplication - Running with Spring Boot v4.0.6, Spring v7.0.7
2026-06-05 17:46:04.356 [restartedMain] INFO  com.company.demo.DemoApplication - No active profile set, falling back to 1 default profile: "default"
2026-06-05 17:46:04.459 [restartedMain] INFO  o.s.d.r.config.RepositoryConfigurationDelegate - Multiple Spring Data modules found, entering strict repository configuration mode
2026-06-05 17:46:04.459 [restartedMain] INFO  o.s.d.r.config.RepositoryConfigurationDelegate - Bootstrapping Spring Data Redis repositories in DEFAULT mode.
2026-06-05 17:46:04.463 [restartedMain] INFO  o.s.d.r.config.RepositoryConfigurationDelegate - Finished Spring Data repository scanning in 2 ms. Found 0 Redis repository interfaces.
2026-06-05 17:46:04.520 [restartedMain] INFO  org.springframework.boot.tomcat.TomcatWebServer - Tomcat initialized with port 8080 (http)
2026-06-05 17:46:04.520 [restartedMain] INFO  org.apache.catalina.core.StandardService - Starting service [Tomcat]
2026-06-05 17:46:04.520 [restartedMain] INFO  org.apache.catalina.core.StandardEngine - Starting Servlet engine: [Apache Tomcat/11.0.21]
2026-06-05 17:46:04.544 [restartedMain] INFO  o.s.b.w.c.servlet.WebApplicationContextInitializer - Root WebApplicationContext: initialization completed in 186 ms
2026-06-05 17:46:04.785 [restartedMain] INFO  c.b.m.e.spring.MybatisPlusApplicationContextAware - Register ApplicationContext instances org.springframework.boot.web.server.servlet.context.AnnotationConfigServletWebServerApplicationContext@df4aafb
2026-06-05 17:46:04.843 [restartedMain] INFO  org.springframework.boot.tomcat.TomcatWebServer - Tomcat started on port 8080 (http) with context path '/'
2026-06-05 17:46:04.845 [restartedMain] INFO  com.company.demo.DemoApplication - Started DemoApplication in 0.501 seconds (process running for 808.728)
2026-06-05 17:46:04.846 [restartedMain] INFO  o.s.b.d.a.ConditionEvaluationDeltaLoggingListener - Condition evaluation unchanged
2026-06-05 17:58:55.942 [SpringApplicationShutdownHook] INFO  org.springframework.boot.tomcat.GracefulShutdown - Commencing graceful shutdown. Waiting for active requests to complete
2026-06-05 17:58:55.972 [tomcat-shutdown] INFO  org.springframework.boot.tomcat.GracefulShutdown - Graceful shutdown complete
2026-06-05 17:58:59.525 [restartedMain] INFO  com.company.demo.DemoApplication - Starting DemoApplication using Java 17.0.19 with PID 29888 (D:\Work\Workspace\demo\target\classes started by jiaolei in D:\Work\Workspace\demo)
2026-06-05 17:58:59.528 [restartedMain] DEBUG com.company.demo.DemoApplication - Running with Spring Boot v4.0.6, Spring v7.0.7
2026-06-05 17:58:59.528 [restartedMain] INFO  com.company.demo.DemoApplication - No active profile set, falling back to 1 default profile: "default"
2026-06-05 17:58:59.563 [restartedMain] INFO  o.s.b.d.env.DevToolsPropertyDefaultsPostProcessor - Devtools property defaults active! Set 'spring.devtools.add-properties' to 'false' to disable
2026-06-05 17:58:59.563 [restartedMain] INFO  o.s.b.d.env.DevToolsPropertyDefaultsPostProcessor - For additional web related logging consider setting the 'logging.level.web' property to 'DEBUG'
2026-06-05 17:59:00.095 [restartedMain] INFO  o.s.d.r.config.RepositoryConfigurationDelegate - Multiple Spring Data modules found, entering strict repository configuration mode
2026-06-05 17:59:00.097 [restartedMain] INFO  o.s.d.r.config.RepositoryConfigurationDelegate - Bootstrapping Spring Data Redis repositories in DEFAULT mode.
2026-06-05 17:59:00.124 [restartedMain] INFO  o.s.d.r.config.RepositoryConfigurationDelegate - Finished Spring Data repository scanning in 12 ms. Found 0 Redis repository interfaces.
2026-06-05 17:59:00.680 [restartedMain] INFO  org.springframework.boot.tomcat.TomcatWebServer - Tomcat initialized with port 8080 (http)
2026-06-05 17:59:00.693 [restartedMain] INFO  org.apache.catalina.core.StandardService - Starting service [Tomcat]
2026-06-05 17:59:00.693 [restartedMain] INFO  org.apache.catalina.core.StandardEngine - Starting Servlet engine: [Apache Tomcat/11.0.21]
2026-06-05 17:59:00.742 [restartedMain] INFO  o.s.b.w.c.servlet.WebApplicationContextInitializer - Root WebApplicationContext: initialization completed in 1177 ms
2026-06-05 17:59:01.698 [restartedMain] INFO  c.b.m.e.spring.MybatisPlusApplicationContextAware - Register ApplicationContext instances org.springframework.boot.web.server.servlet.context.AnnotationConfigServletWebServerApplicationContext@36e36b9b
2026-06-05 17:59:01.902 [restartedMain] INFO  org.springframework.boot.tomcat.TomcatWebServer - Tomcat started on port 8080 (http) with context path '/'
2026-06-05 17:59:01.910 [restartedMain] INFO  com.company.demo.DemoApplication - Started DemoApplication in 2.678 seconds (process running for 3.189)
2026-06-05 17:59:18.510 [File Watcher] INFO  o.s.b.d.a.LocalDevToolsAutoConfiguration$RestartingClassPathChangeChangedEventListener - Restarting due to 1 class path change (0 additions, 1 deletion, 0 modifications)
2026-06-05 17:59:18.515 [Thread-1] INFO  org.springframework.boot.tomcat.GracefulShutdown - Commencing graceful shutdown. Waiting for active requests to complete
2026-06-05 17:59:18.554 [tomcat-shutdown] INFO  org.springframework.boot.tomcat.GracefulShutdown - Graceful shutdown complete
2026-06-05 17:59:18.624 [restartedMain] INFO  com.company.demo.DemoApplication - Starting DemoApplication using Java 17.0.19 with PID 29888 (D:\Work\Workspace\demo\target\classes started by jiaolei in D:\Work\Workspace\demo)
2026-06-05 17:59:18.625 [restartedMain] DEBUG com.company.demo.DemoApplication - Running with Spring Boot v4.0.6, Spring v7.0.7
2026-06-05 17:59:18.625 [restartedMain] INFO  com.company.demo.DemoApplication - No active profile set, falling back to 1 default profile: "default"
2026-06-05 17:59:18.755 [restartedMain] INFO  o.s.d.r.config.RepositoryConfigurationDelegate - Multiple Spring Data modules found, entering strict repository configuration mode
2026-06-05 17:59:18.756 [restartedMain] INFO  o.s.d.r.config.RepositoryConfigurationDelegate - Bootstrapping Spring Data Redis repositories in DEFAULT mode.
2026-06-05 17:59:18.761 [restartedMain] INFO  o.s.d.r.config.RepositoryConfigurationDelegate - Finished Spring Data repository scanning in 4 ms. Found 0 Redis repository interfaces.
2026-06-05 17:59:18.841 [restartedMain] INFO  org.springframework.boot.tomcat.TomcatWebServer - Tomcat initialized with port 8080 (http)
2026-06-05 17:59:18.841 [restartedMain] INFO  org.apache.catalina.core.StandardService - Starting service [Tomcat]
2026-06-05 17:59:18.841 [restartedMain] INFO  org.apache.catalina.core.StandardEngine - Starting Servlet engine: [Apache Tomcat/11.0.21]
2026-06-05 17:59:18.871 [restartedMain] INFO  o.s.b.w.c.servlet.WebApplicationContextInitializer - Root WebApplicationContext: initialization completed in 244 ms
2026-06-05 17:59:19.131 [restartedMain] INFO  c.b.m.e.spring.MybatisPlusApplicationContextAware - Register ApplicationContext instances org.springframework.boot.web.server.servlet.context.AnnotationConfigServletWebServerApplicationContext@38397ef5
2026-06-05 17:59:19.191 [restartedMain] INFO  org.springframework.boot.tomcat.TomcatWebServer - Tomcat started on port 8080 (http) with context path '/'
2026-06-05 17:59:19.194 [restartedMain] INFO  com.company.demo.DemoApplication - Started DemoApplication in 0.591 seconds (process running for 20.473)
2026-06-05 17:59:19.195 [restartedMain] INFO  o.s.b.d.a.ConditionEvaluationDeltaLoggingListener - Condition evaluation unchanged
2026-06-05 17:59:20.592 [File Watcher] INFO  o.s.b.d.a.LocalDevToolsAutoConfiguration$RestartingClassPathChangeChangedEventListener - Restarting due to 1 class path change (1 addition, 0 deletions, 0 modifications)
2026-06-05 17:59:20.594 [Thread-6] INFO  org.springframework.boot.tomcat.GracefulShutdown - Commencing graceful shutdown. Waiting for active requests to complete
2026-06-05 17:59:20.640 [tomcat-shutdown] INFO  org.springframework.boot.tomcat.GracefulShutdown - Graceful shutdown complete
2026-06-05 17:59:20.706 [restartedMain] INFO  com.company.demo.DemoApplication - Starting DemoApplication using Java 17.0.19 with PID 29888 (D:\Work\Workspace\demo\target\classes started by jiaolei in D:\Work\Workspace\demo)
2026-06-05 17:59:20.707 [restartedMain] DEBUG com.company.demo.DemoApplication - Running with Spring Boot v4.0.6, Spring v7.0.7
2026-06-05 17:59:20.707 [restartedMain] INFO  com.company.demo.DemoApplication - No active profile set, falling back to 1 default profile: "default"
2026-06-05 17:59:20.812 [restartedMain] INFO  o.s.d.r.config.RepositoryConfigurationDelegate - Multiple Spring Data modules found, entering strict repository configuration mode
2026-06-05 17:59:20.812 [restartedMain] INFO  o.s.d.r.config.RepositoryConfigurationDelegate - Bootstrapping Spring Data Redis repositories in DEFAULT mode.
2026-06-05 17:59:20.816 [restartedMain] INFO  o.s.d.r.config.RepositoryConfigurationDelegate - Finished Spring Data repository scanning in 2 ms. Found 0 Redis repository interfaces.
2026-06-05 17:59:20.872 [restartedMain] INFO  org.springframework.boot.tomcat.TomcatWebServer - Tomcat initialized with port 8080 (http)
2026-06-05 17:59:20.872 [restartedMain] INFO  org.apache.catalina.core.StandardService - Starting service [Tomcat]
2026-06-05 17:59:20.872 [restartedMain] INFO  org.apache.catalina.core.StandardEngine - Starting Servlet engine: [Apache Tomcat/11.0.21]
2026-06-05 17:59:20.899 [restartedMain] INFO  o.s.b.w.c.servlet.WebApplicationContextInitializer - Root WebApplicationContext: initialization completed in 191 ms
2026-06-05 17:59:21.156 [restartedMain] INFO  c.b.m.e.spring.MybatisPlusApplicationContextAware - Register ApplicationContext instances org.springframework.boot.web.server.servlet.context.AnnotationConfigServletWebServerApplicationContext@3dea4b8a
2026-06-05 17:59:21.211 [restartedMain] INFO  org.springframework.boot.tomcat.TomcatWebServer - Tomcat started on port 8080 (http) with context path '/'
2026-06-05 17:59:21.213 [restartedMain] INFO  com.company.demo.DemoApplication - Started DemoApplication in 0.518 seconds (process running for 22.492)
2026-06-05 17:59:21.214 [restartedMain] INFO  o.s.b.d.a.ConditionEvaluationDeltaLoggingListener - Condition evaluation unchanged
2026-06-05 17:59:27.823 [http-nio-8080-exec-1] INFO  o.a.c.core.ContainerBase.[Tomcat].[localhost].[/] - Initializing Spring DispatcherServlet 'dispatcherServlet'
2026-06-05 17:59:27.823 [http-nio-8080-exec-1] INFO  org.springframework.web.servlet.DispatcherServlet - Initializing Servlet 'dispatcherServlet'
2026-06-05 17:59:27.824 [http-nio-8080-exec-1] INFO  org.springframework.web.servlet.DispatcherServlet - Completed initialization in 1 ms
2026-06-05 17:59:28.172 [http-nio-8080-exec-1] INFO  com.zaxxer.hikari.HikariDataSource - HikariPool-1 - Starting...
2026-06-05 17:59:28.297 [http-nio-8080-exec-1] INFO  com.zaxxer.hikari.pool.HikariPool - HikariPool-1 - Added connection com.mysql.cj.jdbc.ConnectionImpl@75e1abfb
2026-06-05 17:59:28.298 [http-nio-8080-exec-1] INFO  com.zaxxer.hikari.HikariDataSource - HikariPool-1 - Start completed.
2026-06-05 17:59:28.303 [http-nio-8080-exec-1] DEBUG com.company.demo.mapper.UserMapper.selectById - ==>  Preparing: SELECT id,name,age FROM user WHERE id=?
2026-06-05 17:59:28.319 [http-nio-8080-exec-1] DEBUG com.company.demo.mapper.UserMapper.selectById - ==> Parameters: 20(Long)
2026-06-05 17:59:28.335 [http-nio-8080-exec-1] DEBUG com.company.demo.mapper.UserMapper.selectById - <==      Total: 1
2026-06-05 17:59:28.339 [http-nio-8080-exec-1] DEBUG com.company.demo.service.UserService - 数据库获取用户 id20
2026-06-05 17:59:56.179 [File Watcher] INFO  o.s.b.d.a.LocalDevToolsAutoConfiguration$RestartingClassPathChangeChangedEventListener - Restarting due to 1 class path change (0 additions, 1 deletion, 0 modifications)
2026-06-05 17:59:56.180 [Thread-10] INFO  org.springframework.boot.tomcat.GracefulShutdown - Commencing graceful shutdown. Waiting for active requests to complete
2026-06-05 17:59:56.212 [tomcat-shutdown] INFO  org.springframework.boot.tomcat.GracefulShutdown - Graceful shutdown complete
2026-06-05 17:59:56.225 [Thread-10] INFO  com.zaxxer.hikari.HikariDataSource - HikariPool-1 - Shutdown initiated...
2026-06-05 17:59:56.230 [Thread-10] INFO  com.zaxxer.hikari.HikariDataSource - HikariPool-1 - Shutdown completed.
2026-06-05 17:59:56.289 [restartedMain] INFO  com.company.demo.DemoApplication - Starting DemoApplication using Java 17.0.19 with PID 29888 (D:\Work\Workspace\demo\target\classes started by jiaolei in D:\Work\Workspace\demo)
2026-06-05 17:59:56.290 [restartedMain] DEBUG com.company.demo.DemoApplication - Running with Spring Boot v4.0.6, Spring v7.0.7
2026-06-05 17:59:56.290 [restartedMain] INFO  com.company.demo.DemoApplication - No active profile set, falling back to 1 default profile: "default"
2026-06-05 17:59:56.402 [restartedMain] INFO  o.s.d.r.config.RepositoryConfigurationDelegate - Multiple Spring Data modules found, entering strict repository configuration mode
2026-06-05 17:59:56.403 [restartedMain] INFO  o.s.d.r.config.RepositoryConfigurationDelegate - Bootstrapping Spring Data Redis repositories in DEFAULT mode.
2026-06-05 17:59:56.408 [restartedMain] INFO  o.s.d.r.config.RepositoryConfigurationDelegate - Finished Spring Data repository scanning in 4 ms. Found 0 Redis repository interfaces.
2026-06-05 17:59:56.474 [restartedMain] INFO  org.springframework.boot.tomcat.TomcatWebServer - Tomcat initialized with port 8080 (http)
2026-06-05 17:59:56.475 [restartedMain] INFO  org.apache.catalina.core.StandardService - Starting service [Tomcat]
2026-06-05 17:59:56.475 [restartedMain] INFO  org.apache.catalina.core.StandardEngine - Starting Servlet engine: [Apache Tomcat/11.0.21]
2026-06-05 17:59:56.517 [restartedMain] INFO  o.s.b.w.c.servlet.WebApplicationContextInitializer - Root WebApplicationContext: initialization completed in 226 ms
2026-06-05 17:59:56.812 [restartedMain] INFO  c.b.m.e.spring.MybatisPlusApplicationContextAware - Register ApplicationContext instances org.springframework.boot.web.server.servlet.context.AnnotationConfigServletWebServerApplicationContext@7f4f9f9f
2026-06-05 17:59:56.884 [restartedMain] INFO  org.springframework.boot.tomcat.TomcatWebServer - Tomcat started on port 8080 (http) with context path '/'
2026-06-05 17:59:56.886 [restartedMain] INFO  com.company.demo.DemoApplication - Started DemoApplication in 0.612 seconds (process running for 58.165)
2026-06-05 17:59:56.886 [restartedMain] INFO  o.s.b.d.a.ConditionEvaluationDeltaLoggingListener - Condition evaluation unchanged
2026-06-05 17:59:58.279 [File Watcher] INFO  o.s.b.d.a.LocalDevToolsAutoConfiguration$RestartingClassPathChangeChangedEventListener - Restarting due to 1 class path change (1 addition, 0 deletions, 0 modifications)
2026-06-05 17:59:58.281 [Thread-14] INFO  org.springframework.boot.tomcat.GracefulShutdown - Commencing graceful shutdown. Waiting for active requests to complete
2026-06-05 17:59:58.319 [tomcat-shutdown] INFO  org.springframework.boot.tomcat.GracefulShutdown - Graceful shutdown complete
2026-06-05 17:59:58.386 [restartedMain] INFO  com.company.demo.DemoApplication - Starting DemoApplication using Java 17.0.19 with PID 29888 (D:\Work\Workspace\demo\target\classes started by jiaolei in D:\Work\Workspace\demo)
2026-06-05 17:59:58.387 [restartedMain] DEBUG com.company.demo.DemoApplication - Running with Spring Boot v4.0.6, Spring v7.0.7
2026-06-05 17:59:58.387 [restartedMain] INFO  com.company.demo.DemoApplication - No active profile set, falling back to 1 default profile: "default"
2026-06-05 17:59:58.477 [restartedMain] INFO  o.s.d.r.config.RepositoryConfigurationDelegate - Multiple Spring Data modules found, entering strict repository configuration mode
2026-06-05 17:59:58.477 [restartedMain] INFO  o.s.d.r.config.RepositoryConfigurationDelegate - Bootstrapping Spring Data Redis repositories in DEFAULT mode.
2026-06-05 17:59:58.483 [restartedMain] INFO  o.s.d.r.config.RepositoryConfigurationDelegate - Finished Spring Data repository scanning in 4 ms. Found 0 Redis repository interfaces.
2026-06-05 17:59:58.544 [restartedMain] INFO  org.springframework.boot.tomcat.TomcatWebServer - Tomcat initialized with port 8080 (http)
2026-06-05 17:59:58.545 [restartedMain] INFO  org.apache.catalina.core.StandardService - Starting service [Tomcat]
2026-06-05 17:59:58.545 [restartedMain] INFO  org.apache.catalina.core.StandardEngine - Starting Servlet engine: [Apache Tomcat/11.0.21]
2026-06-05 17:59:58.572 [restartedMain] INFO  o.s.b.w.c.servlet.WebApplicationContextInitializer - Root WebApplicationContext: initialization completed in 184 ms
2026-06-05 17:59:58.813 [restartedMain] INFO  c.b.m.e.spring.MybatisPlusApplicationContextAware - Register ApplicationContext instances org.springframework.boot.web.server.servlet.context.AnnotationConfigServletWebServerApplicationContext@315ae988
2026-06-05 17:59:58.870 [restartedMain] INFO  org.springframework.boot.tomcat.TomcatWebServer - Tomcat started on port 8080 (http) with context path '/'
2026-06-05 17:59:58.873 [restartedMain] INFO  com.company.demo.DemoApplication - Started DemoApplication in 0.502 seconds (process running for 60.152)
2026-06-05 17:59:58.874 [restartedMain] INFO  o.s.b.d.a.ConditionEvaluationDeltaLoggingListener - Condition evaluation unchanged
2026-06-05 18:00:05.822 [http-nio-8080-exec-2] INFO  o.a.c.core.ContainerBase.[Tomcat].[localhost].[/] - Initializing Spring DispatcherServlet 'dispatcherServlet'
2026-06-05 18:00:05.822 [http-nio-8080-exec-2] INFO  org.springframework.web.servlet.DispatcherServlet - Initializing Servlet 'dispatcherServlet'
2026-06-05 18:00:05.824 [http-nio-8080-exec-2] INFO  org.springframework.web.servlet.DispatcherServlet - Completed initialization in 2 ms
2026-06-05 18:00:05.846 [http-nio-8080-exec-2] INFO  com.zaxxer.hikari.HikariDataSource - HikariPool-2 - Starting...
2026-06-05 18:00:05.850 [http-nio-8080-exec-2] INFO  com.zaxxer.hikari.pool.HikariPool - HikariPool-2 - Added connection com.mysql.cj.jdbc.ConnectionImpl@2d9194a4
2026-06-05 18:00:05.851 [http-nio-8080-exec-2] INFO  com.zaxxer.hikari.HikariDataSource - HikariPool-2 - Start completed.
2026-06-05 18:00:05.851 [http-nio-8080-exec-2] DEBUG com.company.demo.mapper.UserMapper.selectById - ==>  Preparing: SELECT id,name,age FROM user WHERE id=?
2026-06-05 18:00:05.851 [http-nio-8080-exec-2] DEBUG com.company.demo.mapper.UserMapper.selectById - ==> Parameters: 20(Long)
2026-06-05 18:00:05.852 [http-nio-8080-exec-2] DEBUG com.company.demo.mapper.UserMapper.selectById - <==      Total: 1
2026-06-05 18:00:05.852 [http-nio-8080-exec-2] DEBUG com.company.demo.service.UserService - 数据库获取用户 id=20
2026-06-05 18:00:57.712 [http-nio-8080-exec-3] DEBUG com.company.demo.mapper.UserMapper.selectById - ==>  Preparing: SELECT id,name,age FROM user WHERE id=?
2026-06-05 18:00:57.712 [http-nio-8080-exec-3] DEBUG com.company.demo.mapper.UserMapper.selectById - ==> Parameters: 20(Long)
2026-06-05 18:00:57.713 [http-nio-8080-exec-3] DEBUG com.company.demo.mapper.UserMapper.selectById - <==      Total: 1
2026-06-05 18:00:57.714 [http-nio-8080-exec-3] DEBUG com.company.demo.service.UserService - 数据库获取用户 id=20
2026-06-05 18:02:56.705 [SpringApplicationShutdownHook] INFO  org.springframework.boot.tomcat.GracefulShutdown - Commencing graceful shutdown. Waiting for active requests to complete
2026-06-05 18:02:56.737 [tomcat-shutdown] INFO  org.springframework.boot.tomcat.GracefulShutdown - Graceful shutdown complete
2026-06-05 18:02:56.743 [SpringApplicationShutdownHook] INFO  com.zaxxer.hikari.HikariDataSource - HikariPool-2 - Shutdown initiated...
2026-06-05 18:02:56.745 [SpringApplicationShutdownHook] INFO  com.zaxxer.hikari.HikariDataSource - HikariPool-2 - Shutdown completed.
2026-06-05 18:03:00.707 [restartedMain] INFO  com.company.demo.DemoApplication - Starting DemoApplication using Java 17.0.19 with PID 26652 (D:\Work\Workspace\demo\target\classes started by jiaolei in D:\Work\Workspace\demo)
2026-06-05 18:03:00.709 [restartedMain] DEBUG com.company.demo.DemoApplication - Running with Spring Boot v4.0.6, Spring v7.0.7
2026-06-05 18:03:00.709 [restartedMain] INFO  com.company.demo.DemoApplication - No active profile set, falling back to 1 default profile: "default"
2026-06-05 18:03:00.748 [restartedMain] INFO  o.s.b.d.env.DevToolsPropertyDefaultsPostProcessor - Devtools property defaults active! Set 'spring.devtools.add-properties' to 'false' to disable
2026-06-05 18:03:00.748 [restartedMain] INFO  o.s.b.d.env.DevToolsPropertyDefaultsPostProcessor - For additional web related logging consider setting the 'logging.level.web' property to 'DEBUG'
2026-06-05 18:03:01.283 [restartedMain] INFO  o.s.d.r.config.RepositoryConfigurationDelegate - Multiple Spring Data modules found, entering strict repository configuration mode
2026-06-05 18:03:01.284 [restartedMain] INFO  o.s.d.r.config.RepositoryConfigurationDelegate - Bootstrapping Spring Data Redis repositories in DEFAULT mode.
2026-06-05 18:03:01.309 [restartedMain] INFO  o.s.d.r.config.RepositoryConfigurationDelegate - Finished Spring Data repository scanning in 13 ms. Found 0 Redis repository interfaces.
2026-06-05 18:03:01.886 [restartedMain] INFO  org.springframework.boot.tomcat.TomcatWebServer - Tomcat initialized with port 8080 (http)
2026-06-05 18:03:01.896 [restartedMain] INFO  org.apache.catalina.core.StandardService - Starting service [Tomcat]
2026-06-05 18:03:01.897 [restartedMain] INFO  org.apache.catalina.core.StandardEngine - Starting Servlet engine: [Apache Tomcat/11.0.21]
2026-06-05 18:03:01.944 [restartedMain] INFO  o.s.b.w.c.servlet.WebApplicationContextInitializer - Root WebApplicationContext: initialization completed in 1196 ms
2026-06-05 18:03:02.913 [restartedMain] INFO  c.b.m.e.spring.MybatisPlusApplicationContextAware - Register ApplicationContext instances org.springframework.boot.web.server.servlet.context.AnnotationConfigServletWebServerApplicationContext@36e36b9b
2026-06-05 18:03:03.118 [restartedMain] INFO  org.springframework.boot.tomcat.TomcatWebServer - Tomcat started on port 8080 (http) with context path '/'
2026-06-05 18:03:03.124 [restartedMain] INFO  com.company.demo.DemoApplication - Started DemoApplication in 2.71 seconds (process running for 3.223)
2026-06-05 18:04:31.316 [SpringApplicationShutdownHook] INFO  org.springframework.boot.tomcat.GracefulShutdown - Commencing graceful shutdown. Waiting for active requests to complete
2026-06-05 18:04:31.346 [tomcat-shutdown] INFO  org.springframework.boot.tomcat.GracefulShutdown - Graceful shutdown complete
2026-06-05 18:04:33.039 [restartedMain] INFO  com.company.demo.DemoApplication - Starting DemoApplication using Java 17.0.19 with PID 25480 (D:\Work\Workspace\demo\target\classes started by jiaolei in D:\Work\Workspace\demo)
2026-06-05 18:04:33.041 [restartedMain] DEBUG com.company.demo.DemoApplication - Running with Spring Boot v4.0.6, Spring v7.0.7
2026-06-05 18:04:33.042 [restartedMain] INFO  com.company.demo.DemoApplication - No active profile set, falling back to 1 default profile: "default"
2026-06-05 18:04:33.077 [restartedMain] INFO  o.s.b.d.env.DevToolsPropertyDefaultsPostProcessor - Devtools property defaults active! Set 'spring.devtools.add-properties' to 'false' to disable
2026-06-05 18:04:33.077 [restartedMain] INFO  o.s.b.d.env.DevToolsPropertyDefaultsPostProcessor - For additional web related logging consider setting the 'logging.level.web' property to 'DEBUG'
2026-06-05 18:04:33.632 [restartedMain] INFO  o.s.d.r.config.RepositoryConfigurationDelegate - Multiple Spring Data modules found, entering strict repository configuration mode
2026-06-05 18:04:33.635 [restartedMain] INFO  o.s.d.r.config.RepositoryConfigurationDelegate - Bootstrapping Spring Data Redis repositories in DEFAULT mode.
2026-06-05 18:04:33.662 [restartedMain] INFO  o.s.d.r.config.RepositoryConfigurationDelegate - Finished Spring Data repository scanning in 12 ms. Found 0 Redis repository interfaces.
2026-06-05 18:04:34.234 [restartedMain] INFO  org.springframework.boot.tomcat.TomcatWebServer - Tomcat initialized with port 8080 (http)
2026-06-05 18:04:34.246 [restartedMain] INFO  org.apache.catalina.core.StandardService - Starting service [Tomcat]
2026-06-05 18:04:34.246 [restartedMain] INFO  org.apache.catalina.core.StandardEngine - Starting Servlet engine: [Apache Tomcat/11.0.21]
2026-06-05 18:04:34.298 [restartedMain] INFO  o.s.b.w.c.servlet.WebApplicationContextInitializer - Root WebApplicationContext: initialization completed in 1221 ms
2026-06-05 18:04:35.262 [restartedMain] INFO  c.b.m.e.spring.MybatisPlusApplicationContextAware - Register ApplicationContext instances org.springframework.boot.web.server.servlet.context.AnnotationConfigServletWebServerApplicationContext@7db5bd9a
2026-06-05 18:04:35.480 [restartedMain] INFO  org.springframework.boot.tomcat.TomcatWebServer - Tomcat started on port 8080 (http) with context path '/'
2026-06-05 18:04:35.486 [restartedMain] INFO  com.company.demo.DemoApplication - Started DemoApplication in 2.744 seconds (process running for 3.306)
2026-06-05 18:05:20.353 [http-nio-8080-exec-2] INFO  o.a.c.core.ContainerBase.[Tomcat].[localhost].[/] - Initializing Spring DispatcherServlet 'dispatcherServlet'
2026-06-05 18:05:20.353 [http-nio-8080-exec-2] INFO  org.springframework.web.servlet.DispatcherServlet - Initializing Servlet 'dispatcherServlet'
2026-06-05 18:05:20.354 [http-nio-8080-exec-2] INFO  org.springframework.web.servlet.DispatcherServlet - Completed initialization in 0 ms
2026-06-05 18:05:20.718 [http-nio-8080-exec-2] INFO  com.zaxxer.hikari.HikariDataSource - HikariPool-1 - Starting...
2026-06-05 18:05:20.846 [http-nio-8080-exec-2] INFO  com.zaxxer.hikari.pool.HikariPool - HikariPool-1 - Added connection com.mysql.cj.jdbc.ConnectionImpl@1dff79c3
2026-06-05 18:05:20.847 [http-nio-8080-exec-2] INFO  com.zaxxer.hikari.HikariDataSource - HikariPool-1 - Start completed.
2026-06-05 18:05:20.852 [http-nio-8080-exec-2] DEBUG com.company.demo.mapper.UserMapper.selectById - ==>  Preparing: SELECT id,name,age FROM user WHERE id=?
2026-06-05 18:05:20.871 [http-nio-8080-exec-2] DEBUG com.company.demo.mapper.UserMapper.selectById - ==> Parameters: 19(Long)
2026-06-05 18:05:20.888 [http-nio-8080-exec-2] DEBUG com.company.demo.mapper.UserMapper.selectById - <==      Total: 1
2026-06-05 18:05:20.946 [http-nio-8080-exec-2] DEBUG com.company.demo.service.UserService - 数据库获取用户 id=19
2026-06-05 18:05:28.051 [http-nio-8080-exec-10] DEBUG com.company.demo.service.UserService - redis获取用户 id=19
2026-06-05 18:34:24.219 [HikariPool-1:housekeeper] WARN  com.zaxxer.hikari.pool.HikariPool - HikariPool-1 - Thread starvation or clock leap detected (housekeeper delta=5m32s892ms69µs300ns).
2026-06-05 18:51:13.565 [HikariPool-1:housekeeper] WARN  com.zaxxer.hikari.pool.HikariPool - HikariPool-1 - Thread starvation or clock leap detected (housekeeper delta=11m49s242ms612µs).
2026-06-05 19:02:45.282 [File Watcher] INFO  o.s.b.d.a.LocalDevToolsAutoConfiguration$RestartingClassPathChangeChangedEventListener - Restarting due to 22 class path changes (0 additions, 21 deletions, 1 modification)
2026-06-05 19:02:45.295 [Thread-1] INFO  org.springframework.boot.tomcat.GracefulShutdown - Commencing graceful shutdown. Waiting for active requests to complete
2026-06-05 19:02:45.333 [tomcat-shutdown] INFO  org.springframework.boot.tomcat.GracefulShutdown - Graceful shutdown complete
2026-06-05 19:02:45.359 [Thread-1] INFO  com.zaxxer.hikari.HikariDataSource - HikariPool-1 - Shutdown initiated...
2026-06-05 19:02:45.362 [Thread-1] INFO  com.zaxxer.hikari.HikariDataSource - HikariPool-1 - Shutdown completed.
2026-06-05 19:02:45.440 [restartedMain] INFO  com.company.demo.DemoApplication - Starting DemoApplication using Java 17.0.19 with PID 25480 (D:\Work\Workspace\demo\target\classes started by jiaolei in D:\Work\Workspace\demo)
2026-06-05 19:02:45.440 [restartedMain] DEBUG com.company.demo.DemoApplication - Running with Spring Boot v4.0.6, Spring v7.0.7
2026-06-05 19:02:45.441 [restartedMain] INFO  com.company.demo.DemoApplication - No active profile set, falling back to 1 default profile: "default"
2026-06-05 19:02:45.562 [restartedMain] INFO  o.s.d.r.config.RepositoryConfigurationDelegate - Multiple Spring Data modules found, entering strict repository configuration mode
2026-06-05 19:02:45.562 [restartedMain] INFO  o.s.d.r.config.RepositoryConfigurationDelegate - Bootstrapping Spring Data Redis repositories in DEFAULT mode.
2026-06-05 19:02:45.564 [restartedMain] INFO  o.s.d.r.config.RepositoryConfigurationDelegate - Finished Spring Data repository scanning in 0 ms. Found 0 Redis repository interfaces.
2026-06-05 19:02:45.579 [restartedMain] WARN  org.mybatis.spring.mapper.ClassPathMapperScanner - No MyBatis mapper was found in '[com.company.demo.mapper]' package. Please check your configuration.
2026-06-05 19:02:45.616 [restartedMain] INFO  org.springframework.boot.tomcat.TomcatWebServer - Tomcat initialized with port 8080 (http)
2026-06-05 19:02:45.616 [restartedMain] INFO  org.apache.catalina.core.StandardService - Starting service [Tomcat]
2026-06-05 19:02:45.617 [restartedMain] INFO  org.apache.catalina.core.StandardEngine - Starting Servlet engine: [Apache Tomcat/11.0.21]
2026-06-05 19:02:45.651 [restartedMain] INFO  o.s.b.w.c.servlet.WebApplicationContextInitializer - Root WebApplicationContext: initialization completed in 209 ms
2026-06-05 19:02:45.858 [restartedMain] INFO  c.b.m.e.spring.MybatisPlusApplicationContextAware - Register ApplicationContext instances org.springframework.boot.web.server.servlet.context.AnnotationConfigServletWebServerApplicationContext@7d3b51a4
2026-06-05 19:02:45.900 [restartedMain] INFO  org.springframework.boot.tomcat.TomcatWebServer - Tomcat started on port 8080 (http) with context path '/'
2026-06-05 19:02:45.903 [restartedMain] INFO  com.company.demo.DemoApplication - Started DemoApplication in 0.479 seconds (process running for 3493.722)
2026-06-05 19:02:45.906 [restartedMain] INFO  o.s.b.d.a.ConditionEvaluationDeltaLoggingListener - Condition evaluation delta:


==========================
CONDITION EVALUATION DELTA
==========================


Positive matches:
-----------------

   DataRedisAutoConfiguration#redisTemplate matched:
      - @ConditionalOnSingleCandidate (types: org.springframework.data.redis.connection.RedisConnectionFactory; SearchStrategy: all) found a single bean 'redisConnectionFactory'; @ConditionalOnMissingBean (names: redisTemplate; SearchStrategy: all) did not find any beans (OnBeanCondition)


Negative matches:
-----------------

    None


Exclusions:
-----------

    None


Unconditional classes:
----------------------

    None



2026-06-05 19:02:47.322 [File Watcher] INFO  o.s.b.d.a.LocalDevToolsAutoConfiguration$RestartingClassPathChangeChangedEventListener - Restarting due to 21 class path changes (21 additions, 0 deletions, 0 modifications)
2026-06-05 19:02:47.323 [Thread-6] INFO  org.springframework.boot.tomcat.GracefulShutdown - Commencing graceful shutdown. Waiting for active requests to complete
2026-06-05 19:02:47.356 [tomcat-shutdown] INFO  org.springframework.boot.tomcat.GracefulShutdown - Graceful shutdown complete
2026-06-05 19:02:47.420 [restartedMain] INFO  com.company.demo.DemoApplication - Starting DemoApplication using Java 17.0.19 with PID 25480 (D:\Work\Workspace\demo\target\classes started by jiaolei in D:\Work\Workspace\demo)
2026-06-05 19:02:47.420 [restartedMain] DEBUG com.company.demo.DemoApplication - Running with Spring Boot v4.0.6, Spring v7.0.7
2026-06-05 19:02:47.420 [restartedMain] INFO  com.company.demo.DemoApplication - No active profile set, falling back to 1 default profile: "default"
2026-06-05 19:02:47.538 [restartedMain] INFO  o.s.d.r.config.RepositoryConfigurationDelegate - Multiple Spring Data modules found, entering strict repository configuration mode
2026-06-05 19:02:47.538 [restartedMain] INFO  o.s.d.r.config.RepositoryConfigurationDelegate - Bootstrapping Spring Data Redis repositories in DEFAULT mode.
2026-06-05 19:02:47.544 [restartedMain] INFO  o.s.d.r.config.RepositoryConfigurationDelegate - Finished Spring Data repository scanning in 4 ms. Found 0 Redis repository interfaces.
2026-06-05 19:02:47.606 [restartedMain] INFO  org.springframework.boot.tomcat.TomcatWebServer - Tomcat initialized with port 8080 (http)
2026-06-05 19:02:47.607 [restartedMain] INFO  org.apache.catalina.core.StandardService - Starting service [Tomcat]
2026-06-05 19:02:47.607 [restartedMain] INFO  org.apache.catalina.core.StandardEngine - Starting Servlet engine: [Apache Tomcat/11.0.21]
2026-06-05 19:02:47.640 [restartedMain] INFO  o.s.b.w.c.servlet.WebApplicationContextInitializer - Root WebApplicationContext: initialization completed in 219 ms
2026-06-05 19:02:47.902 [restartedMain] INFO  c.b.m.e.spring.MybatisPlusApplicationContextAware - Register ApplicationContext instances org.springframework.boot.web.server.servlet.context.AnnotationConfigServletWebServerApplicationContext@78922bda
2026-06-05 19:02:47.968 [restartedMain] INFO  org.springframework.boot.tomcat.TomcatWebServer - Tomcat started on port 8080 (http) with context path '/'
2026-06-05 19:02:47.970 [restartedMain] INFO  com.company.demo.DemoApplication - Started DemoApplication in 0.56 seconds (process running for 3495.791)
2026-06-05 19:02:47.973 [restartedMain] INFO  o.s.b.d.a.ConditionEvaluationDeltaLoggingListener - Condition evaluation delta:


==========================
CONDITION EVALUATION DELTA
==========================


Positive matches:
-----------------

    None


Negative matches:
-----------------

   DataRedisAutoConfiguration#redisTemplate:
      Did not match:
         - @ConditionalOnMissingBean (names: redisTemplate; SearchStrategy: all) found beans named redisTemplate (OnBeanCondition)


Exclusions:
-----------

    None


Unconditional classes:
----------------------

    None



2026-06-05 19:04:03.749 [File Watcher] INFO  o.s.b.d.a.LocalDevToolsAutoConfiguration$RestartingClassPathChangeChangedEventListener - Restarting due to 1 class path change (1 addition, 0 deletions, 0 modifications)
2026-06-05 19:04:03.751 [Thread-10] INFO  org.springframework.boot.tomcat.GracefulShutdown - Commencing graceful shutdown. Waiting for active requests to complete
2026-06-05 19:04:03.797 [tomcat-shutdown] INFO  org.springframework.boot.tomcat.GracefulShutdown - Graceful shutdown complete
2026-06-05 19:04:03.867 [restartedMain] INFO  com.company.demo.DemoApplication - Starting DemoApplication using Java 17.0.19 with PID 25480 (D:\Work\Workspace\demo\target\classes started by jiaolei in D:\Work\Workspace\demo)
2026-06-05 19:04:03.867 [restartedMain] DEBUG com.company.demo.DemoApplication - Running with Spring Boot v4.0.6, Spring v7.0.7
2026-06-05 19:04:03.867 [restartedMain] INFO  com.company.demo.DemoApplication - No active profile set, falling back to 1 default profile: "default"
2026-06-05 19:04:03.977 [restartedMain] INFO  o.s.d.r.config.RepositoryConfigurationDelegate - Multiple Spring Data modules found, entering strict repository configuration mode
2026-06-05 19:04:03.977 [restartedMain] INFO  o.s.d.r.config.RepositoryConfigurationDelegate - Bootstrapping Spring Data Redis repositories in DEFAULT mode.
2026-06-05 19:04:03.981 [restartedMain] INFO  o.s.d.r.config.RepositoryConfigurationDelegate - Finished Spring Data repository scanning in 3 ms. Found 0 Redis repository interfaces.
2026-06-05 19:04:04.062 [restartedMain] INFO  org.springframework.boot.tomcat.TomcatWebServer - Tomcat initialized with port 8080 (http)
2026-06-05 19:04:04.063 [restartedMain] INFO  org.apache.catalina.core.StandardService - Starting service [Tomcat]
2026-06-05 19:04:04.063 [restartedMain] INFO  org.apache.catalina.core.StandardEngine - Starting Servlet engine: [Apache Tomcat/11.0.21]
2026-06-05 19:04:04.084 [restartedMain] INFO  o.s.b.w.c.servlet.WebApplicationContextInitializer - Root WebApplicationContext: initialization completed in 216 ms
2026-06-05 19:04:04.334 [restartedMain] INFO  c.b.m.e.spring.MybatisPlusApplicationContextAware - Register ApplicationContext instances org.springframework.boot.web.server.servlet.context.AnnotationConfigServletWebServerApplicationContext@1cb5d257
2026-06-05 19:04:04.410 [restartedMain] INFO  org.springframework.boot.tomcat.TomcatWebServer - Tomcat started on port 8080 (http) with context path '/'
2026-06-05 19:04:04.412 [restartedMain] INFO  com.company.demo.DemoApplication - Started DemoApplication in 0.56 seconds (process running for 3572.233)
2026-06-05 19:04:04.413 [restartedMain] INFO  o.s.b.d.a.ConditionEvaluationDeltaLoggingListener - Condition evaluation unchanged
2026-06-05 19:05:26.713 [File Watcher] INFO  o.s.b.d.a.LocalDevToolsAutoConfiguration$RestartingClassPathChangeChangedEventListener - Restarting due to 1 class path change (0 additions, 0 deletions, 1 modification)
2026-06-05 19:05:26.715 [Thread-14] INFO  org.springframework.boot.tomcat.GracefulShutdown - Commencing graceful shutdown. Waiting for active requests to complete
2026-06-05 19:05:26.744 [tomcat-shutdown] INFO  org.springframework.boot.tomcat.GracefulShutdown - Graceful shutdown complete
2026-06-05 19:05:26.796 [restartedMain] INFO  com.company.demo.DemoApplication - Starting DemoApplication using Java 17.0.19 with PID 25480 (D:\Work\Workspace\demo\target\classes started by jiaolei in D:\Work\Workspace\demo)
2026-06-05 19:05:26.796 [restartedMain] DEBUG com.company.demo.DemoApplication - Running with Spring Boot v4.0.6, Spring v7.0.7
2026-06-05 19:05:26.796 [restartedMain] INFO  com.company.demo.DemoApplication - No active profile set, falling back to 1 default profile: "default"
2026-06-05 19:05:26.888 [restartedMain] INFO  o.s.d.r.config.RepositoryConfigurationDelegate - Multiple Spring Data modules found, entering strict repository configuration mode
2026-06-05 19:05:26.889 [restartedMain] INFO  o.s.d.r.config.RepositoryConfigurationDelegate - Bootstrapping Spring Data Redis repositories in DEFAULT mode.
2026-06-05 19:05:26.894 [restartedMain] INFO  o.s.d.r.config.RepositoryConfigurationDelegate - Finished Spring Data repository scanning in 3 ms. Found 0 Redis repository interfaces.
2026-06-05 19:05:26.952 [restartedMain] INFO  org.springframework.boot.tomcat.TomcatWebServer - Tomcat initialized with port 8080 (http)
2026-06-05 19:05:26.953 [restartedMain] INFO  org.apache.catalina.core.StandardService - Starting service [Tomcat]
2026-06-05 19:05:26.953 [restartedMain] INFO  org.apache.catalina.core.StandardEngine - Starting Servlet engine: [Apache Tomcat/11.0.21]
2026-06-05 19:05:26.979 [restartedMain] INFO  o.s.b.w.c.servlet.WebApplicationContextInitializer - Root WebApplicationContext: initialization completed in 182 ms
2026-06-05 19:05:27.236 [restartedMain] INFO  c.b.m.e.spring.MybatisPlusApplicationContextAware - Register ApplicationContext instances org.springframework.boot.web.server.servlet.context.AnnotationConfigServletWebServerApplicationContext@1c5a293e
2026-06-05 19:05:27.292 [restartedMain] INFO  org.springframework.boot.tomcat.TomcatWebServer - Tomcat started on port 8080 (http) with context path '/'
2026-06-05 19:05:27.295 [restartedMain] INFO  com.company.demo.DemoApplication - Started DemoApplication in 0.513 seconds (process running for 3655.115)
2026-06-05 19:05:27.296 [restartedMain] INFO  o.s.b.d.a.ConditionEvaluationDeltaLoggingListener - Condition evaluation unchanged
2026-06-05 19:06:10.417 [File Watcher] INFO  o.s.b.d.a.LocalDevToolsAutoConfiguration$RestartingClassPathChangeChangedEventListener - Restarting due to 1 class path change (1 addition, 0 deletions, 0 modifications)
2026-06-05 19:06:10.419 [Thread-18] INFO  org.springframework.boot.tomcat.GracefulShutdown - Commencing graceful shutdown. Waiting for active requests to complete
2026-06-05 19:06:10.454 [tomcat-shutdown] INFO  org.springframework.boot.tomcat.GracefulShutdown - Graceful shutdown complete
2026-06-05 19:06:10.524 [restartedMain] INFO  com.company.demo.DemoApplication - Starting DemoApplication using Java 17.0.19 with PID 25480 (D:\Work\Workspace\demo\target\classes started by jiaolei in D:\Work\Workspace\demo)
2026-06-05 19:06:10.524 [restartedMain] DEBUG com.company.demo.DemoApplication - Running with Spring Boot v4.0.6, Spring v7.0.7
2026-06-05 19:06:10.524 [restartedMain] INFO  com.company.demo.DemoApplication - No active profile set, falling back to 1 default profile: "default"
2026-06-05 19:06:10.619 [restartedMain] INFO  o.s.d.r.config.RepositoryConfigurationDelegate - Multiple Spring Data modules found, entering strict repository configuration mode
2026-06-05 19:06:10.619 [restartedMain] INFO  o.s.d.r.config.RepositoryConfigurationDelegate - Bootstrapping Spring Data Redis repositories in DEFAULT mode.
2026-06-05 19:06:10.624 [restartedMain] INFO  o.s.d.r.config.RepositoryConfigurationDelegate - Finished Spring Data repository scanning in 3 ms. Found 0 Redis repository interfaces.
2026-06-05 19:06:10.683 [restartedMain] INFO  org.springframework.boot.tomcat.TomcatWebServer - Tomcat initialized with port 8080 (http)
2026-06-05 19:06:10.683 [restartedMain] INFO  org.apache.catalina.core.StandardService - Starting service [Tomcat]
2026-06-05 19:06:10.683 [restartedMain] INFO  org.apache.catalina.core.StandardEngine - Starting Servlet engine: [Apache Tomcat/11.0.21]
2026-06-05 19:06:10.719 [restartedMain] INFO  o.s.b.w.c.servlet.WebApplicationContextInitializer - Root WebApplicationContext: initialization completed in 193 ms
2026-06-05 19:06:10.965 [restartedMain] INFO  c.b.m.e.spring.MybatisPlusApplicationContextAware - Register ApplicationContext instances org.springframework.boot.web.server.servlet.context.AnnotationConfigServletWebServerApplicationContext@235acb5
2026-06-05 19:06:11.023 [restartedMain] INFO  org.springframework.boot.tomcat.TomcatWebServer - Tomcat started on port 8080 (http) with context path '/'
2026-06-05 19:06:11.025 [restartedMain] INFO  com.company.demo.DemoApplication - Started DemoApplication in 0.513 seconds (process running for 3698.844)
2026-06-05 19:06:11.026 [restartedMain] INFO  o.s.b.d.a.ConditionEvaluationDeltaLoggingListener - Condition evaluation unchanged
2026-06-05 19:10:54.589 [File Watcher] INFO  o.s.b.d.a.LocalDevToolsAutoConfiguration$RestartingClassPathChangeChangedEventListener - Restarting due to 3 class path changes (0 additions, 3 deletions, 0 modifications)
2026-06-05 19:10:54.590 [Thread-22] INFO  org.springframework.boot.tomcat.GracefulShutdown - Commencing graceful shutdown. Waiting for active requests to complete
2026-06-05 19:10:54.624 [tomcat-shutdown] INFO  org.springframework.boot.tomcat.GracefulShutdown - Graceful shutdown complete
2026-06-05 19:10:54.692 [restartedMain] INFO  com.company.demo.DemoApplication - Starting DemoApplication using Java 17.0.19 with PID 25480 (D:\Work\Workspace\demo\target\classes started by jiaolei in D:\Work\Workspace\demo)
2026-06-05 19:10:54.692 [restartedMain] DEBUG com.company.demo.DemoApplication - Running with Spring Boot v4.0.6, Spring v7.0.7
2026-06-05 19:10:54.692 [restartedMain] INFO  com.company.demo.DemoApplication - No active profile set, falling back to 1 default profile: "default"
2026-06-05 19:10:54.803 [restartedMain] INFO  o.s.d.r.config.RepositoryConfigurationDelegate - Multiple Spring Data modules found, entering strict repository configuration mode
2026-06-05 19:10:54.804 [restartedMain] INFO  o.s.d.r.config.RepositoryConfigurationDelegate - Bootstrapping Spring Data Redis repositories in DEFAULT mode.
2026-06-05 19:10:54.807 [restartedMain] INFO  o.s.d.r.config.RepositoryConfigurationDelegate - Finished Spring Data repository scanning in 2 ms. Found 0 Redis repository interfaces.
2026-06-05 19:10:54.836 [restartedMain] WARN  o.s.b.w.s.s.c.AnnotationConfigServletWebServerApplicationContext - Exception encountered during context initialization - cancelling refresh attempt: org.springframework.beans.factory.BeanCreationException: Error creating bean with name 'projectingArgumentResolverBeanPostProcessor' defined in class path resource [org/springframework/data/web/config/ProjectingArgumentResolverRegistrar.class]: BeanPostProcessor before instantiation of bean failed
2026-06-05 19:10:54.838 [restartedMain] INFO  o.s.b.a.logging.ConditionEvaluationReportLogger - 

Error starting ApplicationContext. To display the condition evaluation report re-run your application with 'debug' enabled.
2026-06-05 19:10:54.853 [restartedMain] ERROR org.springframework.boot.SpringApplication - Application run failed
org.springframework.beans.factory.BeanCreationException: Error creating bean with name 'projectingArgumentResolverBeanPostProcessor' defined in class path resource [org/springframework/data/web/config/ProjectingArgumentResolverRegistrar.class]: BeanPostProcessor before instantiation of bean failed
	at org.springframework.beans.factory.support.AbstractAutowireCapableBeanFactory.createBean(AbstractAutowireCapableBeanFactory.java:520) ~[spring-beans-7.0.7.jar:7.0.7]
	at org.springframework.beans.factory.support.AbstractBeanFactory.lambda$doGetBean$0(AbstractBeanFactory.java:333) ~[spring-beans-7.0.7.jar:7.0.7]
	at org.springframework.beans.factory.support.DefaultSingletonBeanRegistry.getSingleton(DefaultSingletonBeanRegistry.java:371) ~[spring-beans-7.0.7.jar:7.0.7]
	at org.springframework.beans.factory.support.AbstractBeanFactory.doGetBean(AbstractBeanFactory.java:331) ~[spring-beans-7.0.7.jar:7.0.7]
	at org.springframework.beans.factory.support.AbstractBeanFactory.getBean(AbstractBeanFactory.java:201) ~[spring-beans-7.0.7.jar:7.0.7]
	at org.springframework.context.support.PostProcessorRegistrationDelegate.registerBeanPostProcessors(PostProcessorRegistrationDelegate.java:277) ~[spring-context-7.0.7.jar:7.0.7]
	at org.springframework.context.support.AbstractApplicationContext.registerBeanPostProcessors(AbstractApplicationContext.java:812) ~[spring-context-7.0.7.jar:7.0.7]
	at org.springframework.context.support.AbstractApplicationContext.refresh(AbstractApplicationContext.java:605) ~[spring-context-7.0.7.jar:7.0.7]
	at org.springframework.boot.web.server.servlet.context.ServletWebServerApplicationContext.refresh(ServletWebServerApplicationContext.java:143) ~[spring-boot-web-server-4.0.6.jar:4.0.6]
	at org.springframework.boot.SpringApplication.refresh(SpringApplication.java:756) ~[spring-boot-4.0.6.jar:4.0.6]
	at org.springframework.boot.SpringApplication.refreshContext(SpringApplication.java:445) ~[spring-boot-4.0.6.jar:4.0.6]
	at org.springframework.boot.SpringApplication.run(SpringApplication.java:321) ~[spring-boot-4.0.6.jar:4.0.6]
	at org.springframework.boot.SpringApplication.run(SpringApplication.java:1365) ~[spring-boot-4.0.6.jar:4.0.6]
	at org.springframework.boot.SpringApplication.run(SpringApplication.java:1354) ~[spring-boot-4.0.6.jar:4.0.6]
	at com.company.demo.DemoApplication.main(DemoApplication.java:16) ~[classes/:na]
	at java.base/jdk.internal.reflect.NativeMethodAccessorImpl.invoke0(Native Method) ~[na:na]
	at java.base/jdk.internal.reflect.NativeMethodAccessorImpl.invoke(NativeMethodAccessorImpl.java:77) ~[na:na]
	at java.base/jdk.internal.reflect.DelegatingMethodAccessorImpl.invoke(DelegatingMethodAccessorImpl.java:43) ~[na:na]
	at java.base/java.lang.reflect.Method.invoke(Method.java:569) ~[na:na]
	at org.springframework.boot.devtools.restart.RestartLauncher.run(RestartLauncher.java:52) ~[spring-boot-devtools-4.0.6.jar:4.0.6]
Caused by: org.springframework.beans.factory.BeanCreationException: Error creating bean with name 'org.springframework.transaction.annotation.ProxyTransactionManagementConfiguration': BeanPostProcessor before instantiation of bean failed
	at org.springframework.beans.factory.support.AbstractAutowireCapableBeanFactory.createBean(AbstractAutowireCapableBeanFactory.java:520) ~[spring-beans-7.0.7.jar:7.0.7]
	at org.springframework.beans.factory.support.AbstractBeanFactory.lambda$doGetBean$0(AbstractBeanFactory.java:333) ~[spring-beans-7.0.7.jar:7.0.7]
	at org.springframework.beans.factory.support.DefaultSingletonBeanRegistry.getSingleton(DefaultSingletonBeanRegistry.java:371) ~[spring-beans-7.0.7.jar:7.0.7]
	at org.springframework.beans.factory.support.AbstractBeanFactory.doGetBean(AbstractBeanFactory.java:331) ~[spring-beans-7.0.7.jar:7.0.7]
	at org.springframework.beans.factory.support.AbstractBeanFactory.getBean(AbstractBeanFactory.java:196) ~[spring-beans-7.0.7.jar:7.0.7]
	at org.springframework.beans.factory.support.ConstructorResolver.instantiateUsingFactoryMethod(ConstructorResolver.java:413) ~[spring-beans-7.0.7.jar:7.0.7]
	at org.springframework.beans.factory.support.AbstractAutowireCapableBeanFactory.instantiateUsingFactoryMethod(AbstractAutowireCapableBeanFactory.java:1362) ~[spring-beans-7.0.7.jar:7.0.7]
	at org.springframework.beans.factory.support.AbstractAutowireCapableBeanFactory.createBeanInstance(AbstractAutowireCapableBeanFactory.java:1194) ~[spring-beans-7.0.7.jar:7.0.7]
	at org.springframework.beans.factory.support.AbstractAutowireCapableBeanFactory.doCreateBean(AbstractAutowireCapableBeanFactory.java:565) ~[spring-beans-7.0.7.jar:7.0.7]
	at org.springframework.beans.factory.support.AbstractAutowireCapableBeanFactory.createBean(AbstractAutowireCapableBeanFactory.java:525) ~[spring-beans-7.0.7.jar:7.0.7]
	at org.springframework.beans.factory.support.AbstractBeanFactory.lambda$doGetBean$0(AbstractBeanFactory.java:333) ~[spring-beans-7.0.7.jar:7.0.7]
	at org.springframework.beans.factory.support.DefaultSingletonBeanRegistry.getSingleton(DefaultSingletonBeanRegistry.java:371) ~[spring-beans-7.0.7.jar:7.0.7]
	at org.springframework.beans.factory.support.AbstractBeanFactory.doGetBean(AbstractBeanFactory.java:331) ~[spring-beans-7.0.7.jar:7.0.7]
	at org.springframework.beans.factory.support.AbstractBeanFactory.getBean(AbstractBeanFactory.java:201) ~[spring-beans-7.0.7.jar:7.0.7]
	at org.springframework.aop.framework.autoproxy.BeanFactoryAdvisorRetrievalHelper.findAdvisorBeans(BeanFactoryAdvisorRetrievalHelper.java:90) ~[spring-aop-7.0.7.jar:7.0.7]
	at org.springframework.aop.framework.autoproxy.AbstractAdvisorAutoProxyCreator.findCandidateAdvisors(AbstractAdvisorAutoProxyCreator.java:118) ~[spring-aop-7.0.7.jar:7.0.7]
	at org.springframework.aop.aspectj.annotation.AnnotationAwareAspectJAutoProxyCreator.findCandidateAdvisors(AnnotationAwareAspectJAutoProxyCreator.java:90) ~[spring-aop-7.0.7.jar:7.0.7]
	at org.springframework.aop.aspectj.autoproxy.AspectJAwareAdvisorAutoProxyCreator.shouldSkip(AspectJAwareAdvisorAutoProxyCreator.java:104) ~[spring-aop-7.0.7.jar:7.0.7]
	at org.springframework.aop.framework.autoproxy.AbstractAutoProxyCreator.postProcessBeforeInstantiation(AbstractAutoProxyCreator.java:251) ~[spring-aop-7.0.7.jar:7.0.7]
	at org.springframework.beans.factory.support.AbstractAutowireCapableBeanFactory.applyBeanPostProcessorsBeforeInstantiation(AbstractAutowireCapableBeanFactory.java:1157) ~[spring-beans-7.0.7.jar:7.0.7]
	at org.springframework.beans.factory.support.AbstractAutowireCapableBeanFactory.resolveBeforeInstantiation(AbstractAutowireCapableBeanFactory.java:1133) ~[spring-beans-7.0.7.jar:7.0.7]
	at org.springframework.beans.factory.support.AbstractAutowireCapableBeanFactory.createBean(AbstractAutowireCapableBeanFactory.java:514) ~[spring-beans-7.0.7.jar:7.0.7]
	... 19 common frames omitted
Caused by: java.lang.NoClassDefFoundError: com/google/common/util/concurrent/RateLimiter
	at java.base/java.lang.Class.getDeclaredMethods0(Native Method) ~[na:na]
	at java.base/java.lang.Class.privateGetDeclaredMethods(Class.java:3404) ~[na:na]
	at java.base/java.lang.Class.getDeclaredMethods(Class.java:2506) ~[na:na]
	at org.aspectj.internal.lang.reflect.AjTypeImpl.getDeclarePrecedence(AjTypeImpl.java:1005) ~[aspectjweaver-1.9.25.1.jar:na]
	at org.springframework.aop.aspectj.annotation.AspectMetadata.<init>(AspectMetadata.java:97) ~[spring-aop-7.0.7.jar:7.0.7]
	at org.springframework.aop.aspectj.annotation.BeanFactoryAspectJAdvisorsBuilder.buildAspectJAdvisors(BeanFactoryAspectJAdvisorsBuilder.java:110) ~[spring-aop-7.0.7.jar:7.0.7]
	at org.springframework.aop.aspectj.annotation.AnnotationAwareAspectJAutoProxyCreator.findCandidateAdvisors(AnnotationAwareAspectJAutoProxyCreator.java:93) ~[spring-aop-7.0.7.jar:7.0.7]
	at org.springframework.aop.aspectj.autoproxy.AspectJAwareAdvisorAutoProxyCreator.shouldSkip(AspectJAwareAdvisorAutoProxyCreator.java:104) ~[spring-aop-7.0.7.jar:7.0.7]
	at org.springframework.aop.framework.autoproxy.AbstractAutoProxyCreator.postProcessBeforeInstantiation(AbstractAutoProxyCreator.java:251) ~[spring-aop-7.0.7.jar:7.0.7]
	at org.springframework.beans.factory.support.AbstractAutowireCapableBeanFactory.applyBeanPostProcessorsBeforeInstantiation(AbstractAutowireCapableBeanFactory.java:1157) ~[spring-beans-7.0.7.jar:7.0.7]
	at org.springframework.beans.factory.support.AbstractAutowireCapableBeanFactory.resolveBeforeInstantiation(AbstractAutowireCapableBeanFactory.java:1133) ~[spring-beans-7.0.7.jar:7.0.7]
	at org.springframework.beans.factory.support.AbstractAutowireCapableBeanFactory.createBean(AbstractAutowireCapableBeanFactory.java:514) ~[spring-beans-7.0.7.jar:7.0.7]
	... 40 common frames omitted
Caused by: java.lang.ClassNotFoundException: com.google.common.util.concurrent.RateLimiter
	at java.base/jdk.internal.loader.BuiltinClassLoader.loadClass(BuiltinClassLoader.java:641) ~[na:na]
	at java.base/jdk.internal.loader.ClassLoaders$AppClassLoader.loadClass(ClassLoaders.java:188) ~[na:na]
	at java.base/java.lang.ClassLoader.loadClass(ClassLoader.java:525) ~[na:na]
	at java.base/java.lang.Class.forName0(Native Method) ~[na:na]
	at java.base/java.lang.Class.forName(Class.java:469) ~[na:na]
	at org.springframework.boot.devtools.restart.classloader.RestartClassLoader.loadClass(RestartClassLoader.java:123) ~[spring-boot-devtools-4.0.6.jar:4.0.6]
	at java.base/java.lang.ClassLoader.loadClass(ClassLoader.java:525) ~[na:na]
	... 52 common frames omitted
2026-06-05 19:10:56.313 [restartedMain] INFO  com.company.demo.DemoApplication - Starting DemoApplication using Java 17.0.19 with PID 25480 (D:\Work\Workspace\demo\target\classes started by jiaolei in D:\Work\Workspace\demo)
2026-06-05 19:10:56.313 [restartedMain] DEBUG com.company.demo.DemoApplication - Running with Spring Boot v4.0.6, Spring v7.0.7
2026-06-05 19:10:56.313 [restartedMain] INFO  com.company.demo.DemoApplication - No active profile set, falling back to 1 default profile: "default"
2026-06-05 19:10:56.406 [restartedMain] INFO  o.s.d.r.config.RepositoryConfigurationDelegate - Multiple Spring Data modules found, entering strict repository configuration mode
2026-06-05 19:10:56.406 [restartedMain] INFO  o.s.d.r.config.RepositoryConfigurationDelegate - Bootstrapping Spring Data Redis repositories in DEFAULT mode.
2026-06-05 19:10:56.412 [restartedMain] INFO  o.s.d.r.config.RepositoryConfigurationDelegate - Finished Spring Data repository scanning in 4 ms. Found 0 Redis repository interfaces.
2026-06-05 19:10:56.437 [restartedMain] WARN  o.s.b.w.s.s.c.AnnotationConfigServletWebServerApplicationContext - Exception encountered during context initialization - cancelling refresh attempt: org.springframework.beans.factory.BeanCreationException: Error creating bean with name 'projectingArgumentResolverBeanPostProcessor' defined in class path resource [org/springframework/data/web/config/ProjectingArgumentResolverRegistrar.class]: BeanPostProcessor before instantiation of bean failed
2026-06-05 19:10:56.439 [restartedMain] INFO  o.s.b.a.logging.ConditionEvaluationReportLogger - 

Error starting ApplicationContext. To display the condition evaluation report re-run your application with 'debug' enabled.
2026-06-05 19:10:56.441 [restartedMain] ERROR org.springframework.boot.SpringApplication - Application run failed
org.springframework.beans.factory.BeanCreationException: Error creating bean with name 'projectingArgumentResolverBeanPostProcessor' defined in class path resource [org/springframework/data/web/config/ProjectingArgumentResolverRegistrar.class]: BeanPostProcessor before instantiation of bean failed
	at org.springframework.beans.factory.support.AbstractAutowireCapableBeanFactory.createBean(AbstractAutowireCapableBeanFactory.java:520) ~[spring-beans-7.0.7.jar:7.0.7]
	at org.springframework.beans.factory.support.AbstractBeanFactory.lambda$doGetBean$0(AbstractBeanFactory.java:333) ~[spring-beans-7.0.7.jar:7.0.7]
	at org.springframework.beans.factory.support.DefaultSingletonBeanRegistry.getSingleton(DefaultSingletonBeanRegistry.java:371) ~[spring-beans-7.0.7.jar:7.0.7]
	at org.springframework.beans.factory.support.AbstractBeanFactory.doGetBean(AbstractBeanFactory.java:331) ~[spring-beans-7.0.7.jar:7.0.7]
	at org.springframework.beans.factory.support.AbstractBeanFactory.getBean(AbstractBeanFactory.java:201) ~[spring-beans-7.0.7.jar:7.0.7]
	at org.springframework.context.support.PostProcessorRegistrationDelegate.registerBeanPostProcessors(PostProcessorRegistrationDelegate.java:277) ~[spring-context-7.0.7.jar:7.0.7]
	at org.springframework.context.support.AbstractApplicationContext.registerBeanPostProcessors(AbstractApplicationContext.java:812) ~[spring-context-7.0.7.jar:7.0.7]
	at org.springframework.context.support.AbstractApplicationContext.refresh(AbstractApplicationContext.java:605) ~[spring-context-7.0.7.jar:7.0.7]
	at org.springframework.boot.web.server.servlet.context.ServletWebServerApplicationContext.refresh(ServletWebServerApplicationContext.java:143) ~[spring-boot-web-server-4.0.6.jar:4.0.6]
	at org.springframework.boot.SpringApplication.refresh(SpringApplication.java:756) ~[spring-boot-4.0.6.jar:4.0.6]
	at org.springframework.boot.SpringApplication.refreshContext(SpringApplication.java:445) ~[spring-boot-4.0.6.jar:4.0.6]
	at org.springframework.boot.SpringApplication.run(SpringApplication.java:321) ~[spring-boot-4.0.6.jar:4.0.6]
	at org.springframework.boot.SpringApplication.run(SpringApplication.java:1365) ~[spring-boot-4.0.6.jar:4.0.6]
	at org.springframework.boot.SpringApplication.run(SpringApplication.java:1354) ~[spring-boot-4.0.6.jar:4.0.6]
	at com.company.demo.DemoApplication.main(DemoApplication.java:16) ~[classes/:na]
	at java.base/jdk.internal.reflect.NativeMethodAccessorImpl.invoke0(Native Method) ~[na:na]
	at java.base/jdk.internal.reflect.NativeMethodAccessorImpl.invoke(NativeMethodAccessorImpl.java:77) ~[na:na]
	at java.base/jdk.internal.reflect.DelegatingMethodAccessorImpl.invoke(DelegatingMethodAccessorImpl.java:43) ~[na:na]
	at java.base/java.lang.reflect.Method.invoke(Method.java:569) ~[na:na]
	at org.springframework.boot.devtools.restart.RestartLauncher.run(RestartLauncher.java:52) ~[spring-boot-devtools-4.0.6.jar:4.0.6]
Caused by: org.springframework.beans.factory.BeanCreationException: Error creating bean with name 'org.springframework.transaction.annotation.ProxyTransactionManagementConfiguration': BeanPostProcessor before instantiation of bean failed
	at org.springframework.beans.factory.support.AbstractAutowireCapableBeanFactory.createBean(AbstractAutowireCapableBeanFactory.java:520) ~[spring-beans-7.0.7.jar:7.0.7]
	at org.springframework.beans.factory.support.AbstractBeanFactory.lambda$doGetBean$0(AbstractBeanFactory.java:333) ~[spring-beans-7.0.7.jar:7.0.7]
	at org.springframework.beans.factory.support.DefaultSingletonBeanRegistry.getSingleton(DefaultSingletonBeanRegistry.java:371) ~[spring-beans-7.0.7.jar:7.0.7]
	at org.springframework.beans.factory.support.AbstractBeanFactory.doGetBean(AbstractBeanFactory.java:331) ~[spring-beans-7.0.7.jar:7.0.7]
	at org.springframework.beans.factory.support.AbstractBeanFactory.getBean(AbstractBeanFactory.java:196) ~[spring-beans-7.0.7.jar:7.0.7]
	at org.springframework.beans.factory.support.ConstructorResolver.instantiateUsingFactoryMethod(ConstructorResolver.java:413) ~[spring-beans-7.0.7.jar:7.0.7]
	at org.springframework.beans.factory.support.AbstractAutowireCapableBeanFactory.instantiateUsingFactoryMethod(AbstractAutowireCapableBeanFactory.java:1362) ~[spring-beans-7.0.7.jar:7.0.7]
	at org.springframework.beans.factory.support.AbstractAutowireCapableBeanFactory.createBeanInstance(AbstractAutowireCapableBeanFactory.java:1194) ~[spring-beans-7.0.7.jar:7.0.7]
	at org.springframework.beans.factory.support.AbstractAutowireCapableBeanFactory.doCreateBean(AbstractAutowireCapableBeanFactory.java:565) ~[spring-beans-7.0.7.jar:7.0.7]
	at org.springframework.beans.factory.support.AbstractAutowireCapableBeanFactory.createBean(AbstractAutowireCapableBeanFactory.java:525) ~[spring-beans-7.0.7.jar:7.0.7]
	at org.springframework.beans.factory.support.AbstractBeanFactory.lambda$doGetBean$0(AbstractBeanFactory.java:333) ~[spring-beans-7.0.7.jar:7.0.7]
	at org.springframework.beans.factory.support.DefaultSingletonBeanRegistry.getSingleton(DefaultSingletonBeanRegistry.java:371) ~[spring-beans-7.0.7.jar:7.0.7]
	at org.springframework.beans.factory.support.AbstractBeanFactory.doGetBean(AbstractBeanFactory.java:331) ~[spring-beans-7.0.7.jar:7.0.7]
	at org.springframework.beans.factory.support.AbstractBeanFactory.getBean(AbstractBeanFactory.java:201) ~[spring-beans-7.0.7.jar:7.0.7]
	at org.springframework.aop.framework.autoproxy.BeanFactoryAdvisorRetrievalHelper.findAdvisorBeans(BeanFactoryAdvisorRetrievalHelper.java:90) ~[spring-aop-7.0.7.jar:7.0.7]
	at org.springframework.aop.framework.autoproxy.AbstractAdvisorAutoProxyCreator.findCandidateAdvisors(AbstractAdvisorAutoProxyCreator.java:118) ~[spring-aop-7.0.7.jar:7.0.7]
	at org.springframework.aop.aspectj.annotation.AnnotationAwareAspectJAutoProxyCreator.findCandidateAdvisors(AnnotationAwareAspectJAutoProxyCreator.java:90) ~[spring-aop-7.0.7.jar:7.0.7]
	at org.springframework.aop.aspectj.autoproxy.AspectJAwareAdvisorAutoProxyCreator.shouldSkip(AspectJAwareAdvisorAutoProxyCreator.java:104) ~[spring-aop-7.0.7.jar:7.0.7]
	at org.springframework.aop.framework.autoproxy.AbstractAutoProxyCreator.postProcessBeforeInstantiation(AbstractAutoProxyCreator.java:251) ~[spring-aop-7.0.7.jar:7.0.7]
	at org.springframework.beans.factory.support.AbstractAutowireCapableBeanFactory.applyBeanPostProcessorsBeforeInstantiation(AbstractAutowireCapableBeanFactory.java:1157) ~[spring-beans-7.0.7.jar:7.0.7]
	at org.springframework.beans.factory.support.AbstractAutowireCapableBeanFactory.resolveBeforeInstantiation(AbstractAutowireCapableBeanFactory.java:1133) ~[spring-beans-7.0.7.jar:7.0.7]
	at org.springframework.beans.factory.support.AbstractAutowireCapableBeanFactory.createBean(AbstractAutowireCapableBeanFactory.java:514) ~[spring-beans-7.0.7.jar:7.0.7]
	... 19 common frames omitted
Caused by: java.lang.NoClassDefFoundError: com/google/common/util/concurrent/RateLimiter
	at java.base/java.lang.Class.getDeclaredMethods0(Native Method) ~[na:na]
	at java.base/java.lang.Class.privateGetDeclaredMethods(Class.java:3404) ~[na:na]
	at java.base/java.lang.Class.getDeclaredMethods(Class.java:2506) ~[na:na]
	at org.aspectj.internal.lang.reflect.AjTypeImpl.getDeclarePrecedence(AjTypeImpl.java:1005) ~[aspectjweaver-1.9.25.1.jar:na]
	at org.springframework.aop.aspectj.annotation.AspectMetadata.<init>(AspectMetadata.java:97) ~[spring-aop-7.0.7.jar:7.0.7]
	at org.springframework.aop.aspectj.annotation.BeanFactoryAspectJAdvisorsBuilder.buildAspectJAdvisors(BeanFactoryAspectJAdvisorsBuilder.java:110) ~[spring-aop-7.0.7.jar:7.0.7]
	at org.springframework.aop.aspectj.annotation.AnnotationAwareAspectJAutoProxyCreator.findCandidateAdvisors(AnnotationAwareAspectJAutoProxyCreator.java:93) ~[spring-aop-7.0.7.jar:7.0.7]
	at org.springframework.aop.aspectj.autoproxy.AspectJAwareAdvisorAutoProxyCreator.shouldSkip(AspectJAwareAdvisorAutoProxyCreator.java:104) ~[spring-aop-7.0.7.jar:7.0.7]
	at org.springframework.aop.framework.autoproxy.AbstractAutoProxyCreator.postProcessBeforeInstantiation(AbstractAutoProxyCreator.java:251) ~[spring-aop-7.0.7.jar:7.0.7]
	at org.springframework.beans.factory.support.AbstractAutowireCapableBeanFactory.applyBeanPostProcessorsBeforeInstantiation(AbstractAutowireCapableBeanFactory.java:1157) ~[spring-beans-7.0.7.jar:7.0.7]
	at org.springframework.beans.factory.support.AbstractAutowireCapableBeanFactory.resolveBeforeInstantiation(AbstractAutowireCapableBeanFactory.java:1133) ~[spring-beans-7.0.7.jar:7.0.7]
	at org.springframework.beans.factory.support.AbstractAutowireCapableBeanFactory.createBean(AbstractAutowireCapableBeanFactory.java:514) ~[spring-beans-7.0.7.jar:7.0.7]
	... 40 common frames omitted
Caused by: java.lang.ClassNotFoundException: com.google.common.util.concurrent.RateLimiter
	at java.base/jdk.internal.loader.BuiltinClassLoader.loadClass(BuiltinClassLoader.java:641) ~[na:na]
	at java.base/jdk.internal.loader.ClassLoaders$AppClassLoader.loadClass(ClassLoaders.java:188) ~[na:na]
	at java.base/java.lang.ClassLoader.loadClass(ClassLoader.java:525) ~[na:na]
	at java.base/java.lang.Class.forName0(Native Method) ~[na:na]
	at java.base/java.lang.Class.forName(Class.java:469) ~[na:na]
	at org.springframework.boot.devtools.restart.classloader.RestartClassLoader.loadClass(RestartClassLoader.java:123) ~[spring-boot-devtools-4.0.6.jar:4.0.6]
	at java.base/java.lang.ClassLoader.loadClass(ClassLoader.java:525) ~[na:na]
	... 52 common frames omitted
2026-06-05 20:44:29.412 [restartedMain] INFO  com.company.demo.DemoApplication - Starting DemoApplication using Java 17.0.19 with PID 16000 (D:\Work\Workspace\demo\target\classes started by jiaolei in D:\Work\Workspace\demo)
2026-06-05 20:44:29.414 [restartedMain] DEBUG com.company.demo.DemoApplication - Running with Spring Boot v4.0.6, Spring v7.0.7
2026-06-05 20:44:29.414 [restartedMain] INFO  com.company.demo.DemoApplication - No active profile set, falling back to 1 default profile: "default"
2026-06-05 20:44:29.449 [restartedMain] INFO  o.s.b.d.env.DevToolsPropertyDefaultsPostProcessor - Devtools property defaults active! Set 'spring.devtools.add-properties' to 'false' to disable
2026-06-05 20:44:29.449 [restartedMain] INFO  o.s.b.d.env.DevToolsPropertyDefaultsPostProcessor - For additional web related logging consider setting the 'logging.level.web' property to 'DEBUG'
2026-06-05 20:44:29.981 [restartedMain] INFO  o.s.d.r.config.RepositoryConfigurationDelegate - Multiple Spring Data modules found, entering strict repository configuration mode
2026-06-05 20:44:29.984 [restartedMain] INFO  o.s.d.r.config.RepositoryConfigurationDelegate - Bootstrapping Spring Data Redis repositories in DEFAULT mode.
2026-06-05 20:44:30.008 [restartedMain] INFO  o.s.d.r.config.RepositoryConfigurationDelegate - Finished Spring Data repository scanning in 12 ms. Found 0 Redis repository interfaces.
2026-06-05 20:44:30.572 [restartedMain] INFO  org.springframework.boot.tomcat.TomcatWebServer - Tomcat initialized with port 8080 (http)
2026-06-05 20:44:30.582 [restartedMain] INFO  org.apache.catalina.core.StandardService - Starting service [Tomcat]
2026-06-05 20:44:30.582 [restartedMain] INFO  org.apache.catalina.core.StandardEngine - Starting Servlet engine: [Apache Tomcat/11.0.21]
2026-06-05 20:44:30.634 [restartedMain] INFO  o.s.b.w.c.servlet.WebApplicationContextInitializer - Root WebApplicationContext: initialization completed in 1185 ms
2026-06-05 20:44:31.619 [restartedMain] INFO  c.b.m.e.spring.MybatisPlusApplicationContextAware - Register ApplicationContext instances org.springframework.boot.web.server.servlet.context.AnnotationConfigServletWebServerApplicationContext@36e36b9b
2026-06-05 20:44:31.830 [restartedMain] INFO  org.springframework.boot.tomcat.TomcatWebServer - Tomcat started on port 8080 (http) with context path '/'
2026-06-05 20:44:31.837 [restartedMain] INFO  com.company.demo.DemoApplication - Started DemoApplication in 2.716 seconds (process running for 3.243)
2026-06-05 20:51:01.958 [File Watcher] INFO  o.s.b.d.a.LocalDevToolsAutoConfiguration$RestartingClassPathChangeChangedEventListener - Restarting due to 1 class path change (0 additions, 1 deletion, 0 modifications)
2026-06-05 20:51:01.963 [Thread-1] INFO  org.springframework.boot.tomcat.GracefulShutdown - Commencing graceful shutdown. Waiting for active requests to complete
2026-06-05 20:51:01.991 [tomcat-shutdown] INFO  org.springframework.boot.tomcat.GracefulShutdown - Graceful shutdown complete
2026-06-05 20:51:02.053 [restartedMain] INFO  com.company.demo.DemoApplication - Starting DemoApplication using Java 17.0.19 with PID 16000 (D:\Work\Workspace\demo\target\classes started by jiaolei in D:\Work\Workspace\demo)
2026-06-05 20:51:02.053 [restartedMain] DEBUG com.company.demo.DemoApplication - Running with Spring Boot v4.0.6, Spring v7.0.7
2026-06-05 20:51:02.053 [restartedMain] INFO  com.company.demo.DemoApplication - No active profile set, falling back to 1 default profile: "default"
2026-06-05 20:51:02.192 [restartedMain] INFO  o.s.d.r.config.RepositoryConfigurationDelegate - Multiple Spring Data modules found, entering strict repository configuration mode
2026-06-05 20:51:02.193 [restartedMain] INFO  o.s.d.r.config.RepositoryConfigurationDelegate - Bootstrapping Spring Data Redis repositories in DEFAULT mode.
2026-06-05 20:51:02.197 [restartedMain] INFO  o.s.d.r.config.RepositoryConfigurationDelegate - Finished Spring Data repository scanning in 2 ms. Found 0 Redis repository interfaces.
2026-06-05 20:51:02.275 [restartedMain] INFO  org.springframework.boot.tomcat.TomcatWebServer - Tomcat initialized with port 8080 (http)
2026-06-05 20:51:02.276 [restartedMain] INFO  org.apache.catalina.core.StandardService - Starting service [Tomcat]
2026-06-05 20:51:02.276 [restartedMain] INFO  org.apache.catalina.core.StandardEngine - Starting Servlet engine: [Apache Tomcat/11.0.21]
2026-06-05 20:51:02.307 [restartedMain] INFO  o.s.b.w.c.servlet.WebApplicationContextInitializer - Root WebApplicationContext: initialization completed in 252 ms
2026-06-05 20:51:02.590 [restartedMain] INFO  c.b.m.e.spring.MybatisPlusApplicationContextAware - Register ApplicationContext instances org.springframework.boot.web.server.servlet.context.AnnotationConfigServletWebServerApplicationContext@79fe454a
2026-06-05 20:51:02.664 [restartedMain] INFO  org.springframework.boot.tomcat.TomcatWebServer - Tomcat started on port 8080 (http) with context path '/'
2026-06-05 20:51:02.668 [restartedMain] INFO  com.company.demo.DemoApplication - Started DemoApplication in 0.631 seconds (process running for 394.074)
2026-06-05 20:51:02.670 [restartedMain] INFO  o.s.b.d.a.ConditionEvaluationDeltaLoggingListener - Condition evaluation unchanged
2026-06-05 20:51:04.063 [File Watcher] INFO  o.s.b.d.a.LocalDevToolsAutoConfiguration$RestartingClassPathChangeChangedEventListener - Restarting due to 1 class path change (1 addition, 0 deletions, 0 modifications)
2026-06-05 20:51:04.066 [Thread-6] INFO  org.springframework.boot.tomcat.GracefulShutdown - Commencing graceful shutdown. Waiting for active requests to complete
2026-06-05 20:51:04.101 [tomcat-shutdown] INFO  org.springframework.boot.tomcat.GracefulShutdown - Graceful shutdown complete
2026-06-05 20:51:04.158 [restartedMain] INFO  com.company.demo.DemoApplication - Starting DemoApplication using Java 17.0.19 with PID 16000 (D:\Work\Workspace\demo\target\classes started by jiaolei in D:\Work\Workspace\demo)
2026-06-05 20:51:04.158 [restartedMain] DEBUG com.company.demo.DemoApplication - Running with Spring Boot v4.0.6, Spring v7.0.7
2026-06-05 20:51:04.158 [restartedMain] INFO  com.company.demo.DemoApplication - No active profile set, falling back to 1 default profile: "default"
2026-06-05 20:51:04.255 [restartedMain] INFO  o.s.d.r.config.RepositoryConfigurationDelegate - Multiple Spring Data modules found, entering strict repository configuration mode
2026-06-05 20:51:04.255 [restartedMain] INFO  o.s.d.r.config.RepositoryConfigurationDelegate - Bootstrapping Spring Data Redis repositories in DEFAULT mode.
2026-06-05 20:51:04.259 [restartedMain] INFO  o.s.d.r.config.RepositoryConfigurationDelegate - Finished Spring Data repository scanning in 2 ms. Found 0 Redis repository interfaces.
2026-06-05 20:51:04.328 [restartedMain] INFO  org.springframework.boot.tomcat.TomcatWebServer - Tomcat initialized with port 8080 (http)
2026-06-05 20:51:04.329 [restartedMain] INFO  org.apache.catalina.core.StandardService - Starting service [Tomcat]
2026-06-05 20:51:04.329 [restartedMain] INFO  org.apache.catalina.core.StandardEngine - Starting Servlet engine: [Apache Tomcat/11.0.21]
2026-06-05 20:51:04.360 [restartedMain] INFO  o.s.b.w.c.servlet.WebApplicationContextInitializer - Root WebApplicationContext: initialization completed in 200 ms
2026-06-05 20:51:04.639 [restartedMain] INFO  c.b.m.e.spring.MybatisPlusApplicationContextAware - Register ApplicationContext instances org.springframework.boot.web.server.servlet.context.AnnotationConfigServletWebServerApplicationContext@5e249402
2026-06-05 20:51:04.703 [restartedMain] INFO  org.springframework.boot.tomcat.TomcatWebServer - Tomcat started on port 8080 (http) with context path '/'
2026-06-05 20:51:04.705 [restartedMain] INFO  com.company.demo.DemoApplication - Started DemoApplication in 0.56 seconds (process running for 396.111)
2026-06-05 20:51:04.705 [restartedMain] INFO  o.s.b.d.a.ConditionEvaluationDeltaLoggingListener - Condition evaluation unchanged
2026-06-05 20:54:00.408 [File Watcher] INFO  o.s.b.d.a.LocalDevToolsAutoConfiguration$RestartingClassPathChangeChangedEventListener - Restarting due to 1 class path change (0 additions, 0 deletions, 1 modification)
2026-06-05 20:54:00.410 [Thread-10] INFO  org.springframework.boot.tomcat.GracefulShutdown - Commencing graceful shutdown. Waiting for active requests to complete
2026-06-05 20:54:00.444 [tomcat-shutdown] INFO  org.springframework.boot.tomcat.GracefulShutdown - Graceful shutdown complete
2026-06-05 20:54:00.510 [restartedMain] INFO  com.company.demo.DemoApplication - Starting DemoApplication using Java 17.0.19 with PID 16000 (D:\Work\Workspace\demo\target\classes started by jiaolei in D:\Work\Workspace\demo)
2026-06-05 20:54:00.510 [restartedMain] DEBUG com.company.demo.DemoApplication - Running with Spring Boot v4.0.6, Spring v7.0.7
2026-06-05 20:54:00.510 [restartedMain] INFO  com.company.demo.DemoApplication - No active profile set, falling back to 1 default profile: "default"
2026-06-05 20:54:00.611 [restartedMain] INFO  o.s.d.r.config.RepositoryConfigurationDelegate - Multiple Spring Data modules found, entering strict repository configuration mode
2026-06-05 20:54:00.611 [restartedMain] INFO  o.s.d.r.config.RepositoryConfigurationDelegate - Bootstrapping Spring Data Redis repositories in DEFAULT mode.
2026-06-05 20:54:00.618 [restartedMain] INFO  o.s.d.r.config.RepositoryConfigurationDelegate - Finished Spring Data repository scanning in 5 ms. Found 0 Redis repository interfaces.
2026-06-05 20:54:00.682 [restartedMain] INFO  org.springframework.boot.tomcat.TomcatWebServer - Tomcat initialized with port 8080 (http)
2026-06-05 20:54:00.683 [restartedMain] INFO  org.apache.catalina.core.StandardService - Starting service [Tomcat]
2026-06-05 20:54:00.683 [restartedMain] INFO  org.apache.catalina.core.StandardEngine - Starting Servlet engine: [Apache Tomcat/11.0.21]
2026-06-05 20:54:00.721 [restartedMain] INFO  o.s.b.w.c.servlet.WebApplicationContextInitializer - Root WebApplicationContext: initialization completed in 209 ms
2026-06-05 20:54:00.977 [restartedMain] INFO  c.b.m.e.spring.MybatisPlusApplicationContextAware - Register ApplicationContext instances org.springframework.boot.web.server.servlet.context.AnnotationConfigServletWebServerApplicationContext@783cb81b
2026-06-05 20:54:01.043 [restartedMain] INFO  org.springframework.boot.tomcat.TomcatWebServer - Tomcat started on port 8080 (http) with context path '/'
2026-06-05 20:54:01.045 [restartedMain] INFO  com.company.demo.DemoApplication - Started DemoApplication in 0.551 seconds (process running for 572.451)
2026-06-05 20:54:01.046 [restartedMain] INFO  o.s.b.d.a.ConditionEvaluationDeltaLoggingListener - Condition evaluation unchanged
2026-06-05 20:59:52.552 [SpringApplicationShutdownHook] INFO  org.springframework.boot.tomcat.GracefulShutdown - Commencing graceful shutdown. Waiting for active requests to complete
2026-06-05 20:59:52.583 [tomcat-shutdown] INFO  org.springframework.boot.tomcat.GracefulShutdown - Graceful shutdown complete
2026-06-05 20:59:54.291 [restartedMain] INFO  com.company.demo.DemoApplication - Starting DemoApplication using Java 17.0.19 with PID 12580 (D:\Work\Workspace\demo\target\classes started by jiaolei in D:\Work\Workspace\demo)
2026-06-05 20:59:54.293 [restartedMain] DEBUG com.company.demo.DemoApplication - Running with Spring Boot v4.0.6, Spring v7.0.7
2026-06-05 20:59:54.294 [restartedMain] INFO  com.company.demo.DemoApplication - No active profile set, falling back to 1 default profile: "default"
2026-06-05 20:59:54.333 [restartedMain] INFO  o.s.b.d.env.DevToolsPropertyDefaultsPostProcessor - Devtools property defaults active! Set 'spring.devtools.add-properties' to 'false' to disable
2026-06-05 20:59:54.333 [restartedMain] INFO  o.s.b.d.env.DevToolsPropertyDefaultsPostProcessor - For additional web related logging consider setting the 'logging.level.web' property to 'DEBUG'
2026-06-05 20:59:54.884 [restartedMain] INFO  o.s.d.r.config.RepositoryConfigurationDelegate - Multiple Spring Data modules found, entering strict repository configuration mode
2026-06-05 20:59:54.886 [restartedMain] INFO  o.s.d.r.config.RepositoryConfigurationDelegate - Bootstrapping Spring Data Redis repositories in DEFAULT mode.
2026-06-05 20:59:54.912 [restartedMain] INFO  o.s.d.r.config.RepositoryConfigurationDelegate - Finished Spring Data repository scanning in 12 ms. Found 0 Redis repository interfaces.
2026-06-05 20:59:55.471 [restartedMain] INFO  org.springframework.boot.tomcat.TomcatWebServer - Tomcat initialized with port 8080 (http)
2026-06-05 20:59:55.483 [restartedMain] INFO  org.apache.catalina.core.StandardService - Starting service [Tomcat]
2026-06-05 20:59:55.484 [restartedMain] INFO  org.apache.catalina.core.StandardEngine - Starting Servlet engine: [Apache Tomcat/11.0.21]
2026-06-05 20:59:55.538 [restartedMain] INFO  o.s.b.w.c.servlet.WebApplicationContextInitializer - Root WebApplicationContext: initialization completed in 1205 ms
2026-06-05 20:59:56.542 [restartedMain] INFO  c.b.m.e.spring.MybatisPlusApplicationContextAware - Register ApplicationContext instances org.springframework.boot.web.server.servlet.context.AnnotationConfigServletWebServerApplicationContext@36e36b9b
2026-06-05 20:59:56.769 [restartedMain] INFO  org.springframework.boot.tomcat.TomcatWebServer - Tomcat started on port 8080 (http) with context path '/'
2026-06-05 20:59:56.776 [restartedMain] INFO  com.company.demo.DemoApplication - Started DemoApplication in 2.822 seconds (process running for 3.348)
2026-06-05 21:00:02.491 [http-nio-8080-exec-1] INFO  o.a.c.core.ContainerBase.[Tomcat].[localhost].[/] - Initializing Spring DispatcherServlet 'dispatcherServlet'
2026-06-05 21:00:02.491 [http-nio-8080-exec-1] INFO  org.springframework.web.servlet.DispatcherServlet - Initializing Servlet 'dispatcherServlet'
2026-06-05 21:00:02.492 [http-nio-8080-exec-1] INFO  org.springframework.web.servlet.DispatcherServlet - Completed initialization in 1 ms
2026-06-05 21:00:02.554 [http-nio-8080-exec-1] INFO  com.company.demo.aspect.LogAspect - 【请求开始】 {"方法":"UserController.listUserByPage","时间":"2026-06-05 21:00:02","操作":"分页查询用户","IP":"0:0:0:0:0:0:0:1","请求参数":"[1,10,null]","URL":"http://localhost:8080/api/user/page"}
2026-06-05 21:00:02.705 [http-nio-8080-exec-1] INFO  com.zaxxer.hikari.HikariDataSource - HikariPool-1 - Starting...
2026-06-05 21:00:02.840 [http-nio-8080-exec-1] INFO  com.zaxxer.hikari.pool.HikariPool - HikariPool-1 - Added connection com.mysql.cj.jdbc.ConnectionImpl@64fd7582
2026-06-05 21:00:02.842 [http-nio-8080-exec-1] INFO  com.zaxxer.hikari.HikariDataSource - HikariPool-1 - Start completed.
2026-06-05 21:00:02.849 [http-nio-8080-exec-1] DEBUG c.c.demo.mapper.UserMapper.selectList_mpCount - ==>  Preparing: SELECT COUNT(*) AS total FROM user
2026-06-05 21:00:02.864 [http-nio-8080-exec-1] DEBUG c.c.demo.mapper.UserMapper.selectList_mpCount - ==> Parameters: 
2026-06-05 21:00:02.882 [http-nio-8080-exec-1] DEBUG c.c.demo.mapper.UserMapper.selectList_mpCount - <==      Total: 1
2026-06-05 21:00:02.888 [http-nio-8080-exec-1] DEBUG com.company.demo.mapper.UserMapper.selectList - ==>  Preparing: SELECT id,name,age FROM user ORDER BY id DESC LIMIT ?
2026-06-05 21:00:02.889 [http-nio-8080-exec-1] DEBUG com.company.demo.mapper.UserMapper.selectList - ==> Parameters: 10(Long)
2026-06-05 21:00:02.891 [http-nio-8080-exec-1] DEBUG com.company.demo.mapper.UserMapper.selectList - <==      Total: 10
2026-06-05 21:00:02.917 [http-nio-8080-exec-1] INFO  com.company.demo.aspect.LogAspect - 【请求结束】 {"耗时":"343ms","操作":"分页查询用户","返回结果":"{\"code\":200,\"message\":\"成功\",\"data\":{\"records\":[{\"id\":36,\"name\":\"赵鹏\",\"age\":38},{\"id\":35,\"name\":\"张丽\",\"age\":36},{\"id\":34,\"name\":\"李强\",\"age\":34},{\"id\":33,\"name\":\"王磊\",\"age\":32},{\"id\":32,\"name\":\"陈飞\",\"age\":30},{\"id\":31,\"name\":\"刘娜\",\"age\":28},{\"id\":30,\"name\":\"黄娟\",\"age\":26},{\"id\":29,\"name\":\"徐静\",\"age\":24},{\"id\":28,\"name\":\"宋雪\",\"age\":22},{\"id\":27,\"name\":\"孙阳\",\"age\":20}],\"total\":31,\"size\":10,\"current\":1,\"pages\":4}}"}
2026-06-05 21:00:07.725 [http-nio-8080-exec-6] INFO  com.company.demo.aspect.LogAspect - 【请求开始】 {"方法":"UserController.listUserByPage","时间":"2026-06-05 21:00:07","操作":"分页查询用户","IP":"0:0:0:0:0:0:0:1","请求参数":"[1,10,null]","URL":"http://localhost:8080/api/user/page"}
2026-06-05 21:00:07.729 [http-nio-8080-exec-6] DEBUG c.c.demo.mapper.UserMapper.selectList_mpCount - ==>  Preparing: SELECT COUNT(*) AS total FROM user
2026-06-05 21:00:07.730 [http-nio-8080-exec-6] DEBUG c.c.demo.mapper.UserMapper.selectList_mpCount - ==> Parameters: 
2026-06-05 21:00:07.733 [http-nio-8080-exec-6] DEBUG c.c.demo.mapper.UserMapper.selectList_mpCount - <==      Total: 1
2026-06-05 21:00:07.734 [http-nio-8080-exec-6] DEBUG com.company.demo.mapper.UserMapper.selectList - ==>  Preparing: SELECT id,name,age FROM user ORDER BY id DESC LIMIT ?
2026-06-05 21:00:07.734 [http-nio-8080-exec-6] DEBUG com.company.demo.mapper.UserMapper.selectList - ==> Parameters: 10(Long)
2026-06-05 21:00:07.737 [http-nio-8080-exec-6] DEBUG com.company.demo.mapper.UserMapper.selectList - <==      Total: 10
2026-06-05 21:00:07.738 [http-nio-8080-exec-6] INFO  com.company.demo.aspect.LogAspect - 【请求结束】 {"耗时":"12ms","操作":"分页查询用户","返回结果":"{\"code\":200,\"message\":\"成功\",\"data\":{\"records\":[{\"id\":36,\"name\":\"赵鹏\",\"age\":38},{\"id\":35,\"name\":\"张丽\",\"age\":36},{\"id\":34,\"name\":\"李强\",\"age\":34},{\"id\":33,\"name\":\"王磊\",\"age\":32},{\"id\":32,\"name\":\"陈飞\",\"age\":30},{\"id\":31,\"name\":\"刘娜\",\"age\":28},{\"id\":30,\"name\":\"黄娟\",\"age\":26},{\"id\":29,\"name\":\"徐静\",\"age\":24},{\"id\":28,\"name\":\"宋雪\",\"age\":22},{\"id\":27,\"name\":\"孙阳\",\"age\":20}],\"total\":31,\"size\":10,\"current\":1,\"pages\":4}}"}
2026-06-05 21:00:10.551 [http-nio-8080-exec-4] INFO  com.company.demo.aspect.LogAspect - 【请求开始】 {"方法":"UserController.listUserByPage","时间":"2026-06-05 21:00:10","操作":"分页查询用户","IP":"0:0:0:0:0:0:0:1","请求参数":"[1,10,null]","URL":"http://localhost:8080/api/user/page"}
2026-06-05 21:00:10.555 [http-nio-8080-exec-4] DEBUG c.c.demo.mapper.UserMapper.selectList_mpCount - ==>  Preparing: SELECT COUNT(*) AS total FROM user
2026-06-05 21:00:10.556 [http-nio-8080-exec-4] DEBUG c.c.demo.mapper.UserMapper.selectList_mpCount - ==> Parameters: 
2026-06-05 21:00:10.558 [http-nio-8080-exec-4] DEBUG c.c.demo.mapper.UserMapper.selectList_mpCount - <==      Total: 1
2026-06-05 21:00:10.558 [http-nio-8080-exec-4] DEBUG com.company.demo.mapper.UserMapper.selectList - ==>  Preparing: SELECT id,name,age FROM user ORDER BY id DESC LIMIT ?
2026-06-05 21:00:10.558 [http-nio-8080-exec-4] DEBUG com.company.demo.mapper.UserMapper.selectList - ==> Parameters: 10(Long)
2026-06-05 21:00:10.559 [http-nio-8080-exec-4] DEBUG com.company.demo.mapper.UserMapper.selectList - <==      Total: 10
2026-06-05 21:00:10.560 [http-nio-8080-exec-4] INFO  com.company.demo.aspect.LogAspect - 【请求结束】 {"耗时":"8ms","操作":"分页查询用户","返回结果":"{\"code\":200,\"message\":\"成功\",\"data\":{\"records\":[{\"id\":36,\"name\":\"赵鹏\",\"age\":38},{\"id\":35,\"name\":\"张丽\",\"age\":36},{\"id\":34,\"name\":\"李强\",\"age\":34},{\"id\":33,\"name\":\"王磊\",\"age\":32},{\"id\":32,\"name\":\"陈飞\",\"age\":30},{\"id\":31,\"name\":\"刘娜\",\"age\":28},{\"id\":30,\"name\":\"黄娟\",\"age\":26},{\"id\":29,\"name\":\"徐静\",\"age\":24},{\"id\":28,\"name\":\"宋雪\",\"age\":22},{\"id\":27,\"name\":\"孙阳\",\"age\":20}],\"total\":31,\"size\":10,\"current\":1,\"pages\":4}}"}
2026-06-05 21:00:12.815 [http-nio-8080-exec-5] INFO  com.company.demo.aspect.LogAspect - 【请求开始】 {"方法":"UserController.listUserByPage","时间":"2026-06-05 21:00:12","操作":"分页查询用户","IP":"0:0:0:0:0:0:0:1","请求参数":"[1,10,null]","URL":"http://localhost:8080/api/user/page"}
2026-06-05 21:00:12.818 [http-nio-8080-exec-5] DEBUG c.c.demo.mapper.UserMapper.selectList_mpCount - ==>  Preparing: SELECT COUNT(*) AS total FROM user
2026-06-05 21:00:12.819 [http-nio-8080-exec-5] DEBUG c.c.demo.mapper.UserMapper.selectList_mpCount - ==> Parameters: 
2026-06-05 21:00:12.829 [http-nio-8080-exec-5] DEBUG c.c.demo.mapper.UserMapper.selectList_mpCount - <==      Total: 1
2026-06-05 21:00:12.829 [http-nio-8080-exec-5] DEBUG com.company.demo.mapper.UserMapper.selectList - ==>  Preparing: SELECT id,name,age FROM user ORDER BY id DESC LIMIT ?
2026-06-05 21:00:12.830 [http-nio-8080-exec-5] DEBUG com.company.demo.mapper.UserMapper.selectList - ==> Parameters: 10(Long)
2026-06-05 21:00:12.831 [http-nio-8080-exec-5] DEBUG com.company.demo.mapper.UserMapper.selectList - <==      Total: 10
2026-06-05 21:00:12.832 [http-nio-8080-exec-5] INFO  com.company.demo.aspect.LogAspect - 【请求结束】 {"耗时":"16ms","操作":"分页查询用户","返回结果":"{\"code\":200,\"message\":\"成功\",\"data\":{\"records\":[{\"id\":36,\"name\":\"赵鹏\",\"age\":38},{\"id\":35,\"name\":\"张丽\",\"age\":36},{\"id\":34,\"name\":\"李强\",\"age\":34},{\"id\":33,\"name\":\"王磊\",\"age\":32},{\"id\":32,\"name\":\"陈飞\",\"age\":30},{\"id\":31,\"name\":\"刘娜\",\"age\":28},{\"id\":30,\"name\":\"黄娟\",\"age\":26},{\"id\":29,\"name\":\"徐静\",\"age\":24},{\"id\":28,\"name\":\"宋雪\",\"age\":22},{\"id\":27,\"name\":\"孙阳\",\"age\":20}],\"total\":31,\"size\":10,\"current\":1,\"pages\":4}}"}
2026-06-05 21:00:14.994 [http-nio-8080-exec-7] INFO  com.company.demo.aspect.LogAspect - 【请求开始】 {"方法":"UserController.listUserByPage","时间":"2026-06-05 21:00:14","操作":"分页查询用户","IP":"0:0:0:0:0:0:0:1","请求参数":"[1,10,null]","URL":"http://localhost:8080/api/user/page"}
2026-06-05 21:00:14.997 [http-nio-8080-exec-7] DEBUG c.c.demo.mapper.UserMapper.selectList_mpCount - ==>  Preparing: SELECT COUNT(*) AS total FROM user
2026-06-05 21:00:14.997 [http-nio-8080-exec-7] DEBUG c.c.demo.mapper.UserMapper.selectList_mpCount - ==> Parameters: 
2026-06-05 21:00:14.999 [http-nio-8080-exec-7] DEBUG c.c.demo.mapper.UserMapper.selectList_mpCount - <==      Total: 1
2026-06-05 21:00:15.000 [http-nio-8080-exec-7] DEBUG com.company.demo.mapper.UserMapper.selectList - ==>  Preparing: SELECT id,name,age FROM user ORDER BY id DESC LIMIT ?
2026-06-05 21:00:15.000 [http-nio-8080-exec-7] DEBUG com.company.demo.mapper.UserMapper.selectList - ==> Parameters: 10(Long)
2026-06-05 21:00:15.002 [http-nio-8080-exec-7] DEBUG com.company.demo.mapper.UserMapper.selectList - <==      Total: 10
2026-06-05 21:00:15.002 [http-nio-8080-exec-7] INFO  com.company.demo.aspect.LogAspect - 【请求结束】 {"耗时":"8ms","操作":"分页查询用户","返回结果":"{\"code\":200,\"message\":\"成功\",\"data\":{\"records\":[{\"id\":36,\"name\":\"赵鹏\",\"age\":38},{\"id\":35,\"name\":\"张丽\",\"age\":36},{\"id\":34,\"name\":\"李强\",\"age\":34},{\"id\":33,\"name\":\"王磊\",\"age\":32},{\"id\":32,\"name\":\"陈飞\",\"age\":30},{\"id\":31,\"name\":\"刘娜\",\"age\":28},{\"id\":30,\"name\":\"黄娟\",\"age\":26},{\"id\":29,\"name\":\"徐静\",\"age\":24},{\"id\":28,\"name\":\"宋雪\",\"age\":22},{\"id\":27,\"name\":\"孙阳\",\"age\":20}],\"total\":31,\"size\":10,\"current\":1,\"pages\":4}}"}
2026-06-05 21:00:17.207 [http-nio-8080-exec-3] INFO  com.company.demo.aspect.LogAspect - 【请求开始】 {"方法":"UserController.listUserByPage","时间":"2026-06-05 21:00:17","操作":"分页查询用户","IP":"0:0:0:0:0:0:0:1","请求参数":"[1,10,null]","URL":"http://localhost:8080/api/user/page"}
2026-06-05 21:00:17.210 [http-nio-8080-exec-3] DEBUG c.c.demo.mapper.UserMapper.selectList_mpCount - ==>  Preparing: SELECT COUNT(*) AS total FROM user
2026-06-05 21:00:17.210 [http-nio-8080-exec-3] DEBUG c.c.demo.mapper.UserMapper.selectList_mpCount - ==> Parameters: 
2026-06-05 21:00:17.212 [http-nio-8080-exec-3] DEBUG c.c.demo.mapper.UserMapper.selectList_mpCount - <==      Total: 1
2026-06-05 21:00:17.212 [http-nio-8080-exec-3] DEBUG com.company.demo.mapper.UserMapper.selectList - ==>  Preparing: SELECT id,name,age FROM user ORDER BY id DESC LIMIT ?
2026-06-05 21:00:17.213 [http-nio-8080-exec-3] DEBUG com.company.demo.mapper.UserMapper.selectList - ==> Parameters: 10(Long)
2026-06-05 21:00:17.213 [http-nio-8080-exec-3] DEBUG com.company.demo.mapper.UserMapper.selectList - <==      Total: 10
2026-06-05 21:00:17.214 [http-nio-8080-exec-3] INFO  com.company.demo.aspect.LogAspect - 【请求结束】 {"耗时":"7ms","操作":"分页查询用户","返回结果":"{\"code\":200,\"message\":\"成功\",\"data\":{\"records\":[{\"id\":36,\"name\":\"赵鹏\",\"age\":38},{\"id\":35,\"name\":\"张丽\",\"age\":36},{\"id\":34,\"name\":\"李强\",\"age\":34},{\"id\":33,\"name\":\"王磊\",\"age\":32},{\"id\":32,\"name\":\"陈飞\",\"age\":30},{\"id\":31,\"name\":\"刘娜\",\"age\":28},{\"id\":30,\"name\":\"黄娟\",\"age\":26},{\"id\":29,\"name\":\"徐静\",\"age\":24},{\"id\":28,\"name\":\"宋雪\",\"age\":22},{\"id\":27,\"name\":\"孙阳\",\"age\":20}],\"total\":31,\"size\":10,\"current\":1,\"pages\":4}}"}
2026-06-05 21:00:28.224 [http-nio-8080-exec-8] INFO  com.company.demo.aspect.LogAspect - 【请求开始】 {"方法":"UserController.listUserByPage","时间":"2026-06-05 21:00:28","操作":"分页查询用户","IP":"0:0:0:0:0:0:0:1","请求参数":"[1,10,null]","URL":"http://localhost:8080/api/user/page"}
2026-06-05 21:00:28.227 [http-nio-8080-exec-8] DEBUG c.c.demo.mapper.UserMapper.selectList_mpCount - ==>  Preparing: SELECT COUNT(*) AS total FROM user
2026-06-05 21:00:28.227 [http-nio-8080-exec-8] DEBUG c.c.demo.mapper.UserMapper.selectList_mpCount - ==> Parameters: 
2026-06-05 21:00:28.230 [http-nio-8080-exec-8] DEBUG c.c.demo.mapper.UserMapper.selectList_mpCount - <==      Total: 1
2026-06-05 21:00:28.230 [http-nio-8080-exec-8] DEBUG com.company.demo.mapper.UserMapper.selectList - ==>  Preparing: SELECT id,name,age FROM user ORDER BY id DESC LIMIT ?
2026-06-05 21:00:28.230 [http-nio-8080-exec-8] DEBUG com.company.demo.mapper.UserMapper.selectList - ==> Parameters: 10(Long)
2026-06-05 21:00:28.232 [http-nio-8080-exec-8] DEBUG com.company.demo.mapper.UserMapper.selectList - <==      Total: 10
2026-06-05 21:00:28.232 [http-nio-8080-exec-8] INFO  com.company.demo.aspect.LogAspect - 【请求结束】 {"耗时":"8ms","操作":"分页查询用户","返回结果":"{\"code\":200,\"message\":\"成功\",\"data\":{\"records\":[{\"id\":36,\"name\":\"赵鹏\",\"age\":38},{\"id\":35,\"name\":\"张丽\",\"age\":36},{\"id\":34,\"name\":\"李强\",\"age\":34},{\"id\":33,\"name\":\"王磊\",\"age\":32},{\"id\":32,\"name\":\"陈飞\",\"age\":30},{\"id\":31,\"name\":\"刘娜\",\"age\":28},{\"id\":30,\"name\":\"黄娟\",\"age\":26},{\"id\":29,\"name\":\"徐静\",\"age\":24},{\"id\":28,\"name\":\"宋雪\",\"age\":22},{\"id\":27,\"name\":\"孙阳\",\"age\":20}],\"total\":31,\"size\":10,\"current\":1,\"pages\":4}}"}
2026-06-05 21:00:31.126 [http-nio-8080-exec-10] INFO  com.company.demo.aspect.LogAspect - 【请求开始】 {"方法":"UserController.listUserByPage","时间":"2026-06-05 21:00:31","操作":"分页查询用户","IP":"0:0:0:0:0:0:0:1","请求参数":"[1,10,null]","URL":"http://localhost:8080/api/user/page"}
2026-06-05 21:00:31.130 [http-nio-8080-exec-10] DEBUG c.c.demo.mapper.UserMapper.selectList_mpCount - ==>  Preparing: SELECT COUNT(*) AS total FROM user
2026-06-05 21:00:31.131 [http-nio-8080-exec-10] DEBUG c.c.demo.mapper.UserMapper.selectList_mpCount - ==> Parameters: 
2026-06-05 21:00:31.133 [http-nio-8080-exec-10] DEBUG c.c.demo.mapper.UserMapper.selectList_mpCount - <==      Total: 1
2026-06-05 21:00:31.134 [http-nio-8080-exec-10] DEBUG com.company.demo.mapper.UserMapper.selectList - ==>  Preparing: SELECT id,name,age FROM user ORDER BY id DESC LIMIT ?
2026-06-05 21:00:31.135 [http-nio-8080-exec-10] DEBUG com.company.demo.mapper.UserMapper.selectList - ==> Parameters: 10(Long)
2026-06-05 21:00:31.137 [http-nio-8080-exec-10] DEBUG com.company.demo.mapper.UserMapper.selectList - <==      Total: 10
2026-06-05 21:00:31.138 [http-nio-8080-exec-10] INFO  com.company.demo.aspect.LogAspect - 【请求结束】 {"耗时":"13ms","操作":"分页查询用户","返回结果":"{\"code\":200,\"message\":\"成功\",\"data\":{\"records\":[{\"id\":36,\"name\":\"赵鹏\",\"age\":38},{\"id\":35,\"name\":\"张丽\",\"age\":36},{\"id\":34,\"name\":\"李强\",\"age\":34},{\"id\":33,\"name\":\"王磊\",\"age\":32},{\"id\":32,\"name\":\"陈飞\",\"age\":30},{\"id\":31,\"name\":\"刘娜\",\"age\":28},{\"id\":30,\"name\":\"黄娟\",\"age\":26},{\"id\":29,\"name\":\"徐静\",\"age\":24},{\"id\":28,\"name\":\"宋雪\",\"age\":22},{\"id\":27,\"name\":\"孙阳\",\"age\":20}],\"total\":31,\"size\":10,\"current\":1,\"pages\":4}}"}
2026-06-05 21:00:32.359 [http-nio-8080-exec-9] INFO  com.company.demo.aspect.LogAspect - 【请求开始】 {"方法":"UserController.listUserByPage","时间":"2026-06-05 21:00:32","操作":"分页查询用户","IP":"0:0:0:0:0:0:0:1","请求参数":"[1,10,null]","URL":"http://localhost:8080/api/user/page"}
2026-06-05 21:00:32.363 [http-nio-8080-exec-9] DEBUG c.c.demo.mapper.UserMapper.selectList_mpCount - ==>  Preparing: SELECT COUNT(*) AS total FROM user
2026-06-05 21:00:32.364 [http-nio-8080-exec-9] DEBUG c.c.demo.mapper.UserMapper.selectList_mpCount - ==> Parameters: 
2026-06-05 21:00:32.366 [http-nio-8080-exec-9] DEBUG c.c.demo.mapper.UserMapper.selectList_mpCount - <==      Total: 1
2026-06-05 21:00:32.367 [http-nio-8080-exec-9] DEBUG com.company.demo.mapper.UserMapper.selectList - ==>  Preparing: SELECT id,name,age FROM user ORDER BY id DESC LIMIT ?
2026-06-05 21:00:32.367 [http-nio-8080-exec-9] DEBUG com.company.demo.mapper.UserMapper.selectList - ==> Parameters: 10(Long)
2026-06-05 21:00:32.369 [http-nio-8080-exec-9] DEBUG com.company.demo.mapper.UserMapper.selectList - <==      Total: 10
2026-06-05 21:00:32.370 [http-nio-8080-exec-9] INFO  com.company.demo.aspect.LogAspect - 【请求结束】 {"耗时":"11ms","操作":"分页查询用户","返回结果":"{\"code\":200,\"message\":\"成功\",\"data\":{\"records\":[{\"id\":36,\"name\":\"赵鹏\",\"age\":38},{\"id\":35,\"name\":\"张丽\",\"age\":36},{\"id\":34,\"name\":\"李强\",\"age\":34},{\"id\":33,\"name\":\"王磊\",\"age\":32},{\"id\":32,\"name\":\"陈飞\",\"age\":30},{\"id\":31,\"name\":\"刘娜\",\"age\":28},{\"id\":30,\"name\":\"黄娟\",\"age\":26},{\"id\":29,\"name\":\"徐静\",\"age\":24},{\"id\":28,\"name\":\"宋雪\",\"age\":22},{\"id\":27,\"name\":\"孙阳\",\"age\":20}],\"total\":31,\"size\":10,\"current\":1,\"pages\":4}}"}
2026-06-05 21:00:33.109 [http-nio-8080-exec-2] INFO  com.company.demo.aspect.LogAspect - 【请求开始】 {"方法":"UserController.listUserByPage","时间":"2026-06-05 21:00:33","操作":"分页查询用户","IP":"0:0:0:0:0:0:0:1","请求参数":"[1,10,null]","URL":"http://localhost:8080/api/user/page"}
2026-06-05 21:00:33.112 [http-nio-8080-exec-2] DEBUG c.c.demo.mapper.UserMapper.selectList_mpCount - ==>  Preparing: SELECT COUNT(*) AS total FROM user
2026-06-05 21:00:33.113 [http-nio-8080-exec-2] DEBUG c.c.demo.mapper.UserMapper.selectList_mpCount - ==> Parameters: 
2026-06-05 21:00:33.114 [http-nio-8080-exec-2] DEBUG c.c.demo.mapper.UserMapper.selectList_mpCount - <==      Total: 1
2026-06-05 21:00:33.115 [http-nio-8080-exec-2] DEBUG com.company.demo.mapper.UserMapper.selectList - ==>  Preparing: SELECT id,name,age FROM user ORDER BY id DESC LIMIT ?
2026-06-05 21:00:33.115 [http-nio-8080-exec-2] DEBUG com.company.demo.mapper.UserMapper.selectList - ==> Parameters: 10(Long)
2026-06-05 21:00:33.117 [http-nio-8080-exec-2] DEBUG com.company.demo.mapper.UserMapper.selectList - <==      Total: 10
2026-06-05 21:00:33.117 [http-nio-8080-exec-2] INFO  com.company.demo.aspect.LogAspect - 【请求结束】 {"耗时":"8ms","操作":"分页查询用户","返回结果":"{\"code\":200,\"message\":\"成功\",\"data\":{\"records\":[{\"id\":36,\"name\":\"赵鹏\",\"age\":38},{\"id\":35,\"name\":\"张丽\",\"age\":36},{\"id\":34,\"name\":\"李强\",\"age\":34},{\"id\":33,\"name\":\"王磊\",\"age\":32},{\"id\":32,\"name\":\"陈飞\",\"age\":30},{\"id\":31,\"name\":\"刘娜\",\"age\":28},{\"id\":30,\"name\":\"黄娟\",\"age\":26},{\"id\":29,\"name\":\"徐静\",\"age\":24},{\"id\":28,\"name\":\"宋雪\",\"age\":22},{\"id\":27,\"name\":\"孙阳\",\"age\":20}],\"total\":31,\"size\":10,\"current\":1,\"pages\":4}}"}
2026-06-05 21:00:33.676 [http-nio-8080-exec-1] INFO  com.company.demo.aspect.LogAspect - 【请求开始】 {"方法":"UserController.listUserByPage","时间":"2026-06-05 21:00:33","操作":"分页查询用户","IP":"0:0:0:0:0:0:0:1","请求参数":"[1,10,null]","URL":"http://localhost:8080/api/user/page"}
2026-06-05 21:00:33.680 [http-nio-8080-exec-1] DEBUG c.c.demo.mapper.UserMapper.selectList_mpCount - ==>  Preparing: SELECT COUNT(*) AS total FROM user
2026-06-05 21:00:33.680 [http-nio-8080-exec-1] DEBUG c.c.demo.mapper.UserMapper.selectList_mpCount - ==> Parameters: 
2026-06-05 21:00:33.683 [http-nio-8080-exec-1] DEBUG c.c.demo.mapper.UserMapper.selectList_mpCount - <==      Total: 1
2026-06-05 21:00:33.684 [http-nio-8080-exec-1] DEBUG com.company.demo.mapper.UserMapper.selectList - ==>  Preparing: SELECT id,name,age FROM user ORDER BY id DESC LIMIT ?
2026-06-05 21:00:33.684 [http-nio-8080-exec-1] DEBUG com.company.demo.mapper.UserMapper.selectList - ==> Parameters: 10(Long)
2026-06-05 21:00:33.686 [http-nio-8080-exec-1] DEBUG com.company.demo.mapper.UserMapper.selectList - <==      Total: 10
2026-06-05 21:00:33.686 [http-nio-8080-exec-1] INFO  com.company.demo.aspect.LogAspect - 【请求结束】 {"耗时":"10ms","操作":"分页查询用户","返回结果":"{\"code\":200,\"message\":\"成功\",\"data\":{\"records\":[{\"id\":36,\"name\":\"赵鹏\",\"age\":38},{\"id\":35,\"name\":\"张丽\",\"age\":36},{\"id\":34,\"name\":\"李强\",\"age\":34},{\"id\":33,\"name\":\"王磊\",\"age\":32},{\"id\":32,\"name\":\"陈飞\",\"age\":30},{\"id\":31,\"name\":\"刘娜\",\"age\":28},{\"id\":30,\"name\":\"黄娟\",\"age\":26},{\"id\":29,\"name\":\"徐静\",\"age\":24},{\"id\":28,\"name\":\"宋雪\",\"age\":22},{\"id\":27,\"name\":\"孙阳\",\"age\":20}],\"total\":31,\"size\":10,\"current\":1,\"pages\":4}}"}
2026-06-05 21:00:37.829 [http-nio-8080-exec-6] INFO  com.company.demo.aspect.LogAspect - 【请求开始】 {"方法":"UserController.listUserByPage","时间":"2026-06-05 21:00:37","操作":"分页查询用户","IP":"0:0:0:0:0:0:0:1","请求参数":"[1,10,null]","URL":"http://localhost:8080/api/user/page"}
2026-06-05 21:00:37.832 [http-nio-8080-exec-6] DEBUG c.c.demo.mapper.UserMapper.selectList_mpCount - ==>  Preparing: SELECT COUNT(*) AS total FROM user
2026-06-05 21:00:37.833 [http-nio-8080-exec-6] DEBUG c.c.demo.mapper.UserMapper.selectList_mpCount - ==> Parameters: 
2026-06-05 21:00:37.834 [http-nio-8080-exec-6] DEBUG c.c.demo.mapper.UserMapper.selectList_mpCount - <==      Total: 1
2026-06-05 21:00:37.835 [http-nio-8080-exec-6] DEBUG com.company.demo.mapper.UserMapper.selectList - ==>  Preparing: SELECT id,name,age FROM user ORDER BY id DESC LIMIT ?
2026-06-05 21:00:37.835 [http-nio-8080-exec-6] DEBUG com.company.demo.mapper.UserMapper.selectList - ==> Parameters: 10(Long)
2026-06-05 21:00:37.837 [http-nio-8080-exec-6] DEBUG com.company.demo.mapper.UserMapper.selectList - <==      Total: 10
2026-06-05 21:00:37.838 [http-nio-8080-exec-6] INFO  com.company.demo.aspect.LogAspect - 【请求结束】 {"耗时":"9ms","操作":"分页查询用户","返回结果":"{\"code\":200,\"message\":\"成功\",\"data\":{\"records\":[{\"id\":36,\"name\":\"赵鹏\",\"age\":38},{\"id\":35,\"name\":\"张丽\",\"age\":36},{\"id\":34,\"name\":\"李强\",\"age\":34},{\"id\":33,\"name\":\"王磊\",\"age\":32},{\"id\":32,\"name\":\"陈飞\",\"age\":30},{\"id\":31,\"name\":\"刘娜\",\"age\":28},{\"id\":30,\"name\":\"黄娟\",\"age\":26},{\"id\":29,\"name\":\"徐静\",\"age\":24},{\"id\":28,\"name\":\"宋雪\",\"age\":22},{\"id\":27,\"name\":\"孙阳\",\"age\":20}],\"total\":31,\"size\":10,\"current\":1,\"pages\":4}}"}
2026-06-05 21:01:14.701 [SpringApplicationShutdownHook] INFO  org.springframework.boot.tomcat.GracefulShutdown - Commencing graceful shutdown. Waiting for active requests to complete
2026-06-05 21:01:14.729 [tomcat-shutdown] INFO  org.springframework.boot.tomcat.GracefulShutdown - Graceful shutdown complete
2026-06-05 21:01:14.743 [SpringApplicationShutdownHook] INFO  com.zaxxer.hikari.HikariDataSource - HikariPool-1 - Shutdown initiated...
2026-06-05 21:01:14.749 [SpringApplicationShutdownHook] INFO  com.zaxxer.hikari.HikariDataSource - HikariPool-1 - Shutdown completed.
2026-06-05 21:01:17.977 [restartedMain] INFO  com.company.demo.DemoApplication - Starting DemoApplication using Java 17.0.19 with PID 34024 (D:\Work\Workspace\demo\target\classes started by jiaolei in D:\Work\Workspace\demo)
2026-06-05 21:01:17.979 [restartedMain] DEBUG com.company.demo.DemoApplication - Running with Spring Boot v4.0.6, Spring v7.0.7
2026-06-05 21:01:17.980 [restartedMain] INFO  com.company.demo.DemoApplication - No active profile set, falling back to 1 default profile: "default"
2026-06-05 21:01:18.016 [restartedMain] INFO  o.s.b.d.env.DevToolsPropertyDefaultsPostProcessor - Devtools property defaults active! Set 'spring.devtools.add-properties' to 'false' to disable
2026-06-05 21:01:18.016 [restartedMain] INFO  o.s.b.d.env.DevToolsPropertyDefaultsPostProcessor - For additional web related logging consider setting the 'logging.level.web' property to 'DEBUG'
2026-06-05 21:01:18.541 [restartedMain] INFO  o.s.d.r.config.RepositoryConfigurationDelegate - Multiple Spring Data modules found, entering strict repository configuration mode
2026-06-05 21:01:18.543 [restartedMain] INFO  o.s.d.r.config.RepositoryConfigurationDelegate - Bootstrapping Spring Data Redis repositories in DEFAULT mode.
2026-06-05 21:01:18.568 [restartedMain] INFO  o.s.d.r.config.RepositoryConfigurationDelegate - Finished Spring Data repository scanning in 11 ms. Found 0 Redis repository interfaces.
2026-06-05 21:01:19.149 [restartedMain] INFO  org.springframework.boot.tomcat.TomcatWebServer - Tomcat initialized with port 8080 (http)
2026-06-05 21:01:19.159 [restartedMain] INFO  org.apache.catalina.core.StandardService - Starting service [Tomcat]
2026-06-05 21:01:19.160 [restartedMain] INFO  org.apache.catalina.core.StandardEngine - Starting Servlet engine: [Apache Tomcat/11.0.21]
2026-06-05 21:01:19.211 [restartedMain] INFO  o.s.b.w.c.servlet.WebApplicationContextInitializer - Root WebApplicationContext: initialization completed in 1194 ms
2026-06-05 21:01:20.185 [restartedMain] INFO  c.b.m.e.spring.MybatisPlusApplicationContextAware - Register ApplicationContext instances org.springframework.boot.web.server.servlet.context.AnnotationConfigServletWebServerApplicationContext@3ed2b403
2026-06-05 21:01:20.412 [restartedMain] INFO  org.springframework.boot.tomcat.TomcatWebServer - Tomcat started on port 8080 (http) with context path '/'
2026-06-05 21:01:20.419 [restartedMain] INFO  com.company.demo.DemoApplication - Started DemoApplication in 2.724 seconds (process running for 3.234)
2026-06-05 21:01:25.218 [http-nio-8080-exec-6] INFO  o.a.c.core.ContainerBase.[Tomcat].[localhost].[/] - Initializing Spring DispatcherServlet 'dispatcherServlet'
2026-06-05 21:01:25.219 [http-nio-8080-exec-6] INFO  org.springframework.web.servlet.DispatcherServlet - Initializing Servlet 'dispatcherServlet'
2026-06-05 21:01:25.220 [http-nio-8080-exec-6] INFO  org.springframework.web.servlet.DispatcherServlet - Completed initialization in 1 ms
2026-06-05 21:01:25.273 [http-nio-8080-exec-6] INFO  com.company.demo.aspect.LogAspect - 【请求开始】 {"方法":"UserController.listUserByPage","时间":"2026-06-05 21:01:25","操作":"分页查询用户","IP":"0:0:0:0:0:0:0:1","请求参数":"[1,10,null]","URL":"http://localhost:8080/api/user/page"}
2026-06-05 21:01:25.423 [http-nio-8080-exec-6] INFO  com.zaxxer.hikari.HikariDataSource - HikariPool-1 - Starting...
2026-06-05 21:01:25.547 [http-nio-8080-exec-6] INFO  com.zaxxer.hikari.pool.HikariPool - HikariPool-1 - Added connection com.mysql.cj.jdbc.ConnectionImpl@541b3868
2026-06-05 21:01:25.549 [http-nio-8080-exec-6] INFO  com.zaxxer.hikari.HikariDataSource - HikariPool-1 - Start completed.
2026-06-05 21:01:25.557 [http-nio-8080-exec-6] DEBUG c.c.demo.mapper.UserMapper.selectList_mpCount - ==>  Preparing: SELECT COUNT(*) AS total FROM user
2026-06-05 21:01:25.574 [http-nio-8080-exec-6] DEBUG c.c.demo.mapper.UserMapper.selectList_mpCount - ==> Parameters: 
2026-06-05 21:01:25.593 [http-nio-8080-exec-6] DEBUG c.c.demo.mapper.UserMapper.selectList_mpCount - <==      Total: 1
2026-06-05 21:01:25.599 [http-nio-8080-exec-6] DEBUG com.company.demo.mapper.UserMapper.selectList - ==>  Preparing: SELECT id,name,age FROM user ORDER BY id DESC LIMIT ?
2026-06-05 21:01:25.601 [http-nio-8080-exec-6] DEBUG com.company.demo.mapper.UserMapper.selectList - ==> Parameters: 10(Long)
2026-06-05 21:01:25.603 [http-nio-8080-exec-6] DEBUG com.company.demo.mapper.UserMapper.selectList - <==      Total: 10
2026-06-05 21:01:25.625 [http-nio-8080-exec-6] INFO  com.company.demo.aspect.LogAspect - 【请求结束】 {"耗时":"335ms","操作":"分页查询用户","返回结果":"{\"code\":200,\"message\":\"成功\",\"data\":{\"records\":[{\"id\":36,\"name\":\"赵鹏\",\"age\":38},{\"id\":35,\"name\":\"张丽\",\"age\":36},{\"id\":34,\"name\":\"李强\",\"age\":34},{\"id\":33,\"name\":\"王磊\",\"age\":32},{\"id\":32,\"name\":\"陈飞\",\"age\":30},{\"id\":31,\"name\":\"刘娜\",\"age\":28},{\"id\":30,\"name\":\"黄娟\",\"age\":26},{\"id\":29,\"name\":\"徐静\",\"age\":24},{\"id\":28,\"name\":\"宋雪\",\"age\":22},{\"id\":27,\"name\":\"孙阳\",\"age\":20}],\"total\":31,\"size\":10,\"current\":1,\"pages\":4}}"}
2026-06-05 21:01:27.200 [http-nio-8080-exec-2] INFO  com.company.demo.aspect.LogAspect - 【请求开始】 {"方法":"UserController.listUserByPage","时间":"2026-06-05 21:01:27","操作":"分页查询用户","IP":"0:0:0:0:0:0:0:1","请求参数":"[1,10,null]","URL":"http://localhost:8080/api/user/page"}
2026-06-05 21:01:27.204 [http-nio-8080-exec-2] DEBUG c.c.demo.mapper.UserMapper.selectList_mpCount - ==>  Preparing: SELECT COUNT(*) AS total FROM user
2026-06-05 21:01:27.204 [http-nio-8080-exec-2] DEBUG c.c.demo.mapper.UserMapper.selectList_mpCount - ==> Parameters: 
2026-06-05 21:01:27.205 [http-nio-8080-exec-2] DEBUG c.c.demo.mapper.UserMapper.selectList_mpCount - <==      Total: 1
2026-06-05 21:01:27.206 [http-nio-8080-exec-2] DEBUG com.company.demo.mapper.UserMapper.selectList - ==>  Preparing: SELECT id,name,age FROM user ORDER BY id DESC LIMIT ?
2026-06-05 21:01:27.206 [http-nio-8080-exec-2] DEBUG com.company.demo.mapper.UserMapper.selectList - ==> Parameters: 10(Long)
2026-06-05 21:01:27.208 [http-nio-8080-exec-2] DEBUG com.company.demo.mapper.UserMapper.selectList - <==      Total: 10
2026-06-05 21:01:27.209 [http-nio-8080-exec-2] INFO  com.company.demo.aspect.LogAspect - 【请求结束】 {"耗时":"8ms","操作":"分页查询用户","返回结果":"{\"code\":200,\"message\":\"成功\",\"data\":{\"records\":[{\"id\":36,\"name\":\"赵鹏\",\"age\":38},{\"id\":35,\"name\":\"张丽\",\"age\":36},{\"id\":34,\"name\":\"李强\",\"age\":34},{\"id\":33,\"name\":\"王磊\",\"age\":32},{\"id\":32,\"name\":\"陈飞\",\"age\":30},{\"id\":31,\"name\":\"刘娜\",\"age\":28},{\"id\":30,\"name\":\"黄娟\",\"age\":26},{\"id\":29,\"name\":\"徐静\",\"age\":24},{\"id\":28,\"name\":\"宋雪\",\"age\":22},{\"id\":27,\"name\":\"孙阳\",\"age\":20}],\"total\":31,\"size\":10,\"current\":1,\"pages\":4}}"}
2026-06-05 21:01:28.012 [http-nio-8080-exec-4] INFO  com.company.demo.aspect.LogAspect - 【请求开始】 {"方法":"UserController.listUserByPage","时间":"2026-06-05 21:01:28","操作":"分页查询用户","IP":"0:0:0:0:0:0:0:1","请求参数":"[1,10,null]","URL":"http://localhost:8080/api/user/page"}
2026-06-05 21:01:28.019 [http-nio-8080-exec-4] DEBUG c.c.demo.mapper.UserMapper.selectList_mpCount - ==>  Preparing: SELECT COUNT(*) AS total FROM user
2026-06-05 21:01:28.020 [http-nio-8080-exec-4] DEBUG c.c.demo.mapper.UserMapper.selectList_mpCount - ==> Parameters: 
2026-06-05 21:01:28.022 [http-nio-8080-exec-4] DEBUG c.c.demo.mapper.UserMapper.selectList_mpCount - <==      Total: 1
2026-06-05 21:01:28.022 [http-nio-8080-exec-4] DEBUG com.company.demo.mapper.UserMapper.selectList - ==>  Preparing: SELECT id,name,age FROM user ORDER BY id DESC LIMIT ?
2026-06-05 21:01:28.022 [http-nio-8080-exec-4] DEBUG com.company.demo.mapper.UserMapper.selectList - ==> Parameters: 10(Long)
2026-06-05 21:01:28.023 [http-nio-8080-exec-4] DEBUG com.company.demo.mapper.UserMapper.selectList - <==      Total: 10
2026-06-05 21:01:28.024 [http-nio-8080-exec-4] INFO  com.company.demo.aspect.LogAspect - 【请求结束】 {"耗时":"12ms","操作":"分页查询用户","返回结果":"{\"code\":200,\"message\":\"成功\",\"data\":{\"records\":[{\"id\":36,\"name\":\"赵鹏\",\"age\":38},{\"id\":35,\"name\":\"张丽\",\"age\":36},{\"id\":34,\"name\":\"李强\",\"age\":34},{\"id\":33,\"name\":\"王磊\",\"age\":32},{\"id\":32,\"name\":\"陈飞\",\"age\":30},{\"id\":31,\"name\":\"刘娜\",\"age\":28},{\"id\":30,\"name\":\"黄娟\",\"age\":26},{\"id\":29,\"name\":\"徐静\",\"age\":24},{\"id\":28,\"name\":\"宋雪\",\"age\":22},{\"id\":27,\"name\":\"孙阳\",\"age\":20}],\"total\":31,\"size\":10,\"current\":1,\"pages\":4}}"}
2026-06-05 21:01:29.229 [http-nio-8080-exec-5] INFO  com.company.demo.aspect.LogAspect - 【请求开始】 {"方法":"UserController.listUserByPage","时间":"2026-06-05 21:01:29","操作":"分页查询用户","IP":"0:0:0:0:0:0:0:1","请求参数":"[1,10,null]","URL":"http://localhost:8080/api/user/page"}
2026-06-05 21:01:29.232 [http-nio-8080-exec-5] DEBUG c.c.demo.mapper.UserMapper.selectList_mpCount - ==>  Preparing: SELECT COUNT(*) AS total FROM user
2026-06-05 21:01:29.232 [http-nio-8080-exec-5] DEBUG c.c.demo.mapper.UserMapper.selectList_mpCount - ==> Parameters: 
2026-06-05 21:01:29.234 [http-nio-8080-exec-5] DEBUG c.c.demo.mapper.UserMapper.selectList_mpCount - <==      Total: 1
2026-06-05 21:01:29.235 [http-nio-8080-exec-5] DEBUG com.company.demo.mapper.UserMapper.selectList - ==>  Preparing: SELECT id,name,age FROM user ORDER BY id DESC LIMIT ?
2026-06-05 21:01:29.235 [http-nio-8080-exec-5] DEBUG com.company.demo.mapper.UserMapper.selectList - ==> Parameters: 10(Long)
2026-06-05 21:01:29.236 [http-nio-8080-exec-5] DEBUG com.company.demo.mapper.UserMapper.selectList - <==      Total: 10
2026-06-05 21:01:29.236 [http-nio-8080-exec-5] INFO  com.company.demo.aspect.LogAspect - 【请求结束】 {"耗时":"7ms","操作":"分页查询用户","返回结果":"{\"code\":200,\"message\":\"成功\",\"data\":{\"records\":[{\"id\":36,\"name\":\"赵鹏\",\"age\":38},{\"id\":35,\"name\":\"张丽\",\"age\":36},{\"id\":34,\"name\":\"李强\",\"age\":34},{\"id\":33,\"name\":\"王磊\",\"age\":32},{\"id\":32,\"name\":\"陈飞\",\"age\":30},{\"id\":31,\"name\":\"刘娜\",\"age\":28},{\"id\":30,\"name\":\"黄娟\",\"age\":26},{\"id\":29,\"name\":\"徐静\",\"age\":24},{\"id\":28,\"name\":\"宋雪\",\"age\":22},{\"id\":27,\"name\":\"孙阳\",\"age\":20}],\"total\":31,\"size\":10,\"current\":1,\"pages\":4}}"}
2026-06-05 21:01:29.743 [http-nio-8080-exec-7] INFO  com.company.demo.aspect.LogAspect - 【请求开始】 {"方法":"UserController.listUserByPage","时间":"2026-06-05 21:01:29","操作":"分页查询用户","IP":"0:0:0:0:0:0:0:1","请求参数":"[1,10,null]","URL":"http://localhost:8080/api/user/page"}
2026-06-05 21:01:29.747 [http-nio-8080-exec-7] DEBUG c.c.demo.mapper.UserMapper.selectList_mpCount - ==>  Preparing: SELECT COUNT(*) AS total FROM user
2026-06-05 21:01:29.747 [http-nio-8080-exec-7] DEBUG c.c.demo.mapper.UserMapper.selectList_mpCount - ==> Parameters: 
2026-06-05 21:01:29.750 [http-nio-8080-exec-7] DEBUG c.c.demo.mapper.UserMapper.selectList_mpCount - <==      Total: 1
2026-06-05 21:01:29.751 [http-nio-8080-exec-7] DEBUG com.company.demo.mapper.UserMapper.selectList - ==>  Preparing: SELECT id,name,age FROM user ORDER BY id DESC LIMIT ?
2026-06-05 21:01:29.751 [http-nio-8080-exec-7] DEBUG com.company.demo.mapper.UserMapper.selectList - ==> Parameters: 10(Long)
2026-06-05 21:01:29.752 [http-nio-8080-exec-7] DEBUG com.company.demo.mapper.UserMapper.selectList - <==      Total: 10
2026-06-05 21:01:29.753 [http-nio-8080-exec-7] INFO  com.company.demo.aspect.LogAspect - 【请求结束】 {"耗时":"9ms","操作":"分页查询用户","返回结果":"{\"code\":200,\"message\":\"成功\",\"data\":{\"records\":[{\"id\":36,\"name\":\"赵鹏\",\"age\":38},{\"id\":35,\"name\":\"张丽\",\"age\":36},{\"id\":34,\"name\":\"李强\",\"age\":34},{\"id\":33,\"name\":\"王磊\",\"age\":32},{\"id\":32,\"name\":\"陈飞\",\"age\":30},{\"id\":31,\"name\":\"刘娜\",\"age\":28},{\"id\":30,\"name\":\"黄娟\",\"age\":26},{\"id\":29,\"name\":\"徐静\",\"age\":24},{\"id\":28,\"name\":\"宋雪\",\"age\":22},{\"id\":27,\"name\":\"孙阳\",\"age\":20}],\"total\":31,\"size\":10,\"current\":1,\"pages\":4}}"}
2026-06-05 21:01:30.562 [http-nio-8080-exec-3] INFO  com.company.demo.aspect.LogAspect - 【请求开始】 {"方法":"UserController.listUserByPage","时间":"2026-06-05 21:01:30","操作":"分页查询用户","IP":"0:0:0:0:0:0:0:1","请求参数":"[1,10,null]","URL":"http://localhost:8080/api/user/page"}
2026-06-05 21:01:30.566 [http-nio-8080-exec-3] DEBUG c.c.demo.mapper.UserMapper.selectList_mpCount - ==>  Preparing: SELECT COUNT(*) AS total FROM user
2026-06-05 21:01:30.566 [http-nio-8080-exec-3] DEBUG c.c.demo.mapper.UserMapper.selectList_mpCount - ==> Parameters: 
2026-06-05 21:01:30.568 [http-nio-8080-exec-3] DEBUG c.c.demo.mapper.UserMapper.selectList_mpCount - <==      Total: 1
2026-06-05 21:01:30.568 [http-nio-8080-exec-3] DEBUG com.company.demo.mapper.UserMapper.selectList - ==>  Preparing: SELECT id,name,age FROM user ORDER BY id DESC LIMIT ?
2026-06-05 21:01:30.568 [http-nio-8080-exec-3] DEBUG com.company.demo.mapper.UserMapper.selectList - ==> Parameters: 10(Long)
2026-06-05 21:01:30.569 [http-nio-8080-exec-3] DEBUG com.company.demo.mapper.UserMapper.selectList - <==      Total: 10
2026-06-05 21:01:30.569 [http-nio-8080-exec-3] INFO  com.company.demo.aspect.LogAspect - 【请求结束】 {"耗时":"7ms","操作":"分页查询用户","返回结果":"{\"code\":200,\"message\":\"成功\",\"data\":{\"records\":[{\"id\":36,\"name\":\"赵鹏\",\"age\":38},{\"id\":35,\"name\":\"张丽\",\"age\":36},{\"id\":34,\"name\":\"李强\",\"age\":34},{\"id\":33,\"name\":\"王磊\",\"age\":32},{\"id\":32,\"name\":\"陈飞\",\"age\":30},{\"id\":31,\"name\":\"刘娜\",\"age\":28},{\"id\":30,\"name\":\"黄娟\",\"age\":26},{\"id\":29,\"name\":\"徐静\",\"age\":24},{\"id\":28,\"name\":\"宋雪\",\"age\":22},{\"id\":27,\"name\":\"孙阳\",\"age\":20}],\"total\":31,\"size\":10,\"current\":1,\"pages\":4}}"}
2026-06-05 21:01:31.460 [http-nio-8080-exec-8] INFO  com.company.demo.aspect.LogAspect - 【请求开始】 {"方法":"UserController.listUserByPage","时间":"2026-06-05 21:01:31","操作":"分页查询用户","IP":"0:0:0:0:0:0:0:1","请求参数":"[1,10,null]","URL":"http://localhost:8080/api/user/page"}
2026-06-05 21:01:31.464 [http-nio-8080-exec-8] DEBUG c.c.demo.mapper.UserMapper.selectList_mpCount - ==>  Preparing: SELECT COUNT(*) AS total FROM user
2026-06-05 21:01:31.464 [http-nio-8080-exec-8] DEBUG c.c.demo.mapper.UserMapper.selectList_mpCount - ==> Parameters: 
2026-06-05 21:01:31.467 [http-nio-8080-exec-8] DEBUG c.c.demo.mapper.UserMapper.selectList_mpCount - <==      Total: 1
2026-06-05 21:01:31.467 [http-nio-8080-exec-8] DEBUG com.company.demo.mapper.UserMapper.selectList - ==>  Preparing: SELECT id,name,age FROM user ORDER BY id DESC LIMIT ?
2026-06-05 21:01:31.468 [http-nio-8080-exec-8] DEBUG com.company.demo.mapper.UserMapper.selectList - ==> Parameters: 10(Long)
2026-06-05 21:01:31.469 [http-nio-8080-exec-8] DEBUG com.company.demo.mapper.UserMapper.selectList - <==      Total: 10
2026-06-05 21:01:31.469 [http-nio-8080-exec-8] INFO  com.company.demo.aspect.LogAspect - 【请求结束】 {"耗时":"9ms","操作":"分页查询用户","返回结果":"{\"code\":200,\"message\":\"成功\",\"data\":{\"records\":[{\"id\":36,\"name\":\"赵鹏\",\"age\":38},{\"id\":35,\"name\":\"张丽\",\"age\":36},{\"id\":34,\"name\":\"李强\",\"age\":34},{\"id\":33,\"name\":\"王磊\",\"age\":32},{\"id\":32,\"name\":\"陈飞\",\"age\":30},{\"id\":31,\"name\":\"刘娜\",\"age\":28},{\"id\":30,\"name\":\"黄娟\",\"age\":26},{\"id\":29,\"name\":\"徐静\",\"age\":24},{\"id\":28,\"name\":\"宋雪\",\"age\":22},{\"id\":27,\"name\":\"孙阳\",\"age\":20}],\"total\":31,\"size\":10,\"current\":1,\"pages\":4}}"}
2026-06-05 21:01:32.227 [http-nio-8080-exec-10] INFO  com.company.demo.aspect.LogAspect - 【请求开始】 {"方法":"UserController.listUserByPage","时间":"2026-06-05 21:01:32","操作":"分页查询用户","IP":"0:0:0:0:0:0:0:1","请求参数":"[1,10,null]","URL":"http://localhost:8080/api/user/page"}
2026-06-05 21:01:32.232 [http-nio-8080-exec-10] DEBUG c.c.demo.mapper.UserMapper.selectList_mpCount - ==>  Preparing: SELECT COUNT(*) AS total FROM user
2026-06-05 21:01:32.233 [http-nio-8080-exec-10] DEBUG c.c.demo.mapper.UserMapper.selectList_mpCount - ==> Parameters: 
2026-06-05 21:01:32.235 [http-nio-8080-exec-10] DEBUG c.c.demo.mapper.UserMapper.selectList_mpCount - <==      Total: 1
2026-06-05 21:01:32.235 [http-nio-8080-exec-10] DEBUG com.company.demo.mapper.UserMapper.selectList - ==>  Preparing: SELECT id,name,age FROM user ORDER BY id DESC LIMIT ?
2026-06-05 21:01:32.236 [http-nio-8080-exec-10] DEBUG com.company.demo.mapper.UserMapper.selectList - ==> Parameters: 10(Long)
2026-06-05 21:01:32.238 [http-nio-8080-exec-10] DEBUG com.company.demo.mapper.UserMapper.selectList - <==      Total: 10
2026-06-05 21:01:32.239 [http-nio-8080-exec-10] INFO  com.company.demo.aspect.LogAspect - 【请求结束】 {"耗时":"12ms","操作":"分页查询用户","返回结果":"{\"code\":200,\"message\":\"成功\",\"data\":{\"records\":[{\"id\":36,\"name\":\"赵鹏\",\"age\":38},{\"id\":35,\"name\":\"张丽\",\"age\":36},{\"id\":34,\"name\":\"李强\",\"age\":34},{\"id\":33,\"name\":\"王磊\",\"age\":32},{\"id\":32,\"name\":\"陈飞\",\"age\":30},{\"id\":31,\"name\":\"刘娜\",\"age\":28},{\"id\":30,\"name\":\"黄娟\",\"age\":26},{\"id\":29,\"name\":\"徐静\",\"age\":24},{\"id\":28,\"name\":\"宋雪\",\"age\":22},{\"id\":27,\"name\":\"孙阳\",\"age\":20}],\"total\":31,\"size\":10,\"current\":1,\"pages\":4}}"}
2026-06-05 21:03:31.507 [SpringApplicationShutdownHook] INFO  org.springframework.boot.tomcat.GracefulShutdown - Commencing graceful shutdown. Waiting for active requests to complete
2026-06-05 21:03:31.539 [tomcat-shutdown] INFO  org.springframework.boot.tomcat.GracefulShutdown - Graceful shutdown complete
2026-06-05 21:03:31.552 [SpringApplicationShutdownHook] INFO  com.zaxxer.hikari.HikariDataSource - HikariPool-1 - Shutdown initiated...
2026-06-05 21:03:31.557 [SpringApplicationShutdownHook] INFO  com.zaxxer.hikari.HikariDataSource - HikariPool-1 - Shutdown completed.
2026-06-05 21:03:34.871 [restartedMain] INFO  com.company.demo.DemoApplication - Starting DemoApplication using Java 17.0.19 with PID 32448 (D:\Work\Workspace\demo\target\classes started by jiaolei in D:\Work\Workspace\demo)
2026-06-05 21:03:34.873 [restartedMain] DEBUG com.company.demo.DemoApplication - Running with Spring Boot v4.0.6, Spring v7.0.7
2026-06-05 21:03:34.874 [restartedMain] INFO  com.company.demo.DemoApplication - No active profile set, falling back to 1 default profile: "default"
2026-06-05 21:03:34.913 [restartedMain] INFO  o.s.b.d.env.DevToolsPropertyDefaultsPostProcessor - Devtools property defaults active! Set 'spring.devtools.add-properties' to 'false' to disable
2026-06-05 21:03:34.913 [restartedMain] INFO  o.s.b.d.env.DevToolsPropertyDefaultsPostProcessor - For additional web related logging consider setting the 'logging.level.web' property to 'DEBUG'
2026-06-05 21:03:35.444 [restartedMain] INFO  o.s.d.r.config.RepositoryConfigurationDelegate - Multiple Spring Data modules found, entering strict repository configuration mode
2026-06-05 21:03:35.446 [restartedMain] INFO  o.s.d.r.config.RepositoryConfigurationDelegate - Bootstrapping Spring Data Redis repositories in DEFAULT mode.
2026-06-05 21:03:35.471 [restartedMain] INFO  o.s.d.r.config.RepositoryConfigurationDelegate - Finished Spring Data repository scanning in 12 ms. Found 0 Redis repository interfaces.
2026-06-05 21:03:36.041 [restartedMain] INFO  org.springframework.boot.tomcat.TomcatWebServer - Tomcat initialized with port 8080 (http)
2026-06-05 21:03:36.052 [restartedMain] INFO  org.apache.catalina.core.StandardService - Starting service [Tomcat]
2026-06-05 21:03:36.052 [restartedMain] INFO  org.apache.catalina.core.StandardEngine - Starting Servlet engine: [Apache Tomcat/11.0.21]
2026-06-05 21:03:36.107 [restartedMain] INFO  o.s.b.w.c.servlet.WebApplicationContextInitializer - Root WebApplicationContext: initialization completed in 1194 ms
2026-06-05 21:03:37.096 [restartedMain] INFO  c.b.m.e.spring.MybatisPlusApplicationContextAware - Register ApplicationContext instances org.springframework.boot.web.server.servlet.context.AnnotationConfigServletWebServerApplicationContext@36e36b9b
2026-06-05 21:03:37.313 [restartedMain] INFO  org.springframework.boot.tomcat.TomcatWebServer - Tomcat started on port 8080 (http) with context path '/'
2026-06-05 21:03:37.319 [restartedMain] INFO  com.company.demo.DemoApplication - Started DemoApplication in 2.744 seconds (process running for 3.258)
2026-06-05 21:03:46.205 [http-nio-8080-exec-1] INFO  o.a.c.core.ContainerBase.[Tomcat].[localhost].[/] - Initializing Spring DispatcherServlet 'dispatcherServlet'
2026-06-05 21:03:46.206 [http-nio-8080-exec-1] INFO  org.springframework.web.servlet.DispatcherServlet - Initializing Servlet 'dispatcherServlet'
2026-06-05 21:03:46.207 [http-nio-8080-exec-1] INFO  org.springframework.web.servlet.DispatcherServlet - Completed initialization in 1 ms
2026-06-05 21:03:46.261 [http-nio-8080-exec-1] INFO  com.company.demo.aspect.LogAspect - 【请求开始】 {"方法":"UserController.listUserByPage","时间":"2026-06-05 21:03:46","操作":"分页查询用户","IP":"0:0:0:0:0:0:0:1","请求参数":"[1,10,null]","URL":"http://localhost:8080/api/user/page"}
2026-06-05 21:03:46.413 [http-nio-8080-exec-1] INFO  com.zaxxer.hikari.HikariDataSource - HikariPool-1 - Starting...
2026-06-05 21:03:46.538 [http-nio-8080-exec-1] INFO  com.zaxxer.hikari.pool.HikariPool - HikariPool-1 - Added connection com.mysql.cj.jdbc.ConnectionImpl@78205a1a
2026-06-05 21:03:46.539 [http-nio-8080-exec-1] INFO  com.zaxxer.hikari.HikariDataSource - HikariPool-1 - Start completed.
2026-06-05 21:03:46.545 [http-nio-8080-exec-1] DEBUG c.c.demo.mapper.UserMapper.selectList_mpCount - ==>  Preparing: SELECT COUNT(*) AS total FROM user
2026-06-05 21:03:46.561 [http-nio-8080-exec-1] DEBUG c.c.demo.mapper.UserMapper.selectList_mpCount - ==> Parameters: 
2026-06-05 21:03:46.585 [http-nio-8080-exec-1] DEBUG c.c.demo.mapper.UserMapper.selectList_mpCount - <==      Total: 1
2026-06-05 21:03:46.590 [http-nio-8080-exec-1] DEBUG com.company.demo.mapper.UserMapper.selectList - ==>  Preparing: SELECT id,name,age FROM user ORDER BY id DESC LIMIT ?
2026-06-05 21:03:46.590 [http-nio-8080-exec-1] DEBUG com.company.demo.mapper.UserMapper.selectList - ==> Parameters: 10(Long)
2026-06-05 21:03:46.592 [http-nio-8080-exec-1] DEBUG com.company.demo.mapper.UserMapper.selectList - <==      Total: 10
2026-06-05 21:03:46.618 [http-nio-8080-exec-1] INFO  com.company.demo.aspect.LogAspect - 【请求结束】 {"耗时":"335ms","操作":"分页查询用户","返回结果":"{\"code\":200,\"message\":\"成功\",\"data\":{\"records\":[{\"id\":36,\"name\":\"赵鹏\",\"age\":38},{\"id\":35,\"name\":\"张丽\",\"age\":36},{\"id\":34,\"name\":\"李强\",\"age\":34},{\"id\":33,\"name\":\"王磊\",\"age\":32},{\"id\":32,\"name\":\"陈飞\",\"age\":30},{\"id\":31,\"name\":\"刘娜\",\"age\":28},{\"id\":30,\"name\":\"黄娟\",\"age\":26},{\"id\":29,\"name\":\"徐静\",\"age\":24},{\"id\":28,\"name\":\"宋雪\",\"age\":22},{\"id\":27,\"name\":\"孙阳\",\"age\":20}],\"total\":31,\"size\":10,\"current\":1,\"pages\":4}}"}
2026-06-05 21:03:49.582 [http-nio-8080-exec-9] INFO  com.company.demo.aspect.LogAspect - 【请求开始】 {"方法":"UserController.listUserByPage","时间":"2026-06-05 21:03:49","操作":"分页查询用户","IP":"0:0:0:0:0:0:0:1","请求参数":"[1,10,null]","URL":"http://localhost:8080/api/user/page"}
2026-06-05 21:03:49.587 [http-nio-8080-exec-9] DEBUG c.c.demo.mapper.UserMapper.selectList_mpCount - ==>  Preparing: SELECT COUNT(*) AS total FROM user
2026-06-05 21:03:49.587 [http-nio-8080-exec-9] DEBUG c.c.demo.mapper.UserMapper.selectList_mpCount - ==> Parameters: 
2026-06-05 21:03:49.589 [http-nio-8080-exec-9] DEBUG c.c.demo.mapper.UserMapper.selectList_mpCount - <==      Total: 1
2026-06-05 21:03:49.589 [http-nio-8080-exec-9] DEBUG com.company.demo.mapper.UserMapper.selectList - ==>  Preparing: SELECT id,name,age FROM user ORDER BY id DESC LIMIT ?
2026-06-05 21:03:49.589 [http-nio-8080-exec-9] DEBUG com.company.demo.mapper.UserMapper.selectList - ==> Parameters: 10(Long)
2026-06-05 21:03:49.591 [http-nio-8080-exec-9] DEBUG com.company.demo.mapper.UserMapper.selectList - <==      Total: 10
2026-06-05 21:03:49.592 [http-nio-8080-exec-9] INFO  com.company.demo.aspect.LogAspect - 【请求结束】 {"耗时":"10ms","操作":"分页查询用户","返回结果":"{\"code\":200,\"message\":\"成功\",\"data\":{\"records\":[{\"id\":36,\"name\":\"赵鹏\",\"age\":38},{\"id\":35,\"name\":\"张丽\",\"age\":36},{\"id\":34,\"name\":\"李强\",\"age\":34},{\"id\":33,\"name\":\"王磊\",\"age\":32},{\"id\":32,\"name\":\"陈飞\",\"age\":30},{\"id\":31,\"name\":\"刘娜\",\"age\":28},{\"id\":30,\"name\":\"黄娟\",\"age\":26},{\"id\":29,\"name\":\"徐静\",\"age\":24},{\"id\":28,\"name\":\"宋雪\",\"age\":22},{\"id\":27,\"name\":\"孙阳\",\"age\":20}],\"total\":31,\"size\":10,\"current\":1,\"pages\":4}}"}
2026-06-05 21:03:50.316 [http-nio-8080-exec-4] INFO  com.company.demo.aspect.LogAspect - 【请求开始】 {"方法":"UserController.listUserByPage","时间":"2026-06-05 21:03:50","操作":"分页查询用户","IP":"0:0:0:0:0:0:0:1","请求参数":"[1,10,null]","URL":"http://localhost:8080/api/user/page"}
2026-06-05 21:03:50.321 [http-nio-8080-exec-4] DEBUG c.c.demo.mapper.UserMapper.selectList_mpCount - ==>  Preparing: SELECT COUNT(*) AS total FROM user
2026-06-05 21:03:50.321 [http-nio-8080-exec-4] DEBUG c.c.demo.mapper.UserMapper.selectList_mpCount - ==> Parameters: 
2026-06-05 21:03:50.323 [http-nio-8080-exec-4] DEBUG c.c.demo.mapper.UserMapper.selectList_mpCount - <==      Total: 1
2026-06-05 21:03:50.323 [http-nio-8080-exec-4] DEBUG com.company.demo.mapper.UserMapper.selectList - ==>  Preparing: SELECT id,name,age FROM user ORDER BY id DESC LIMIT ?
2026-06-05 21:03:50.323 [http-nio-8080-exec-4] DEBUG com.company.demo.mapper.UserMapper.selectList - ==> Parameters: 10(Long)
2026-06-05 21:03:50.324 [http-nio-8080-exec-4] DEBUG com.company.demo.mapper.UserMapper.selectList - <==      Total: 10
2026-06-05 21:03:50.325 [http-nio-8080-exec-4] INFO  com.company.demo.aspect.LogAspect - 【请求结束】 {"耗时":"8ms","操作":"分页查询用户","返回结果":"{\"code\":200,\"message\":\"成功\",\"data\":{\"records\":[{\"id\":36,\"name\":\"赵鹏\",\"age\":38},{\"id\":35,\"name\":\"张丽\",\"age\":36},{\"id\":34,\"name\":\"李强\",\"age\":34},{\"id\":33,\"name\":\"王磊\",\"age\":32},{\"id\":32,\"name\":\"陈飞\",\"age\":30},{\"id\":31,\"name\":\"刘娜\",\"age\":28},{\"id\":30,\"name\":\"黄娟\",\"age\":26},{\"id\":29,\"name\":\"徐静\",\"age\":24},{\"id\":28,\"name\":\"宋雪\",\"age\":22},{\"id\":27,\"name\":\"孙阳\",\"age\":20}],\"total\":31,\"size\":10,\"current\":1,\"pages\":4}}"}
2026-06-05 21:03:50.789 [http-nio-8080-exec-5] INFO  com.company.demo.aspect.LogAspect - 【请求开始】 {"方法":"UserController.listUserByPage","时间":"2026-06-05 21:03:50","操作":"分页查询用户","IP":"0:0:0:0:0:0:0:1","请求参数":"[1,10,null]","URL":"http://localhost:8080/api/user/page"}
2026-06-05 21:03:50.792 [http-nio-8080-exec-5] DEBUG c.c.demo.mapper.UserMapper.selectList_mpCount - ==>  Preparing: SELECT COUNT(*) AS total FROM user
2026-06-05 21:03:50.792 [http-nio-8080-exec-5] DEBUG c.c.demo.mapper.UserMapper.selectList_mpCount - ==> Parameters: 
2026-06-05 21:03:50.794 [http-nio-8080-exec-5] DEBUG c.c.demo.mapper.UserMapper.selectList_mpCount - <==      Total: 1
2026-06-05 21:03:50.795 [http-nio-8080-exec-5] DEBUG com.company.demo.mapper.UserMapper.selectList - ==>  Preparing: SELECT id,name,age FROM user ORDER BY id DESC LIMIT ?
2026-06-05 21:03:50.795 [http-nio-8080-exec-5] DEBUG com.company.demo.mapper.UserMapper.selectList - ==> Parameters: 10(Long)
2026-06-05 21:03:50.796 [http-nio-8080-exec-5] DEBUG com.company.demo.mapper.UserMapper.selectList - <==      Total: 10
2026-06-05 21:03:50.796 [http-nio-8080-exec-5] INFO  com.company.demo.aspect.LogAspect - 【请求结束】 {"耗时":"7ms","操作":"分页查询用户","返回结果":"{\"code\":200,\"message\":\"成功\",\"data\":{\"records\":[{\"id\":36,\"name\":\"赵鹏\",\"age\":38},{\"id\":35,\"name\":\"张丽\",\"age\":36},{\"id\":34,\"name\":\"李强\",\"age\":34},{\"id\":33,\"name\":\"王磊\",\"age\":32},{\"id\":32,\"name\":\"陈飞\",\"age\":30},{\"id\":31,\"name\":\"刘娜\",\"age\":28},{\"id\":30,\"name\":\"黄娟\",\"age\":26},{\"id\":29,\"name\":\"徐静\",\"age\":24},{\"id\":28,\"name\":\"宋雪\",\"age\":22},{\"id\":27,\"name\":\"孙阳\",\"age\":20}],\"total\":31,\"size\":10,\"current\":1,\"pages\":4}}"}
2026-06-05 21:03:51.197 [http-nio-8080-exec-6] INFO  com.company.demo.aspect.LogAspect - 【请求开始】 {"方法":"UserController.listUserByPage","时间":"2026-06-05 21:03:51","操作":"分页查询用户","IP":"0:0:0:0:0:0:0:1","请求参数":"[1,10,null]","URL":"http://localhost:8080/api/user/page"}
2026-06-05 21:03:51.200 [http-nio-8080-exec-6] DEBUG c.c.demo.mapper.UserMapper.selectList_mpCount - ==>  Preparing: SELECT COUNT(*) AS total FROM user
2026-06-05 21:03:51.201 [http-nio-8080-exec-6] DEBUG c.c.demo.mapper.UserMapper.selectList_mpCount - ==> Parameters: 
2026-06-05 21:03:51.203 [http-nio-8080-exec-6] DEBUG c.c.demo.mapper.UserMapper.selectList_mpCount - <==      Total: 1
2026-06-05 21:03:51.203 [http-nio-8080-exec-6] DEBUG com.company.demo.mapper.UserMapper.selectList - ==>  Preparing: SELECT id,name,age FROM user ORDER BY id DESC LIMIT ?
2026-06-05 21:03:51.203 [http-nio-8080-exec-6] DEBUG com.company.demo.mapper.UserMapper.selectList - ==> Parameters: 10(Long)
2026-06-05 21:03:51.204 [http-nio-8080-exec-6] DEBUG com.company.demo.mapper.UserMapper.selectList - <==      Total: 10
2026-06-05 21:03:51.205 [http-nio-8080-exec-6] INFO  com.company.demo.aspect.LogAspect - 【请求结束】 {"耗时":"8ms","操作":"分页查询用户","返回结果":"{\"code\":200,\"message\":\"成功\",\"data\":{\"records\":[{\"id\":36,\"name\":\"赵鹏\",\"age\":38},{\"id\":35,\"name\":\"张丽\",\"age\":36},{\"id\":34,\"name\":\"李强\",\"age\":34},{\"id\":33,\"name\":\"王磊\",\"age\":32},{\"id\":32,\"name\":\"陈飞\",\"age\":30},{\"id\":31,\"name\":\"刘娜\",\"age\":28},{\"id\":30,\"name\":\"黄娟\",\"age\":26},{\"id\":29,\"name\":\"徐静\",\"age\":24},{\"id\":28,\"name\":\"宋雪\",\"age\":22},{\"id\":27,\"name\":\"孙阳\",\"age\":20}],\"total\":31,\"size\":10,\"current\":1,\"pages\":4}}"}
2026-06-05 21:03:51.633 [http-nio-8080-exec-7] INFO  com.company.demo.aspect.LogAspect - 【请求开始】 {"方法":"UserController.listUserByPage","时间":"2026-06-05 21:03:51","操作":"分页查询用户","IP":"0:0:0:0:0:0:0:1","请求参数":"[1,10,null]","URL":"http://localhost:8080/api/user/page"}
2026-06-05 21:03:51.636 [http-nio-8080-exec-7] DEBUG c.c.demo.mapper.UserMapper.selectList_mpCount - ==>  Preparing: SELECT COUNT(*) AS total FROM user
2026-06-05 21:03:51.637 [http-nio-8080-exec-7] DEBUG c.c.demo.mapper.UserMapper.selectList_mpCount - ==> Parameters: 
2026-06-05 21:03:51.639 [http-nio-8080-exec-7] DEBUG c.c.demo.mapper.UserMapper.selectList_mpCount - <==      Total: 1
2026-06-05 21:03:51.639 [http-nio-8080-exec-7] DEBUG com.company.demo.mapper.UserMapper.selectList - ==>  Preparing: SELECT id,name,age FROM user ORDER BY id DESC LIMIT ?
2026-06-05 21:03:51.639 [http-nio-8080-exec-7] DEBUG com.company.demo.mapper.UserMapper.selectList - ==> Parameters: 10(Long)
2026-06-05 21:03:51.640 [http-nio-8080-exec-7] DEBUG com.company.demo.mapper.UserMapper.selectList - <==      Total: 10
2026-06-05 21:03:51.640 [http-nio-8080-exec-7] INFO  com.company.demo.aspect.LogAspect - 【请求结束】 {"耗时":"7ms","操作":"分页查询用户","返回结果":"{\"code\":200,\"message\":\"成功\",\"data\":{\"records\":[{\"id\":36,\"name\":\"赵鹏\",\"age\":38},{\"id\":35,\"name\":\"张丽\",\"age\":36},{\"id\":34,\"name\":\"李强\",\"age\":34},{\"id\":33,\"name\":\"王磊\",\"age\":32},{\"id\":32,\"name\":\"陈飞\",\"age\":30},{\"id\":31,\"name\":\"刘娜\",\"age\":28},{\"id\":30,\"name\":\"黄娟\",\"age\":26},{\"id\":29,\"name\":\"徐静\",\"age\":24},{\"id\":28,\"name\":\"宋雪\",\"age\":22},{\"id\":27,\"name\":\"孙阳\",\"age\":20}],\"total\":31,\"size\":10,\"current\":1,\"pages\":4}}"}
2026-06-05 21:03:52.475 [http-nio-8080-exec-8] INFO  com.company.demo.aspect.LogAspect - 【请求开始】 {"方法":"UserController.listUserByPage","时间":"2026-06-05 21:03:52","操作":"分页查询用户","IP":"0:0:0:0:0:0:0:1","请求参数":"[1,10,null]","URL":"http://localhost:8080/api/user/page"}
2026-06-05 21:03:52.480 [http-nio-8080-exec-8] DEBUG c.c.demo.mapper.UserMapper.selectList_mpCount - ==>  Preparing: SELECT COUNT(*) AS total FROM user
2026-06-05 21:03:52.480 [http-nio-8080-exec-8] DEBUG c.c.demo.mapper.UserMapper.selectList_mpCount - ==> Parameters: 
2026-06-05 21:03:52.484 [http-nio-8080-exec-8] DEBUG c.c.demo.mapper.UserMapper.selectList_mpCount - <==      Total: 1
2026-06-05 21:03:52.484 [http-nio-8080-exec-8] DEBUG com.company.demo.mapper.UserMapper.selectList - ==>  Preparing: SELECT id,name,age FROM user ORDER BY id DESC LIMIT ?
2026-06-05 21:03:52.485 [http-nio-8080-exec-8] DEBUG com.company.demo.mapper.UserMapper.selectList - ==> Parameters: 10(Long)
2026-06-05 21:03:52.486 [http-nio-8080-exec-8] DEBUG com.company.demo.mapper.UserMapper.selectList - <==      Total: 10
2026-06-05 21:03:52.487 [http-nio-8080-exec-8] INFO  com.company.demo.aspect.LogAspect - 【请求结束】 {"耗时":"11ms","操作":"分页查询用户","返回结果":"{\"code\":200,\"message\":\"成功\",\"data\":{\"records\":[{\"id\":36,\"name\":\"赵鹏\",\"age\":38},{\"id\":35,\"name\":\"张丽\",\"age\":36},{\"id\":34,\"name\":\"李强\",\"age\":34},{\"id\":33,\"name\":\"王磊\",\"age\":32},{\"id\":32,\"name\":\"陈飞\",\"age\":30},{\"id\":31,\"name\":\"刘娜\",\"age\":28},{\"id\":30,\"name\":\"黄娟\",\"age\":26},{\"id\":29,\"name\":\"徐静\",\"age\":24},{\"id\":28,\"name\":\"宋雪\",\"age\":22},{\"id\":27,\"name\":\"孙阳\",\"age\":20}],\"total\":31,\"size\":10,\"current\":1,\"pages\":4}}"}
2026-06-05 21:03:53.193 [http-nio-8080-exec-2] INFO  com.company.demo.aspect.LogAspect - 【请求开始】 {"方法":"UserController.listUserByPage","时间":"2026-06-05 21:03:53","操作":"分页查询用户","IP":"0:0:0:0:0:0:0:1","请求参数":"[1,10,null]","URL":"http://localhost:8080/api/user/page"}
2026-06-05 21:03:53.197 [http-nio-8080-exec-2] DEBUG c.c.demo.mapper.UserMapper.selectList_mpCount - ==>  Preparing: SELECT COUNT(*) AS total FROM user
2026-06-05 21:03:53.197 [http-nio-8080-exec-2] DEBUG c.c.demo.mapper.UserMapper.selectList_mpCount - ==> Parameters: 
2026-06-05 21:03:53.200 [http-nio-8080-exec-2] DEBUG c.c.demo.mapper.UserMapper.selectList_mpCount - <==      Total: 1
2026-06-05 21:03:53.201 [http-nio-8080-exec-2] DEBUG com.company.demo.mapper.UserMapper.selectList - ==>  Preparing: SELECT id,name,age FROM user ORDER BY id DESC LIMIT ?
2026-06-05 21:03:53.201 [http-nio-8080-exec-2] DEBUG com.company.demo.mapper.UserMapper.selectList - ==> Parameters: 10(Long)
2026-06-05 21:03:53.203 [http-nio-8080-exec-2] DEBUG com.company.demo.mapper.UserMapper.selectList - <==      Total: 10
2026-06-05 21:03:53.204 [http-nio-8080-exec-2] INFO  com.company.demo.aspect.LogAspect - 【请求结束】 {"耗时":"11ms","操作":"分页查询用户","返回结果":"{\"code\":200,\"message\":\"成功\",\"data\":{\"records\":[{\"id\":36,\"name\":\"赵鹏\",\"age\":38},{\"id\":35,\"name\":\"张丽\",\"age\":36},{\"id\":34,\"name\":\"李强\",\"age\":34},{\"id\":33,\"name\":\"王磊\",\"age\":32},{\"id\":32,\"name\":\"陈飞\",\"age\":30},{\"id\":31,\"name\":\"刘娜\",\"age\":28},{\"id\":30,\"name\":\"黄娟\",\"age\":26},{\"id\":29,\"name\":\"徐静\",\"age\":24},{\"id\":28,\"name\":\"宋雪\",\"age\":22},{\"id\":27,\"name\":\"孙阳\",\"age\":20}],\"total\":31,\"size\":10,\"current\":1,\"pages\":4}}"}
2026-06-05 21:03:53.925 [http-nio-8080-exec-10] INFO  com.company.demo.aspect.LogAspect - 【请求开始】 {"方法":"UserController.listUserByPage","时间":"2026-06-05 21:03:53","操作":"分页查询用户","IP":"0:0:0:0:0:0:0:1","请求参数":"[1,10,null]","URL":"http://localhost:8080/api/user/page"}
2026-06-05 21:03:53.928 [http-nio-8080-exec-10] DEBUG c.c.demo.mapper.UserMapper.selectList_mpCount - ==>  Preparing: SELECT COUNT(*) AS total FROM user
2026-06-05 21:03:53.929 [http-nio-8080-exec-10] DEBUG c.c.demo.mapper.UserMapper.selectList_mpCount - ==> Parameters: 
2026-06-05 21:03:53.932 [http-nio-8080-exec-10] DEBUG c.c.demo.mapper.UserMapper.selectList_mpCount - <==      Total: 1
2026-06-05 21:03:53.932 [http-nio-8080-exec-10] DEBUG com.company.demo.mapper.UserMapper.selectList - ==>  Preparing: SELECT id,name,age FROM user ORDER BY id DESC LIMIT ?
2026-06-05 21:03:53.932 [http-nio-8080-exec-10] DEBUG com.company.demo.mapper.UserMapper.selectList - ==> Parameters: 10(Long)
2026-06-05 21:03:53.933 [http-nio-8080-exec-10] DEBUG com.company.demo.mapper.UserMapper.selectList - <==      Total: 10
2026-06-05 21:03:53.934 [http-nio-8080-exec-10] INFO  com.company.demo.aspect.LogAspect - 【请求结束】 {"耗时":"9ms","操作":"分页查询用户","返回结果":"{\"code\":200,\"message\":\"成功\",\"data\":{\"records\":[{\"id\":36,\"name\":\"赵鹏\",\"age\":38},{\"id\":35,\"name\":\"张丽\",\"age\":36},{\"id\":34,\"name\":\"李强\",\"age\":34},{\"id\":33,\"name\":\"王磊\",\"age\":32},{\"id\":32,\"name\":\"陈飞\",\"age\":30},{\"id\":31,\"name\":\"刘娜\",\"age\":28},{\"id\":30,\"name\":\"黄娟\",\"age\":26},{\"id\":29,\"name\":\"徐静\",\"age\":24},{\"id\":28,\"name\":\"宋雪\",\"age\":22},{\"id\":27,\"name\":\"孙阳\",\"age\":20}],\"total\":31,\"size\":10,\"current\":1,\"pages\":4}}"}
2026-06-05 21:03:54.946 [http-nio-8080-exec-3] INFO  com.company.demo.aspect.LogAspect - 【请求开始】 {"方法":"UserController.listUserByPage","时间":"2026-06-05 21:03:54","操作":"分页查询用户","IP":"0:0:0:0:0:0:0:1","请求参数":"[1,10,null]","URL":"http://localhost:8080/api/user/page"}
2026-06-05 21:03:54.952 [http-nio-8080-exec-3] DEBUG c.c.demo.mapper.UserMapper.selectList_mpCount - ==>  Preparing: SELECT COUNT(*) AS total FROM user
2026-06-05 21:03:54.952 [http-nio-8080-exec-3] DEBUG c.c.demo.mapper.UserMapper.selectList_mpCount - ==> Parameters: 
2026-06-05 21:03:54.954 [http-nio-8080-exec-3] DEBUG c.c.demo.mapper.UserMapper.selectList_mpCount - <==      Total: 1
2026-06-05 21:03:54.955 [http-nio-8080-exec-3] DEBUG com.company.demo.mapper.UserMapper.selectList - ==>  Preparing: SELECT id,name,age FROM user ORDER BY id DESC LIMIT ?
2026-06-05 21:03:54.955 [http-nio-8080-exec-3] DEBUG com.company.demo.mapper.UserMapper.selectList - ==> Parameters: 10(Long)
2026-06-05 21:03:54.957 [http-nio-8080-exec-3] DEBUG com.company.demo.mapper.UserMapper.selectList - <==      Total: 10
2026-06-05 21:03:54.957 [http-nio-8080-exec-3] INFO  com.company.demo.aspect.LogAspect - 【请求结束】 {"耗时":"11ms","操作":"分页查询用户","返回结果":"{\"code\":200,\"message\":\"成功\",\"data\":{\"records\":[{\"id\":36,\"name\":\"赵鹏\",\"age\":38},{\"id\":35,\"name\":\"张丽\",\"age\":36},{\"id\":34,\"name\":\"李强\",\"age\":34},{\"id\":33,\"name\":\"王磊\",\"age\":32},{\"id\":32,\"name\":\"陈飞\",\"age\":30},{\"id\":31,\"name\":\"刘娜\",\"age\":28},{\"id\":30,\"name\":\"黄娟\",\"age\":26},{\"id\":29,\"name\":\"徐静\",\"age\":24},{\"id\":28,\"name\":\"宋雪\",\"age\":22},{\"id\":27,\"name\":\"孙阳\",\"age\":20}],\"total\":31,\"size\":10,\"current\":1,\"pages\":4}}"}
2026-06-05 21:03:56.151 [http-nio-8080-exec-1] INFO  com.company.demo.aspect.LogAspect - 【请求开始】 {"方法":"UserController.listUserByPage","时间":"2026-06-05 21:03:56","操作":"分页查询用户","IP":"0:0:0:0:0:0:0:1","请求参数":"[1,10,null]","URL":"http://localhost:8080/api/user/page"}
2026-06-05 21:03:56.154 [http-nio-8080-exec-1] DEBUG c.c.demo.mapper.UserMapper.selectList_mpCount - ==>  Preparing: SELECT COUNT(*) AS total FROM user
2026-06-05 21:03:56.154 [http-nio-8080-exec-1] DEBUG c.c.demo.mapper.UserMapper.selectList_mpCount - ==> Parameters: 
2026-06-05 21:03:56.156 [http-nio-8080-exec-1] DEBUG c.c.demo.mapper.UserMapper.selectList_mpCount - <==      Total: 1
2026-06-05 21:03:56.157 [http-nio-8080-exec-1] DEBUG com.company.demo.mapper.UserMapper.selectList - ==>  Preparing: SELECT id,name,age FROM user ORDER BY id DESC LIMIT ?
2026-06-05 21:03:56.157 [http-nio-8080-exec-1] DEBUG com.company.demo.mapper.UserMapper.selectList - ==> Parameters: 10(Long)
2026-06-05 21:03:56.158 [http-nio-8080-exec-1] DEBUG com.company.demo.mapper.UserMapper.selectList - <==      Total: 10
2026-06-05 21:03:56.158 [http-nio-8080-exec-1] INFO  com.company.demo.aspect.LogAspect - 【请求结束】 {"耗时":"7ms","操作":"分页查询用户","返回结果":"{\"code\":200,\"message\":\"成功\",\"data\":{\"records\":[{\"id\":36,\"name\":\"赵鹏\",\"age\":38},{\"id\":35,\"name\":\"张丽\",\"age\":36},{\"id\":34,\"name\":\"李强\",\"age\":34},{\"id\":33,\"name\":\"王磊\",\"age\":32},{\"id\":32,\"name\":\"陈飞\",\"age\":30},{\"id\":31,\"name\":\"刘娜\",\"age\":28},{\"id\":30,\"name\":\"黄娟\",\"age\":26},{\"id\":29,\"name\":\"徐静\",\"age\":24},{\"id\":28,\"name\":\"宋雪\",\"age\":22},{\"id\":27,\"name\":\"孙阳\",\"age\":20}],\"total\":31,\"size\":10,\"current\":1,\"pages\":4}}"}
2026-06-05 21:03:58.609 [http-nio-8080-exec-9] INFO  com.company.demo.aspect.LogAspect - 【请求开始】 {"方法":"UserController.listUserByPage","时间":"2026-06-05 21:03:58","操作":"分页查询用户","IP":"0:0:0:0:0:0:0:1","请求参数":"[1,10,null]","URL":"http://localhost:8080/api/user/page"}
2026-06-05 21:03:58.612 [http-nio-8080-exec-9] DEBUG c.c.demo.mapper.UserMapper.selectList_mpCount - ==>  Preparing: SELECT COUNT(*) AS total FROM user
2026-06-05 21:03:58.612 [http-nio-8080-exec-9] DEBUG c.c.demo.mapper.UserMapper.selectList_mpCount - ==> Parameters: 
2026-06-05 21:03:58.614 [http-nio-8080-exec-9] DEBUG c.c.demo.mapper.UserMapper.selectList_mpCount - <==      Total: 1
2026-06-05 21:03:58.615 [http-nio-8080-exec-9] DEBUG com.company.demo.mapper.UserMapper.selectList - ==>  Preparing: SELECT id,name,age FROM user ORDER BY id DESC LIMIT ?
2026-06-05 21:03:58.616 [http-nio-8080-exec-9] DEBUG com.company.demo.mapper.UserMapper.selectList - ==> Parameters: 10(Long)
2026-06-05 21:03:58.617 [http-nio-8080-exec-9] DEBUG com.company.demo.mapper.UserMapper.selectList - <==      Total: 10
2026-06-05 21:03:58.618 [http-nio-8080-exec-9] INFO  com.company.demo.aspect.LogAspect - 【请求结束】 {"耗时":"8ms","操作":"分页查询用户","返回结果":"{\"code\":200,\"message\":\"成功\",\"data\":{\"records\":[{\"id\":36,\"name\":\"赵鹏\",\"age\":38},{\"id\":35,\"name\":\"张丽\",\"age\":36},{\"id\":34,\"name\":\"李强\",\"age\":34},{\"id\":33,\"name\":\"王磊\",\"age\":32},{\"id\":32,\"name\":\"陈飞\",\"age\":30},{\"id\":31,\"name\":\"刘娜\",\"age\":28},{\"id\":30,\"name\":\"黄娟\",\"age\":26},{\"id\":29,\"name\":\"徐静\",\"age\":24},{\"id\":28,\"name\":\"宋雪\",\"age\":22},{\"id\":27,\"name\":\"孙阳\",\"age\":20}],\"total\":31,\"size\":10,\"current\":1,\"pages\":4}}"}
2026-06-05 21:03:59.100 [http-nio-8080-exec-4] INFO  com.company.demo.aspect.LogAspect - 【请求开始】 {"方法":"UserController.listUserByPage","时间":"2026-06-05 21:03:59","操作":"分页查询用户","IP":"0:0:0:0:0:0:0:1","请求参数":"[1,10,null]","URL":"http://localhost:8080/api/user/page"}
2026-06-05 21:03:59.101 [http-nio-8080-exec-4] DEBUG c.c.demo.mapper.UserMapper.selectList_mpCount - ==>  Preparing: SELECT COUNT(*) AS total FROM user
2026-06-05 21:03:59.102 [http-nio-8080-exec-4] DEBUG c.c.demo.mapper.UserMapper.selectList_mpCount - ==> Parameters: 
2026-06-05 21:03:59.103 [http-nio-8080-exec-4] DEBUG c.c.demo.mapper.UserMapper.selectList_mpCount - <==      Total: 1
2026-06-05 21:03:59.103 [http-nio-8080-exec-4] DEBUG com.company.demo.mapper.UserMapper.selectList - ==>  Preparing: SELECT id,name,age FROM user ORDER BY id DESC LIMIT ?
2026-06-05 21:03:59.103 [http-nio-8080-exec-4] DEBUG com.company.demo.mapper.UserMapper.selectList - ==> Parameters: 10(Long)
2026-06-05 21:03:59.104 [http-nio-8080-exec-4] DEBUG com.company.demo.mapper.UserMapper.selectList - <==      Total: 10
2026-06-05 21:03:59.104 [http-nio-8080-exec-4] INFO  com.company.demo.aspect.LogAspect - 【请求结束】 {"耗时":"4ms","操作":"分页查询用户","返回结果":"{\"code\":200,\"message\":\"成功\",\"data\":{\"records\":[{\"id\":36,\"name\":\"赵鹏\",\"age\":38},{\"id\":35,\"name\":\"张丽\",\"age\":36},{\"id\":34,\"name\":\"李强\",\"age\":34},{\"id\":33,\"name\":\"王磊\",\"age\":32},{\"id\":32,\"name\":\"陈飞\",\"age\":30},{\"id\":31,\"name\":\"刘娜\",\"age\":28},{\"id\":30,\"name\":\"黄娟\",\"age\":26},{\"id\":29,\"name\":\"徐静\",\"age\":24},{\"id\":28,\"name\":\"宋雪\",\"age\":22},{\"id\":27,\"name\":\"孙阳\",\"age\":20}],\"total\":31,\"size\":10,\"current\":1,\"pages\":4}}"}
2026-06-05 21:03:59.474 [http-nio-8080-exec-5] INFO  com.company.demo.aspect.LogAspect - 【请求开始】 {"方法":"UserController.listUserByPage","时间":"2026-06-05 21:03:59","操作":"分页查询用户","IP":"0:0:0:0:0:0:0:1","请求参数":"[1,10,null]","URL":"http://localhost:8080/api/user/page"}
2026-06-05 21:03:59.477 [http-nio-8080-exec-5] DEBUG c.c.demo.mapper.UserMapper.selectList_mpCount - ==>  Preparing: SELECT COUNT(*) AS total FROM user
2026-06-05 21:03:59.478 [http-nio-8080-exec-5] DEBUG c.c.demo.mapper.UserMapper.selectList_mpCount - ==> Parameters: 
2026-06-05 21:03:59.480 [http-nio-8080-exec-5] DEBUG c.c.demo.mapper.UserMapper.selectList_mpCount - <==      Total: 1
2026-06-05 21:03:59.481 [http-nio-8080-exec-5] DEBUG com.company.demo.mapper.UserMapper.selectList - ==>  Preparing: SELECT id,name,age FROM user ORDER BY id DESC LIMIT ?
2026-06-05 21:03:59.481 [http-nio-8080-exec-5] DEBUG com.company.demo.mapper.UserMapper.selectList - ==> Parameters: 10(Long)
2026-06-05 21:03:59.483 [http-nio-8080-exec-5] DEBUG com.company.demo.mapper.UserMapper.selectList - <==      Total: 10
2026-06-05 21:03:59.483 [http-nio-8080-exec-5] INFO  com.company.demo.aspect.LogAspect - 【请求结束】 {"耗时":"9ms","操作":"分页查询用户","返回结果":"{\"code\":200,\"message\":\"成功\",\"data\":{\"records\":[{\"id\":36,\"name\":\"赵鹏\",\"age\":38},{\"id\":35,\"name\":\"张丽\",\"age\":36},{\"id\":34,\"name\":\"李强\",\"age\":34},{\"id\":33,\"name\":\"王磊\",\"age\":32},{\"id\":32,\"name\":\"陈飞\",\"age\":30},{\"id\":31,\"name\":\"刘娜\",\"age\":28},{\"id\":30,\"name\":\"黄娟\",\"age\":26},{\"id\":29,\"name\":\"徐静\",\"age\":24},{\"id\":28,\"name\":\"宋雪\",\"age\":22},{\"id\":27,\"name\":\"孙阳\",\"age\":20}],\"total\":31,\"size\":10,\"current\":1,\"pages\":4}}"}
2026-06-05 21:03:59.832 [http-nio-8080-exec-6] INFO  com.company.demo.aspect.LogAspect - 【请求开始】 {"方法":"UserController.listUserByPage","时间":"2026-06-05 21:03:59","操作":"分页查询用户","IP":"0:0:0:0:0:0:0:1","请求参数":"[1,10,null]","URL":"http://localhost:8080/api/user/page"}
2026-06-05 21:03:59.835 [http-nio-8080-exec-6] DEBUG c.c.demo.mapper.UserMapper.selectList_mpCount - ==>  Preparing: SELECT COUNT(*) AS total FROM user
2026-06-05 21:03:59.835 [http-nio-8080-exec-6] DEBUG c.c.demo.mapper.UserMapper.selectList_mpCount - ==> Parameters: 
2026-06-05 21:03:59.838 [http-nio-8080-exec-6] DEBUG c.c.demo.mapper.UserMapper.selectList_mpCount - <==      Total: 1
2026-06-05 21:03:59.838 [http-nio-8080-exec-6] DEBUG com.company.demo.mapper.UserMapper.selectList - ==>  Preparing: SELECT id,name,age FROM user ORDER BY id DESC LIMIT ?
2026-06-05 21:03:59.838 [http-nio-8080-exec-6] DEBUG com.company.demo.mapper.UserMapper.selectList - ==> Parameters: 10(Long)
2026-06-05 21:03:59.839 [http-nio-8080-exec-6] DEBUG com.company.demo.mapper.UserMapper.selectList - <==      Total: 10
2026-06-05 21:03:59.840 [http-nio-8080-exec-6] INFO  com.company.demo.aspect.LogAspect - 【请求结束】 {"耗时":"8ms","操作":"分页查询用户","返回结果":"{\"code\":200,\"message\":\"成功\",\"data\":{\"records\":[{\"id\":36,\"name\":\"赵鹏\",\"age\":38},{\"id\":35,\"name\":\"张丽\",\"age\":36},{\"id\":34,\"name\":\"李强\",\"age\":34},{\"id\":33,\"name\":\"王磊\",\"age\":32},{\"id\":32,\"name\":\"陈飞\",\"age\":30},{\"id\":31,\"name\":\"刘娜\",\"age\":28},{\"id\":30,\"name\":\"黄娟\",\"age\":26},{\"id\":29,\"name\":\"徐静\",\"age\":24},{\"id\":28,\"name\":\"宋雪\",\"age\":22},{\"id\":27,\"name\":\"孙阳\",\"age\":20}],\"total\":31,\"size\":10,\"current\":1,\"pages\":4}}"}
2026-06-05 21:04:00.646 [http-nio-8080-exec-7] INFO  com.company.demo.aspect.LogAspect - 【请求开始】 {"方法":"UserController.listUserByPage","时间":"2026-06-05 21:04:00","操作":"分页查询用户","IP":"0:0:0:0:0:0:0:1","请求参数":"[1,10,null]","URL":"http://localhost:8080/api/user/page"}
2026-06-05 21:04:00.651 [http-nio-8080-exec-7] DEBUG c.c.demo.mapper.UserMapper.selectList_mpCount - ==>  Preparing: SELECT COUNT(*) AS total FROM user
2026-06-05 21:04:00.651 [http-nio-8080-exec-7] DEBUG c.c.demo.mapper.UserMapper.selectList_mpCount - ==> Parameters: 
2026-06-05 21:04:00.653 [http-nio-8080-exec-7] DEBUG c.c.demo.mapper.UserMapper.selectList_mpCount - <==      Total: 1
2026-06-05 21:04:00.653 [http-nio-8080-exec-7] DEBUG com.company.demo.mapper.UserMapper.selectList - ==>  Preparing: SELECT id,name,age FROM user ORDER BY id DESC LIMIT ?
2026-06-05 21:04:00.653 [http-nio-8080-exec-7] DEBUG com.company.demo.mapper.UserMapper.selectList - ==> Parameters: 10(Long)
2026-06-05 21:04:00.654 [http-nio-8080-exec-7] DEBUG com.company.demo.mapper.UserMapper.selectList - <==      Total: 10
2026-06-05 21:04:00.656 [http-nio-8080-exec-7] INFO  com.company.demo.aspect.LogAspect - 【请求结束】 {"耗时":"9ms","操作":"分页查询用户","返回结果":"{\"code\":200,\"message\":\"成功\",\"data\":{\"records\":[{\"id\":36,\"name\":\"赵鹏\",\"age\":38},{\"id\":35,\"name\":\"张丽\",\"age\":36},{\"id\":34,\"name\":\"李强\",\"age\":34},{\"id\":33,\"name\":\"王磊\",\"age\":32},{\"id\":32,\"name\":\"陈飞\",\"age\":30},{\"id\":31,\"name\":\"刘娜\",\"age\":28},{\"id\":30,\"name\":\"黄娟\",\"age\":26},{\"id\":29,\"name\":\"徐静\",\"age\":24},{\"id\":28,\"name\":\"宋雪\",\"age\":22},{\"id\":27,\"name\":\"孙阳\",\"age\":20}],\"total\":31,\"size\":10,\"current\":1,\"pages\":4}}"}
2026-06-05 21:04:01.374 [http-nio-8080-exec-8] INFO  com.company.demo.aspect.LogAspect - 【请求开始】 {"方法":"UserController.listUserByPage","时间":"2026-06-05 21:04:01","操作":"分页查询用户","IP":"0:0:0:0:0:0:0:1","请求参数":"[1,10,null]","URL":"http://localhost:8080/api/user/page"}
2026-06-05 21:04:01.377 [http-nio-8080-exec-8] DEBUG c.c.demo.mapper.UserMapper.selectList_mpCount - ==>  Preparing: SELECT COUNT(*) AS total FROM user
2026-06-05 21:04:01.377 [http-nio-8080-exec-8] DEBUG c.c.demo.mapper.UserMapper.selectList_mpCount - ==> Parameters: 
2026-06-05 21:04:01.379 [http-nio-8080-exec-8] DEBUG c.c.demo.mapper.UserMapper.selectList_mpCount - <==      Total: 1
2026-06-05 21:04:01.380 [http-nio-8080-exec-8] DEBUG com.company.demo.mapper.UserMapper.selectList - ==>  Preparing: SELECT id,name,age FROM user ORDER BY id DESC LIMIT ?
2026-06-05 21:04:01.380 [http-nio-8080-exec-8] DEBUG com.company.demo.mapper.UserMapper.selectList - ==> Parameters: 10(Long)
2026-06-05 21:04:01.381 [http-nio-8080-exec-8] DEBUG com.company.demo.mapper.UserMapper.selectList - <==      Total: 10
2026-06-05 21:04:01.382 [http-nio-8080-exec-8] INFO  com.company.demo.aspect.LogAspect - 【请求结束】 {"耗时":"7ms","操作":"分页查询用户","返回结果":"{\"code\":200,\"message\":\"成功\",\"data\":{\"records\":[{\"id\":36,\"name\":\"赵鹏\",\"age\":38},{\"id\":35,\"name\":\"张丽\",\"age\":36},{\"id\":34,\"name\":\"李强\",\"age\":34},{\"id\":33,\"name\":\"王磊\",\"age\":32},{\"id\":32,\"name\":\"陈飞\",\"age\":30},{\"id\":31,\"name\":\"刘娜\",\"age\":28},{\"id\":30,\"name\":\"黄娟\",\"age\":26},{\"id\":29,\"name\":\"徐静\",\"age\":24},{\"id\":28,\"name\":\"宋雪\",\"age\":22},{\"id\":27,\"name\":\"孙阳\",\"age\":20}],\"total\":31,\"size\":10,\"current\":1,\"pages\":4}}"}
2026-06-05 21:04:02.046 [http-nio-8080-exec-2] INFO  com.company.demo.aspect.LogAspect - 【请求开始】 {"方法":"UserController.listUserByPage","时间":"2026-06-05 21:04:02","操作":"分页查询用户","IP":"0:0:0:0:0:0:0:1","请求参数":"[1,10,null]","URL":"http://localhost:8080/api/user/page"}
2026-06-05 21:04:02.049 [http-nio-8080-exec-2] DEBUG c.c.demo.mapper.UserMapper.selectList_mpCount - ==>  Preparing: SELECT COUNT(*) AS total FROM user
2026-06-05 21:04:02.049 [http-nio-8080-exec-2] DEBUG c.c.demo.mapper.UserMapper.selectList_mpCount - ==> Parameters: 
2026-06-05 21:04:02.052 [http-nio-8080-exec-2] DEBUG c.c.demo.mapper.UserMapper.selectList_mpCount - <==      Total: 1
2026-06-05 21:04:02.052 [http-nio-8080-exec-2] DEBUG com.company.demo.mapper.UserMapper.selectList - ==>  Preparing: SELECT id,name,age FROM user ORDER BY id DESC LIMIT ?
2026-06-05 21:04:02.052 [http-nio-8080-exec-2] DEBUG com.company.demo.mapper.UserMapper.selectList - ==> Parameters: 10(Long)
2026-06-05 21:04:02.053 [http-nio-8080-exec-2] DEBUG com.company.demo.mapper.UserMapper.selectList - <==      Total: 10
2026-06-05 21:04:02.053 [http-nio-8080-exec-2] INFO  com.company.demo.aspect.LogAspect - 【请求结束】 {"耗时":"7ms","操作":"分页查询用户","返回结果":"{\"code\":200,\"message\":\"成功\",\"data\":{\"records\":[{\"id\":36,\"name\":\"赵鹏\",\"age\":38},{\"id\":35,\"name\":\"张丽\",\"age\":36},{\"id\":34,\"name\":\"李强\",\"age\":34},{\"id\":33,\"name\":\"王磊\",\"age\":32},{\"id\":32,\"name\":\"陈飞\",\"age\":30},{\"id\":31,\"name\":\"刘娜\",\"age\":28},{\"id\":30,\"name\":\"黄娟\",\"age\":26},{\"id\":29,\"name\":\"徐静\",\"age\":24},{\"id\":28,\"name\":\"宋雪\",\"age\":22},{\"id\":27,\"name\":\"孙阳\",\"age\":20}],\"total\":31,\"size\":10,\"current\":1,\"pages\":4}}"}
2026-06-05 21:04:02.507 [http-nio-8080-exec-10] INFO  com.company.demo.aspect.LogAspect - 【请求开始】 {"方法":"UserController.listUserByPage","时间":"2026-06-05 21:04:02","操作":"分页查询用户","IP":"0:0:0:0:0:0:0:1","请求参数":"[1,10,null]","URL":"http://localhost:8080/api/user/page"}
2026-06-05 21:04:02.509 [http-nio-8080-exec-10] DEBUG c.c.demo.mapper.UserMapper.selectList_mpCount - ==>  Preparing: SELECT COUNT(*) AS total FROM user
2026-06-05 21:04:02.509 [http-nio-8080-exec-10] DEBUG c.c.demo.mapper.UserMapper.selectList_mpCount - ==> Parameters: 
2026-06-05 21:04:02.511 [http-nio-8080-exec-10] DEBUG c.c.demo.mapper.UserMapper.selectList_mpCount - <==      Total: 1
2026-06-05 21:04:02.511 [http-nio-8080-exec-10] DEBUG com.company.demo.mapper.UserMapper.selectList - ==>  Preparing: SELECT id,name,age FROM user ORDER BY id DESC LIMIT ?
2026-06-05 21:04:02.511 [http-nio-8080-exec-10] DEBUG com.company.demo.mapper.UserMapper.selectList - ==> Parameters: 10(Long)
2026-06-05 21:04:02.512 [http-nio-8080-exec-10] DEBUG com.company.demo.mapper.UserMapper.selectList - <==      Total: 10
2026-06-05 21:04:02.512 [http-nio-8080-exec-10] INFO  com.company.demo.aspect.LogAspect - 【请求结束】 {"耗时":"5ms","操作":"分页查询用户","返回结果":"{\"code\":200,\"message\":\"成功\",\"data\":{\"records\":[{\"id\":36,\"name\":\"赵鹏\",\"age\":38},{\"id\":35,\"name\":\"张丽\",\"age\":36},{\"id\":34,\"name\":\"李强\",\"age\":34},{\"id\":33,\"name\":\"王磊\",\"age\":32},{\"id\":32,\"name\":\"陈飞\",\"age\":30},{\"id\":31,\"name\":\"刘娜\",\"age\":28},{\"id\":30,\"name\":\"黄娟\",\"age\":26},{\"id\":29,\"name\":\"徐静\",\"age\":24},{\"id\":28,\"name\":\"宋雪\",\"age\":22},{\"id\":27,\"name\":\"孙阳\",\"age\":20}],\"total\":31,\"size\":10,\"current\":1,\"pages\":4}}"}
2026-06-05 21:04:03.162 [http-nio-8080-exec-3] INFO  com.company.demo.aspect.LogAspect - 【请求开始】 {"方法":"UserController.listUserByPage","时间":"2026-06-05 21:04:03","操作":"分页查询用户","IP":"0:0:0:0:0:0:0:1","请求参数":"[1,10,null]","URL":"http://localhost:8080/api/user/page"}
2026-06-05 21:04:03.165 [http-nio-8080-exec-3] DEBUG c.c.demo.mapper.UserMapper.selectList_mpCount - ==>  Preparing: SELECT COUNT(*) AS total FROM user
2026-06-05 21:04:03.165 [http-nio-8080-exec-3] DEBUG c.c.demo.mapper.UserMapper.selectList_mpCount - ==> Parameters: 
2026-06-05 21:04:03.167 [http-nio-8080-exec-3] DEBUG c.c.demo.mapper.UserMapper.selectList_mpCount - <==      Total: 1
2026-06-05 21:04:03.167 [http-nio-8080-exec-3] DEBUG com.company.demo.mapper.UserMapper.selectList - ==>  Preparing: SELECT id,name,age FROM user ORDER BY id DESC LIMIT ?
2026-06-05 21:04:03.167 [http-nio-8080-exec-3] DEBUG com.company.demo.mapper.UserMapper.selectList - ==> Parameters: 10(Long)
2026-06-05 21:04:03.168 [http-nio-8080-exec-3] DEBUG com.company.demo.mapper.UserMapper.selectList - <==      Total: 10
2026-06-05 21:04:03.169 [http-nio-8080-exec-3] INFO  com.company.demo.aspect.LogAspect - 【请求结束】 {"耗时":"7ms","操作":"分页查询用户","返回结果":"{\"code\":200,\"message\":\"成功\",\"data\":{\"records\":[{\"id\":36,\"name\":\"赵鹏\",\"age\":38},{\"id\":35,\"name\":\"张丽\",\"age\":36},{\"id\":34,\"name\":\"李强\",\"age\":34},{\"id\":33,\"name\":\"王磊\",\"age\":32},{\"id\":32,\"name\":\"陈飞\",\"age\":30},{\"id\":31,\"name\":\"刘娜\",\"age\":28},{\"id\":30,\"name\":\"黄娟\",\"age\":26},{\"id\":29,\"name\":\"徐静\",\"age\":24},{\"id\":28,\"name\":\"宋雪\",\"age\":22},{\"id\":27,\"name\":\"孙阳\",\"age\":20}],\"total\":31,\"size\":10,\"current\":1,\"pages\":4}}"}
2026-06-05 21:04:03.910 [http-nio-8080-exec-1] INFO  com.company.demo.aspect.LogAspect - 【请求开始】 {"方法":"UserController.listUserByPage","时间":"2026-06-05 21:04:03","操作":"分页查询用户","IP":"0:0:0:0:0:0:0:1","请求参数":"[1,10,null]","URL":"http://localhost:8080/api/user/page"}
2026-06-05 21:04:03.912 [http-nio-8080-exec-1] DEBUG c.c.demo.mapper.UserMapper.selectList_mpCount - ==>  Preparing: SELECT COUNT(*) AS total FROM user
2026-06-05 21:04:03.913 [http-nio-8080-exec-1] DEBUG c.c.demo.mapper.UserMapper.selectList_mpCount - ==> Parameters: 
2026-06-05 21:04:03.916 [http-nio-8080-exec-1] DEBUG c.c.demo.mapper.UserMapper.selectList_mpCount - <==      Total: 1
2026-06-05 21:04:03.917 [http-nio-8080-exec-1] DEBUG com.company.demo.mapper.UserMapper.selectList - ==>  Preparing: SELECT id,name,age FROM user ORDER BY id DESC LIMIT ?
2026-06-05 21:04:03.917 [http-nio-8080-exec-1] DEBUG com.company.demo.mapper.UserMapper.selectList - ==> Parameters: 10(Long)
2026-06-05 21:04:03.918 [http-nio-8080-exec-1] DEBUG com.company.demo.mapper.UserMapper.selectList - <==      Total: 10
2026-06-05 21:04:03.918 [http-nio-8080-exec-1] INFO  com.company.demo.aspect.LogAspect - 【请求结束】 {"耗时":"8ms","操作":"分页查询用户","返回结果":"{\"code\":200,\"message\":\"成功\",\"data\":{\"records\":[{\"id\":36,\"name\":\"赵鹏\",\"age\":38},{\"id\":35,\"name\":\"张丽\",\"age\":36},{\"id\":34,\"name\":\"李强\",\"age\":34},{\"id\":33,\"name\":\"王磊\",\"age\":32},{\"id\":32,\"name\":\"陈飞\",\"age\":30},{\"id\":31,\"name\":\"刘娜\",\"age\":28},{\"id\":30,\"name\":\"黄娟\",\"age\":26},{\"id\":29,\"name\":\"徐静\",\"age\":24},{\"id\":28,\"name\":\"宋雪\",\"age\":22},{\"id\":27,\"name\":\"孙阳\",\"age\":20}],\"total\":31,\"size\":10,\"current\":1,\"pages\":4}}"}
2026-06-05 21:04:04.715 [http-nio-8080-exec-9] INFO  com.company.demo.aspect.LogAspect - 【请求开始】 {"方法":"UserController.listUserByPage","时间":"2026-06-05 21:04:04","操作":"分页查询用户","IP":"0:0:0:0:0:0:0:1","请求参数":"[1,10,null]","URL":"http://localhost:8080/api/user/page"}
2026-06-05 21:04:04.719 [http-nio-8080-exec-9] DEBUG c.c.demo.mapper.UserMapper.selectList_mpCount - ==>  Preparing: SELECT COUNT(*) AS total FROM user
2026-06-05 21:04:04.719 [http-nio-8080-exec-9] DEBUG c.c.demo.mapper.UserMapper.selectList_mpCount - ==> Parameters: 
2026-06-05 21:04:04.725 [http-nio-8080-exec-9] DEBUG c.c.demo.mapper.UserMapper.selectList_mpCount - <==      Total: 1
2026-06-05 21:04:04.726 [http-nio-8080-exec-9] DEBUG com.company.demo.mapper.UserMapper.selectList - ==>  Preparing: SELECT id,name,age FROM user ORDER BY id DESC LIMIT ?
2026-06-05 21:04:04.726 [http-nio-8080-exec-9] DEBUG com.company.demo.mapper.UserMapper.selectList - ==> Parameters: 10(Long)
2026-06-05 21:04:04.727 [http-nio-8080-exec-9] DEBUG com.company.demo.mapper.UserMapper.selectList - <==      Total: 10
2026-06-05 21:04:04.728 [http-nio-8080-exec-9] INFO  com.company.demo.aspect.LogAspect - 【请求结束】 {"耗时":"12ms","操作":"分页查询用户","返回结果":"{\"code\":200,\"message\":\"成功\",\"data\":{\"records\":[{\"id\":36,\"name\":\"赵鹏\",\"age\":38},{\"id\":35,\"name\":\"张丽\",\"age\":36},{\"id\":34,\"name\":\"李强\",\"age\":34},{\"id\":33,\"name\":\"王磊\",\"age\":32},{\"id\":32,\"name\":\"陈飞\",\"age\":30},{\"id\":31,\"name\":\"刘娜\",\"age\":28},{\"id\":30,\"name\":\"黄娟\",\"age\":26},{\"id\":29,\"name\":\"徐静\",\"age\":24},{\"id\":28,\"name\":\"宋雪\",\"age\":22},{\"id\":27,\"name\":\"孙阳\",\"age\":20}],\"total\":31,\"size\":10,\"current\":1,\"pages\":4}}"}
2026-06-05 21:04:05.513 [http-nio-8080-exec-4] INFO  com.company.demo.aspect.LogAspect - 【请求开始】 {"方法":"UserController.listUserByPage","时间":"2026-06-05 21:04:05","操作":"分页查询用户","IP":"0:0:0:0:0:0:0:1","请求参数":"[1,10,null]","URL":"http://localhost:8080/api/user/page"}
2026-06-05 21:04:05.516 [http-nio-8080-exec-4] DEBUG c.c.demo.mapper.UserMapper.selectList_mpCount - ==>  Preparing: SELECT COUNT(*) AS total FROM user
2026-06-05 21:04:05.517 [http-nio-8080-exec-4] DEBUG c.c.demo.mapper.UserMapper.selectList_mpCount - ==> Parameters: 
2026-06-05 21:04:05.518 [http-nio-8080-exec-4] DEBUG c.c.demo.mapper.UserMapper.selectList_mpCount - <==      Total: 1
2026-06-05 21:04:05.519 [http-nio-8080-exec-4] DEBUG com.company.demo.mapper.UserMapper.selectList - ==>  Preparing: SELECT id,name,age FROM user ORDER BY id DESC LIMIT ?
2026-06-05 21:04:05.519 [http-nio-8080-exec-4] DEBUG com.company.demo.mapper.UserMapper.selectList - ==> Parameters: 10(Long)
2026-06-05 21:04:05.519 [http-nio-8080-exec-4] DEBUG com.company.demo.mapper.UserMapper.selectList - <==      Total: 10
2026-06-05 21:04:05.520 [http-nio-8080-exec-4] INFO  com.company.demo.aspect.LogAspect - 【请求结束】 {"耗时":"6ms","操作":"分页查询用户","返回结果":"{\"code\":200,\"message\":\"成功\",\"data\":{\"records\":[{\"id\":36,\"name\":\"赵鹏\",\"age\":38},{\"id\":35,\"name\":\"张丽\",\"age\":36},{\"id\":34,\"name\":\"李强\",\"age\":34},{\"id\":33,\"name\":\"王磊\",\"age\":32},{\"id\":32,\"name\":\"陈飞\",\"age\":30},{\"id\":31,\"name\":\"刘娜\",\"age\":28},{\"id\":30,\"name\":\"黄娟\",\"age\":26},{\"id\":29,\"name\":\"徐静\",\"age\":24},{\"id\":28,\"name\":\"宋雪\",\"age\":22},{\"id\":27,\"name\":\"孙阳\",\"age\":20}],\"total\":31,\"size\":10,\"current\":1,\"pages\":4}}"}
2026-06-05 21:04:06.355 [http-nio-8080-exec-5] INFO  com.company.demo.aspect.LogAspect - 【请求开始】 {"方法":"UserController.listUserByPage","时间":"2026-06-05 21:04:06","操作":"分页查询用户","IP":"0:0:0:0:0:0:0:1","请求参数":"[1,10,null]","URL":"http://localhost:8080/api/user/page"}
2026-06-05 21:04:06.357 [http-nio-8080-exec-5] DEBUG c.c.demo.mapper.UserMapper.selectList_mpCount - ==>  Preparing: SELECT COUNT(*) AS total FROM user
2026-06-05 21:04:06.358 [http-nio-8080-exec-5] DEBUG c.c.demo.mapper.UserMapper.selectList_mpCount - ==> Parameters: 
2026-06-05 21:04:06.359 [http-nio-8080-exec-5] DEBUG c.c.demo.mapper.UserMapper.selectList_mpCount - <==      Total: 1
2026-06-05 21:04:06.360 [http-nio-8080-exec-5] DEBUG com.company.demo.mapper.UserMapper.selectList - ==>  Preparing: SELECT id,name,age FROM user ORDER BY id DESC LIMIT ?
2026-06-05 21:04:06.360 [http-nio-8080-exec-5] DEBUG com.company.demo.mapper.UserMapper.selectList - ==> Parameters: 10(Long)
2026-06-05 21:04:06.360 [http-nio-8080-exec-5] DEBUG com.company.demo.mapper.UserMapper.selectList - <==      Total: 10
2026-06-05 21:04:06.361 [http-nio-8080-exec-5] INFO  com.company.demo.aspect.LogAspect - 【请求结束】 {"耗时":"6ms","操作":"分页查询用户","返回结果":"{\"code\":200,\"message\":\"成功\",\"data\":{\"records\":[{\"id\":36,\"name\":\"赵鹏\",\"age\":38},{\"id\":35,\"name\":\"张丽\",\"age\":36},{\"id\":34,\"name\":\"李强\",\"age\":34},{\"id\":33,\"name\":\"王磊\",\"age\":32},{\"id\":32,\"name\":\"陈飞\",\"age\":30},{\"id\":31,\"name\":\"刘娜\",\"age\":28},{\"id\":30,\"name\":\"黄娟\",\"age\":26},{\"id\":29,\"name\":\"徐静\",\"age\":24},{\"id\":28,\"name\":\"宋雪\",\"age\":22},{\"id\":27,\"name\":\"孙阳\",\"age\":20}],\"total\":31,\"size\":10,\"current\":1,\"pages\":4}}"}
2026-06-05 21:04:07.728 [http-nio-8080-exec-6] INFO  com.company.demo.aspect.LogAspect - 【请求开始】 {"方法":"UserController.listUserByPage","时间":"2026-06-05 21:04:07","操作":"分页查询用户","IP":"0:0:0:0:0:0:0:1","请求参数":"[1,10,null]","URL":"http://localhost:8080/api/user/page"}
2026-06-05 21:04:07.731 [http-nio-8080-exec-6] DEBUG c.c.demo.mapper.UserMapper.selectList_mpCount - ==>  Preparing: SELECT COUNT(*) AS total FROM user
2026-06-05 21:04:07.731 [http-nio-8080-exec-6] DEBUG c.c.demo.mapper.UserMapper.selectList_mpCount - ==> Parameters: 
2026-06-05 21:04:07.734 [http-nio-8080-exec-6] DEBUG c.c.demo.mapper.UserMapper.selectList_mpCount - <==      Total: 1
2026-06-05 21:04:07.734 [http-nio-8080-exec-6] DEBUG com.company.demo.mapper.UserMapper.selectList - ==>  Preparing: SELECT id,name,age FROM user ORDER BY id DESC LIMIT ?
2026-06-05 21:04:07.734 [http-nio-8080-exec-6] DEBUG com.company.demo.mapper.UserMapper.selectList - ==> Parameters: 10(Long)
2026-06-05 21:04:07.736 [http-nio-8080-exec-6] DEBUG com.company.demo.mapper.UserMapper.selectList - <==      Total: 10
2026-06-05 21:04:07.736 [http-nio-8080-exec-6] INFO  com.company.demo.aspect.LogAspect - 【请求结束】 {"耗时":"8ms","操作":"分页查询用户","返回结果":"{\"code\":200,\"message\":\"成功\",\"data\":{\"records\":[{\"id\":36,\"name\":\"赵鹏\",\"age\":38},{\"id\":35,\"name\":\"张丽\",\"age\":36},{\"id\":34,\"name\":\"李强\",\"age\":34},{\"id\":33,\"name\":\"王磊\",\"age\":32},{\"id\":32,\"name\":\"陈飞\",\"age\":30},{\"id\":31,\"name\":\"刘娜\",\"age\":28},{\"id\":30,\"name\":\"黄娟\",\"age\":26},{\"id\":29,\"name\":\"徐静\",\"age\":24},{\"id\":28,\"name\":\"宋雪\",\"age\":22},{\"id\":27,\"name\":\"孙阳\",\"age\":20}],\"total\":31,\"size\":10,\"current\":1,\"pages\":4}}"}
2026-06-05 21:04:09.037 [http-nio-8080-exec-7] INFO  com.company.demo.aspect.LogAspect - 【请求开始】 {"方法":"UserController.listUserByPage","时间":"2026-06-05 21:04:09","操作":"分页查询用户","IP":"0:0:0:0:0:0:0:1","请求参数":"[1,10,null]","URL":"http://localhost:8080/api/user/page"}
2026-06-05 21:04:09.039 [http-nio-8080-exec-7] DEBUG c.c.demo.mapper.UserMapper.selectList_mpCount - ==>  Preparing: SELECT COUNT(*) AS total FROM user
2026-06-05 21:04:09.040 [http-nio-8080-exec-7] DEBUG c.c.demo.mapper.UserMapper.selectList_mpCount - ==> Parameters: 
2026-06-05 21:04:09.042 [http-nio-8080-exec-7] DEBUG c.c.demo.mapper.UserMapper.selectList_mpCount - <==      Total: 1
2026-06-05 21:04:09.042 [http-nio-8080-exec-7] DEBUG com.company.demo.mapper.UserMapper.selectList - ==>  Preparing: SELECT id,name,age FROM user ORDER BY id DESC LIMIT ?
2026-06-05 21:04:09.042 [http-nio-8080-exec-7] DEBUG com.company.demo.mapper.UserMapper.selectList - ==> Parameters: 10(Long)
2026-06-05 21:04:09.043 [http-nio-8080-exec-7] DEBUG com.company.demo.mapper.UserMapper.selectList - <==      Total: 10
2026-06-05 21:04:09.043 [http-nio-8080-exec-7] INFO  com.company.demo.aspect.LogAspect - 【请求结束】 {"耗时":"6ms","操作":"分页查询用户","返回结果":"{\"code\":200,\"message\":\"成功\",\"data\":{\"records\":[{\"id\":36,\"name\":\"赵鹏\",\"age\":38},{\"id\":35,\"name\":\"张丽\",\"age\":36},{\"id\":34,\"name\":\"李强\",\"age\":34},{\"id\":33,\"name\":\"王磊\",\"age\":32},{\"id\":32,\"name\":\"陈飞\",\"age\":30},{\"id\":31,\"name\":\"刘娜\",\"age\":28},{\"id\":30,\"name\":\"黄娟\",\"age\":26},{\"id\":29,\"name\":\"徐静\",\"age\":24},{\"id\":28,\"name\":\"宋雪\",\"age\":22},{\"id\":27,\"name\":\"孙阳\",\"age\":20}],\"total\":31,\"size\":10,\"current\":1,\"pages\":4}}"}
2026-06-05 21:06:25.614 [File Watcher] INFO  o.s.b.d.a.LocalDevToolsAutoConfiguration$RestartingClassPathChangeChangedEventListener - Restarting due to 1 class path change (0 additions, 1 deletion, 0 modifications)
2026-06-05 21:06:25.619 [Thread-1] INFO  org.springframework.boot.tomcat.GracefulShutdown - Commencing graceful shutdown. Waiting for active requests to complete
2026-06-05 21:06:25.660 [tomcat-shutdown] INFO  org.springframework.boot.tomcat.GracefulShutdown - Graceful shutdown complete
2026-06-05 21:06:25.674 [Thread-1] INFO  com.zaxxer.hikari.HikariDataSource - HikariPool-1 - Shutdown initiated...
2026-06-05 21:06:25.680 [Thread-1] INFO  com.zaxxer.hikari.HikariDataSource - HikariPool-1 - Shutdown completed.
2026-06-05 21:06:25.751 [restartedMain] INFO  com.company.demo.DemoApplication - Starting DemoApplication using Java 17.0.19 with PID 32448 (D:\Work\Workspace\demo\target\classes started by jiaolei in D:\Work\Workspace\demo)
2026-06-05 21:06:25.751 [restartedMain] DEBUG com.company.demo.DemoApplication - Running with Spring Boot v4.0.6, Spring v7.0.7
2026-06-05 21:06:25.751 [restartedMain] INFO  com.company.demo.DemoApplication - No active profile set, falling back to 1 default profile: "default"
2026-06-05 21:06:25.882 [restartedMain] INFO  o.s.d.r.config.RepositoryConfigurationDelegate - Multiple Spring Data modules found, entering strict repository configuration mode
2026-06-05 21:06:25.883 [restartedMain] INFO  o.s.d.r.config.RepositoryConfigurationDelegate - Bootstrapping Spring Data Redis repositories in DEFAULT mode.
2026-06-05 21:06:25.887 [restartedMain] INFO  o.s.d.r.config.RepositoryConfigurationDelegate - Finished Spring Data repository scanning in 3 ms. Found 0 Redis repository interfaces.
2026-06-05 21:06:25.954 [restartedMain] INFO  org.springframework.boot.tomcat.TomcatWebServer - Tomcat initialized with port 8080 (http)
2026-06-05 21:06:25.955 [restartedMain] INFO  org.apache.catalina.core.StandardService - Starting service [Tomcat]
2026-06-05 21:06:25.955 [restartedMain] INFO  org.apache.catalina.core.StandardEngine - Starting Servlet engine: [Apache Tomcat/11.0.21]
2026-06-05 21:06:25.984 [restartedMain] INFO  o.s.b.w.c.servlet.WebApplicationContextInitializer - Root WebApplicationContext: initialization completed in 232 ms
2026-06-05 21:06:26.254 [restartedMain] INFO  c.b.m.e.spring.MybatisPlusApplicationContextAware - Register ApplicationContext instances org.springframework.boot.web.server.servlet.context.AnnotationConfigServletWebServerApplicationContext@79ef6929
2026-06-05 21:06:26.320 [restartedMain] INFO  org.springframework.boot.tomcat.TomcatWebServer - Tomcat started on port 8080 (http) with context path '/'
2026-06-05 21:06:26.323 [restartedMain] INFO  com.company.demo.DemoApplication - Started DemoApplication in 0.59 seconds (process running for 172.262)
2026-06-05 21:06:26.324 [restartedMain] INFO  o.s.b.d.a.ConditionEvaluationDeltaLoggingListener - Condition evaluation unchanged
2026-06-05 21:07:12.474 [File Watcher] INFO  o.s.b.d.a.LocalDevToolsAutoConfiguration$RestartingClassPathChangeChangedEventListener - Restarting due to 1 class path change (1 addition, 0 deletions, 0 modifications)
2026-06-05 21:07:12.476 [Thread-13] INFO  org.springframework.boot.tomcat.GracefulShutdown - Commencing graceful shutdown. Waiting for active requests to complete
2026-06-05 21:07:12.507 [tomcat-shutdown] INFO  org.springframework.boot.tomcat.GracefulShutdown - Graceful shutdown complete
2026-06-05 21:07:12.572 [restartedMain] INFO  com.company.demo.DemoApplication - Starting DemoApplication using Java 17.0.19 with PID 32448 (D:\Work\Workspace\demo\target\classes started by jiaolei in D:\Work\Workspace\demo)
2026-06-05 21:07:12.572 [restartedMain] DEBUG com.company.demo.DemoApplication - Running with Spring Boot v4.0.6, Spring v7.0.7
2026-06-05 21:07:12.572 [restartedMain] INFO  com.company.demo.DemoApplication - No active profile set, falling back to 1 default profile: "default"
2026-06-05 21:07:12.690 [restartedMain] INFO  o.s.d.r.config.RepositoryConfigurationDelegate - Multiple Spring Data modules found, entering strict repository configuration mode
2026-06-05 21:07:12.690 [restartedMain] INFO  o.s.d.r.config.RepositoryConfigurationDelegate - Bootstrapping Spring Data Redis repositories in DEFAULT mode.
2026-06-05 21:07:12.695 [restartedMain] INFO  o.s.d.r.config.RepositoryConfigurationDelegate - Finished Spring Data repository scanning in 4 ms. Found 0 Redis repository interfaces.
2026-06-05 21:07:12.762 [restartedMain] INFO  org.springframework.boot.tomcat.TomcatWebServer - Tomcat initialized with port 8080 (http)
2026-06-05 21:07:12.762 [restartedMain] INFO  org.apache.catalina.core.StandardService - Starting service [Tomcat]
2026-06-05 21:07:12.762 [restartedMain] INFO  org.apache.catalina.core.StandardEngine - Starting Servlet engine: [Apache Tomcat/11.0.21]
2026-06-05 21:07:12.792 [restartedMain] INFO  o.s.b.w.c.servlet.WebApplicationContextInitializer - Root WebApplicationContext: initialization completed in 219 ms
2026-06-05 21:07:13.069 [restartedMain] INFO  c.b.m.e.spring.MybatisPlusApplicationContextAware - Register ApplicationContext instances org.springframework.boot.web.server.servlet.context.AnnotationConfigServletWebServerApplicationContext@6a8241ce
2026-06-05 21:07:13.143 [restartedMain] INFO  org.springframework.boot.tomcat.TomcatWebServer - Tomcat started on port 8080 (http) with context path '/'
2026-06-05 21:07:13.145 [restartedMain] INFO  com.company.demo.DemoApplication - Started DemoApplication in 0.586 seconds (process running for 219.084)
2026-06-05 21:07:13.145 [restartedMain] INFO  o.s.b.d.a.ConditionEvaluationDeltaLoggingListener - Condition evaluation unchanged
2026-06-05 21:08:43.722 [SpringApplicationShutdownHook] INFO  org.springframework.boot.tomcat.GracefulShutdown - Commencing graceful shutdown. Waiting for active requests to complete
2026-06-05 21:08:43.753 [tomcat-shutdown] INFO  org.springframework.boot.tomcat.GracefulShutdown - Graceful shutdown complete
2026-06-05 21:08:47.109 [restartedMain] INFO  com.company.demo.DemoApplication - Starting DemoApplication using Java 17.0.19 with PID 24144 (D:\Work\Workspace\demo\target\classes started by jiaolei in D:\Work\Workspace\demo)
2026-06-05 21:08:47.111 [restartedMain] DEBUG com.company.demo.DemoApplication - Running with Spring Boot v4.0.6, Spring v7.0.7
2026-06-05 21:08:47.111 [restartedMain] INFO  com.company.demo.DemoApplication - No active profile set, falling back to 1 default profile: "default"
2026-06-05 21:08:47.151 [restartedMain] INFO  o.s.b.d.env.DevToolsPropertyDefaultsPostProcessor - Devtools property defaults active! Set 'spring.devtools.add-properties' to 'false' to disable
2026-06-05 21:08:47.151 [restartedMain] INFO  o.s.b.d.env.DevToolsPropertyDefaultsPostProcessor - For additional web related logging consider setting the 'logging.level.web' property to 'DEBUG'
2026-06-05 21:08:47.688 [restartedMain] INFO  o.s.d.r.config.RepositoryConfigurationDelegate - Multiple Spring Data modules found, entering strict repository configuration mode
2026-06-05 21:08:47.689 [restartedMain] INFO  o.s.d.r.config.RepositoryConfigurationDelegate - Bootstrapping Spring Data Redis repositories in DEFAULT mode.
2026-06-05 21:08:47.716 [restartedMain] INFO  o.s.d.r.config.RepositoryConfigurationDelegate - Finished Spring Data repository scanning in 12 ms. Found 0 Redis repository interfaces.
2026-06-05 21:08:48.292 [restartedMain] INFO  org.springframework.boot.tomcat.TomcatWebServer - Tomcat initialized with port 8080 (http)
2026-06-05 21:08:48.304 [restartedMain] INFO  org.apache.catalina.core.StandardService - Starting service [Tomcat]
2026-06-05 21:08:48.304 [restartedMain] INFO  org.apache.catalina.core.StandardEngine - Starting Servlet engine: [Apache Tomcat/11.0.21]
2026-06-05 21:08:48.360 [restartedMain] INFO  o.s.b.w.c.servlet.WebApplicationContextInitializer - Root WebApplicationContext: initialization completed in 1208 ms
2026-06-05 21:08:48.418 [restartedMain] INFO  com.company.demo.aspect.RateLimitAspect - RateLimitAspect切面已加载
2026-06-05 21:08:49.354 [restartedMain] INFO  c.b.m.e.spring.MybatisPlusApplicationContextAware - Register ApplicationContext instances org.springframework.boot.web.server.servlet.context.AnnotationConfigServletWebServerApplicationContext@3ed2b403
2026-06-05 21:08:49.588 [restartedMain] INFO  org.springframework.boot.tomcat.TomcatWebServer - Tomcat started on port 8080 (http) with context path '/'
2026-06-05 21:08:49.594 [restartedMain] INFO  com.company.demo.DemoApplication - Started DemoApplication in 2.78 seconds (process running for 3.298)
2026-06-05 21:09:50.325 [http-nio-8080-exec-5] INFO  o.a.c.core.ContainerBase.[Tomcat].[localhost].[/] - Initializing Spring DispatcherServlet 'dispatcherServlet'
2026-06-05 21:09:50.326 [http-nio-8080-exec-5] INFO  org.springframework.web.servlet.DispatcherServlet - Initializing Servlet 'dispatcherServlet'
2026-06-05 21:09:50.327 [http-nio-8080-exec-5] INFO  org.springframework.web.servlet.DispatcherServlet - Completed initialization in 1 ms
2026-06-05 21:09:50.378 [http-nio-8080-exec-5] INFO  com.company.demo.aspect.LogAspect - 【请求开始】 {"方法":"UserController.listUserByPage","时间":"2026-06-05 21:09:50","操作":"分页查询用户","IP":"0:0:0:0:0:0:0:1","请求参数":"[1,10,null]","URL":"http://localhost:8080/api/user/page"}
2026-06-05 21:09:50.526 [http-nio-8080-exec-5] INFO  com.zaxxer.hikari.HikariDataSource - HikariPool-1 - Starting...
2026-06-05 21:09:50.654 [http-nio-8080-exec-5] INFO  com.zaxxer.hikari.pool.HikariPool - HikariPool-1 - Added connection com.mysql.cj.jdbc.ConnectionImpl@212c69f0
2026-06-05 21:09:50.655 [http-nio-8080-exec-5] INFO  com.zaxxer.hikari.HikariDataSource - HikariPool-1 - Start completed.
2026-06-05 21:09:50.661 [http-nio-8080-exec-5] DEBUG c.c.demo.mapper.UserMapper.selectList_mpCount - ==>  Preparing: SELECT COUNT(*) AS total FROM user
2026-06-05 21:09:50.677 [http-nio-8080-exec-5] DEBUG c.c.demo.mapper.UserMapper.selectList_mpCount - ==> Parameters: 
2026-06-05 21:09:50.694 [http-nio-8080-exec-5] DEBUG c.c.demo.mapper.UserMapper.selectList_mpCount - <==      Total: 1
2026-06-05 21:09:50.698 [http-nio-8080-exec-5] DEBUG com.company.demo.mapper.UserMapper.selectList - ==>  Preparing: SELECT id,name,age FROM user ORDER BY id DESC LIMIT ?
2026-06-05 21:09:50.699 [http-nio-8080-exec-5] DEBUG com.company.demo.mapper.UserMapper.selectList - ==> Parameters: 10(Long)
2026-06-05 21:09:50.702 [http-nio-8080-exec-5] DEBUG com.company.demo.mapper.UserMapper.selectList - <==      Total: 10
2026-06-05 21:09:50.725 [http-nio-8080-exec-5] INFO  com.company.demo.aspect.LogAspect - 【请求结束】 {"耗时":"330ms","操作":"分页查询用户","返回结果":"{\"code\":200,\"message\":\"成功\",\"data\":{\"records\":[{\"id\":36,\"name\":\"赵鹏\",\"age\":38},{\"id\":35,\"name\":\"张丽\",\"age\":36},{\"id\":34,\"name\":\"李强\",\"age\":34},{\"id\":33,\"name\":\"王磊\",\"age\":32},{\"id\":32,\"name\":\"陈飞\",\"age\":30},{\"id\":31,\"name\":\"刘娜\",\"age\":28},{\"id\":30,\"name\":\"黄娟\",\"age\":26},{\"id\":29,\"name\":\"徐静\",\"age\":24},{\"id\":28,\"name\":\"宋雪\",\"age\":22},{\"id\":27,\"name\":\"孙阳\",\"age\":20}],\"total\":31,\"size\":10,\"current\":1,\"pages\":4}}"}
2026-06-05 21:09:53.433 [http-nio-8080-exec-2] INFO  com.company.demo.aspect.LogAspect - 【请求开始】 {"方法":"UserController.listUserByPage","时间":"2026-06-05 21:09:53","操作":"分页查询用户","IP":"0:0:0:0:0:0:0:1","请求参数":"[1,10,null]","URL":"http://localhost:8080/api/user/page"}
2026-06-05 21:09:53.437 [http-nio-8080-exec-2] DEBUG c.c.demo.mapper.UserMapper.selectList_mpCount - ==>  Preparing: SELECT COUNT(*) AS total FROM user
2026-06-05 21:09:53.437 [http-nio-8080-exec-2] DEBUG c.c.demo.mapper.UserMapper.selectList_mpCount - ==> Parameters: 
2026-06-05 21:09:53.439 [http-nio-8080-exec-2] DEBUG c.c.demo.mapper.UserMapper.selectList_mpCount - <==      Total: 1
2026-06-05 21:09:53.439 [http-nio-8080-exec-2] DEBUG com.company.demo.mapper.UserMapper.selectList - ==>  Preparing: SELECT id,name,age FROM user ORDER BY id DESC LIMIT ?
2026-06-05 21:09:53.439 [http-nio-8080-exec-2] DEBUG com.company.demo.mapper.UserMapper.selectList - ==> Parameters: 10(Long)
2026-06-05 21:09:53.441 [http-nio-8080-exec-2] DEBUG com.company.demo.mapper.UserMapper.selectList - <==      Total: 10
2026-06-05 21:09:53.441 [http-nio-8080-exec-2] INFO  com.company.demo.aspect.LogAspect - 【请求结束】 {"耗时":"8ms","操作":"分页查询用户","返回结果":"{\"code\":200,\"message\":\"成功\",\"data\":{\"records\":[{\"id\":36,\"name\":\"赵鹏\",\"age\":38},{\"id\":35,\"name\":\"张丽\",\"age\":36},{\"id\":34,\"name\":\"李强\",\"age\":34},{\"id\":33,\"name\":\"王磊\",\"age\":32},{\"id\":32,\"name\":\"陈飞\",\"age\":30},{\"id\":31,\"name\":\"刘娜\",\"age\":28},{\"id\":30,\"name\":\"黄娟\",\"age\":26},{\"id\":29,\"name\":\"徐静\",\"age\":24},{\"id\":28,\"name\":\"宋雪\",\"age\":22},{\"id\":27,\"name\":\"孙阳\",\"age\":20}],\"total\":31,\"size\":10,\"current\":1,\"pages\":4}}"}
2026-06-05 21:09:54.183 [http-nio-8080-exec-4] INFO  com.company.demo.aspect.LogAspect - 【请求开始】 {"方法":"UserController.listUserByPage","时间":"2026-06-05 21:09:54","操作":"分页查询用户","IP":"0:0:0:0:0:0:0:1","请求参数":"[1,10,null]","URL":"http://localhost:8080/api/user/page"}
2026-06-05 21:09:54.188 [http-nio-8080-exec-4] DEBUG c.c.demo.mapper.UserMapper.selectList_mpCount - ==>  Preparing: SELECT COUNT(*) AS total FROM user
2026-06-05 21:09:54.189 [http-nio-8080-exec-4] DEBUG c.c.demo.mapper.UserMapper.selectList_mpCount - ==> Parameters: 
2026-06-05 21:09:54.191 [http-nio-8080-exec-4] DEBUG c.c.demo.mapper.UserMapper.selectList_mpCount - <==      Total: 1
2026-06-05 21:09:54.192 [http-nio-8080-exec-4] DEBUG com.company.demo.mapper.UserMapper.selectList - ==>  Preparing: SELECT id,name,age FROM user ORDER BY id DESC LIMIT ?
2026-06-05 21:09:54.192 [http-nio-8080-exec-4] DEBUG com.company.demo.mapper.UserMapper.selectList - ==> Parameters: 10(Long)
2026-06-05 21:09:54.193 [http-nio-8080-exec-4] DEBUG com.company.demo.mapper.UserMapper.selectList - <==      Total: 10
2026-06-05 21:09:54.193 [http-nio-8080-exec-4] INFO  com.company.demo.aspect.LogAspect - 【请求结束】 {"耗时":"10ms","操作":"分页查询用户","返回结果":"{\"code\":200,\"message\":\"成功\",\"data\":{\"records\":[{\"id\":36,\"name\":\"赵鹏\",\"age\":38},{\"id\":35,\"name\":\"张丽\",\"age\":36},{\"id\":34,\"name\":\"李强\",\"age\":34},{\"id\":33,\"name\":\"王磊\",\"age\":32},{\"id\":32,\"name\":\"陈飞\",\"age\":30},{\"id\":31,\"name\":\"刘娜\",\"age\":28},{\"id\":30,\"name\":\"黄娟\",\"age\":26},{\"id\":29,\"name\":\"徐静\",\"age\":24},{\"id\":28,\"name\":\"宋雪\",\"age\":22},{\"id\":27,\"name\":\"孙阳\",\"age\":20}],\"total\":31,\"size\":10,\"current\":1,\"pages\":4}}"}
2026-06-05 21:09:55.125 [http-nio-8080-exec-3] INFO  com.company.demo.aspect.LogAspect - 【请求开始】 {"方法":"UserController.listUserByPage","时间":"2026-06-05 21:09:55","操作":"分页查询用户","IP":"0:0:0:0:0:0:0:1","请求参数":"[1,10,null]","URL":"http://localhost:8080/api/user/page"}
2026-06-05 21:09:55.128 [http-nio-8080-exec-3] DEBUG c.c.demo.mapper.UserMapper.selectList_mpCount - ==>  Preparing: SELECT COUNT(*) AS total FROM user
2026-06-05 21:09:55.129 [http-nio-8080-exec-3] DEBUG c.c.demo.mapper.UserMapper.selectList_mpCount - ==> Parameters: 
2026-06-05 21:09:55.130 [http-nio-8080-exec-3] DEBUG c.c.demo.mapper.UserMapper.selectList_mpCount - <==      Total: 1
2026-06-05 21:09:55.130 [http-nio-8080-exec-3] DEBUG com.company.demo.mapper.UserMapper.selectList - ==>  Preparing: SELECT id,name,age FROM user ORDER BY id DESC LIMIT ?
2026-06-05 21:09:55.131 [http-nio-8080-exec-3] DEBUG com.company.demo.mapper.UserMapper.selectList - ==> Parameters: 10(Long)
2026-06-05 21:09:55.132 [http-nio-8080-exec-3] DEBUG com.company.demo.mapper.UserMapper.selectList - <==      Total: 10
2026-06-05 21:09:55.133 [http-nio-8080-exec-3] INFO  com.company.demo.aspect.LogAspect - 【请求结束】 {"耗时":"7ms","操作":"分页查询用户","返回结果":"{\"code\":200,\"message\":\"成功\",\"data\":{\"records\":[{\"id\":36,\"name\":\"赵鹏\",\"age\":38},{\"id\":35,\"name\":\"张丽\",\"age\":36},{\"id\":34,\"name\":\"李强\",\"age\":34},{\"id\":33,\"name\":\"王磊\",\"age\":32},{\"id\":32,\"name\":\"陈飞\",\"age\":30},{\"id\":31,\"name\":\"刘娜\",\"age\":28},{\"id\":30,\"name\":\"黄娟\",\"age\":26},{\"id\":29,\"name\":\"徐静\",\"age\":24},{\"id\":28,\"name\":\"宋雪\",\"age\":22},{\"id\":27,\"name\":\"孙阳\",\"age\":20}],\"total\":31,\"size\":10,\"current\":1,\"pages\":4}}"}
2026-06-05 21:09:56.064 [http-nio-8080-exec-7] INFO  com.company.demo.aspect.LogAspect - 【请求开始】 {"方法":"UserController.listUserByPage","时间":"2026-06-05 21:09:56","操作":"分页查询用户","IP":"0:0:0:0:0:0:0:1","请求参数":"[1,10,null]","URL":"http://localhost:8080/api/user/page"}
2026-06-05 21:09:56.068 [http-nio-8080-exec-7] DEBUG c.c.demo.mapper.UserMapper.selectList_mpCount - ==>  Preparing: SELECT COUNT(*) AS total FROM user
2026-06-05 21:09:56.068 [http-nio-8080-exec-7] DEBUG c.c.demo.mapper.UserMapper.selectList_mpCount - ==> Parameters: 
2026-06-05 21:09:56.070 [http-nio-8080-exec-7] DEBUG c.c.demo.mapper.UserMapper.selectList_mpCount - <==      Total: 1
2026-06-05 21:09:56.071 [http-nio-8080-exec-7] DEBUG com.company.demo.mapper.UserMapper.selectList - ==>  Preparing: SELECT id,name,age FROM user ORDER BY id DESC LIMIT ?
2026-06-05 21:09:56.071 [http-nio-8080-exec-7] DEBUG com.company.demo.mapper.UserMapper.selectList - ==> Parameters: 10(Long)
2026-06-05 21:09:56.072 [http-nio-8080-exec-7] DEBUG com.company.demo.mapper.UserMapper.selectList - <==      Total: 10
2026-06-05 21:09:56.072 [http-nio-8080-exec-7] INFO  com.company.demo.aspect.LogAspect - 【请求结束】 {"耗时":"8ms","操作":"分页查询用户","返回结果":"{\"code\":200,\"message\":\"成功\",\"data\":{\"records\":[{\"id\":36,\"name\":\"赵鹏\",\"age\":38},{\"id\":35,\"name\":\"张丽\",\"age\":36},{\"id\":34,\"name\":\"李强\",\"age\":34},{\"id\":33,\"name\":\"王磊\",\"age\":32},{\"id\":32,\"name\":\"陈飞\",\"age\":30},{\"id\":31,\"name\":\"刘娜\",\"age\":28},{\"id\":30,\"name\":\"黄娟\",\"age\":26},{\"id\":29,\"name\":\"徐静\",\"age\":24},{\"id\":28,\"name\":\"宋雪\",\"age\":22},{\"id\":27,\"name\":\"孙阳\",\"age\":20}],\"total\":31,\"size\":10,\"current\":1,\"pages\":4}}"}
2026-06-05 21:09:56.493 [http-nio-8080-exec-6] INFO  com.company.demo.aspect.LogAspect - 【请求开始】 {"方法":"UserController.listUserByPage","时间":"2026-06-05 21:09:56","操作":"分页查询用户","IP":"0:0:0:0:0:0:0:1","请求参数":"[1,10,null]","URL":"http://localhost:8080/api/user/page"}
2026-06-05 21:09:56.496 [http-nio-8080-exec-6] DEBUG c.c.demo.mapper.UserMapper.selectList_mpCount - ==>  Preparing: SELECT COUNT(*) AS total FROM user
2026-06-05 21:09:56.497 [http-nio-8080-exec-6] DEBUG c.c.demo.mapper.UserMapper.selectList_mpCount - ==> Parameters: 
2026-06-05 21:09:56.500 [http-nio-8080-exec-6] DEBUG c.c.demo.mapper.UserMapper.selectList_mpCount - <==      Total: 1
2026-06-05 21:09:56.501 [http-nio-8080-exec-6] DEBUG com.company.demo.mapper.UserMapper.selectList - ==>  Preparing: SELECT id,name,age FROM user ORDER BY id DESC LIMIT ?
2026-06-05 21:09:56.501 [http-nio-8080-exec-6] DEBUG com.company.demo.mapper.UserMapper.selectList - ==> Parameters: 10(Long)
2026-06-05 21:09:56.502 [http-nio-8080-exec-6] DEBUG com.company.demo.mapper.UserMapper.selectList - <==      Total: 10
2026-06-05 21:09:56.503 [http-nio-8080-exec-6] INFO  com.company.demo.aspect.LogAspect - 【请求结束】 {"耗时":"10ms","操作":"分页查询用户","返回结果":"{\"code\":200,\"message\":\"成功\",\"data\":{\"records\":[{\"id\":36,\"name\":\"赵鹏\",\"age\":38},{\"id\":35,\"name\":\"张丽\",\"age\":36},{\"id\":34,\"name\":\"李强\",\"age\":34},{\"id\":33,\"name\":\"王磊\",\"age\":32},{\"id\":32,\"name\":\"陈飞\",\"age\":30},{\"id\":31,\"name\":\"刘娜\",\"age\":28},{\"id\":30,\"name\":\"黄娟\",\"age\":26},{\"id\":29,\"name\":\"徐静\",\"age\":24},{\"id\":28,\"name\":\"宋雪\",\"age\":22},{\"id\":27,\"name\":\"孙阳\",\"age\":20}],\"total\":31,\"size\":10,\"current\":1,\"pages\":4}}"}
2026-06-05 21:09:57.109 [http-nio-8080-exec-8] INFO  com.company.demo.aspect.LogAspect - 【请求开始】 {"方法":"UserController.listUserByPage","时间":"2026-06-05 21:09:57","操作":"分页查询用户","IP":"0:0:0:0:0:0:0:1","请求参数":"[1,10,null]","URL":"http://localhost:8080/api/user/page"}
2026-06-05 21:09:57.112 [http-nio-8080-exec-8] DEBUG c.c.demo.mapper.UserMapper.selectList_mpCount - ==>  Preparing: SELECT COUNT(*) AS total FROM user
2026-06-05 21:09:57.113 [http-nio-8080-exec-8] DEBUG c.c.demo.mapper.UserMapper.selectList_mpCount - ==> Parameters: 
2026-06-05 21:09:57.115 [http-nio-8080-exec-8] DEBUG c.c.demo.mapper.UserMapper.selectList_mpCount - <==      Total: 1
2026-06-05 21:09:57.117 [http-nio-8080-exec-8] DEBUG com.company.demo.mapper.UserMapper.selectList - ==>  Preparing: SELECT id,name,age FROM user ORDER BY id DESC LIMIT ?
2026-06-05 21:09:57.117 [http-nio-8080-exec-8] DEBUG com.company.demo.mapper.UserMapper.selectList - ==> Parameters: 10(Long)
2026-06-05 21:09:57.119 [http-nio-8080-exec-8] DEBUG com.company.demo.mapper.UserMapper.selectList - <==      Total: 10
2026-06-05 21:09:57.119 [http-nio-8080-exec-8] INFO  com.company.demo.aspect.LogAspect - 【请求结束】 {"耗时":"10ms","操作":"分页查询用户","返回结果":"{\"code\":200,\"message\":\"成功\",\"data\":{\"records\":[{\"id\":36,\"name\":\"赵鹏\",\"age\":38},{\"id\":35,\"name\":\"张丽\",\"age\":36},{\"id\":34,\"name\":\"李强\",\"age\":34},{\"id\":33,\"name\":\"王磊\",\"age\":32},{\"id\":32,\"name\":\"陈飞\",\"age\":30},{\"id\":31,\"name\":\"刘娜\",\"age\":28},{\"id\":30,\"name\":\"黄娟\",\"age\":26},{\"id\":29,\"name\":\"徐静\",\"age\":24},{\"id\":28,\"name\":\"宋雪\",\"age\":22},{\"id\":27,\"name\":\"孙阳\",\"age\":20}],\"total\":31,\"size\":10,\"current\":1,\"pages\":4}}"}
2026-06-05 21:09:57.811 [http-nio-8080-exec-9] INFO  com.company.demo.aspect.LogAspect - 【请求开始】 {"方法":"UserController.listUserByPage","时间":"2026-06-05 21:09:57","操作":"分页查询用户","IP":"0:0:0:0:0:0:0:1","请求参数":"[1,10,null]","URL":"http://localhost:8080/api/user/page"}
2026-06-05 21:09:57.817 [http-nio-8080-exec-9] DEBUG c.c.demo.mapper.UserMapper.selectList_mpCount - ==>  Preparing: SELECT COUNT(*) AS total FROM user
2026-06-05 21:09:57.817 [http-nio-8080-exec-9] DEBUG c.c.demo.mapper.UserMapper.selectList_mpCount - ==> Parameters: 
2026-06-05 21:09:57.819 [http-nio-8080-exec-9] DEBUG c.c.demo.mapper.UserMapper.selectList_mpCount - <==      Total: 1
2026-06-05 21:09:57.820 [http-nio-8080-exec-9] DEBUG com.company.demo.mapper.UserMapper.selectList - ==>  Preparing: SELECT id,name,age FROM user ORDER BY id DESC LIMIT ?
2026-06-05 21:09:57.821 [http-nio-8080-exec-9] DEBUG com.company.demo.mapper.UserMapper.selectList - ==> Parameters: 10(Long)
2026-06-05 21:09:57.823 [http-nio-8080-exec-9] DEBUG com.company.demo.mapper.UserMapper.selectList - <==      Total: 10
2026-06-05 21:09:57.824 [http-nio-8080-exec-9] INFO  com.company.demo.aspect.LogAspect - 【请求结束】 {"耗时":"13ms","操作":"分页查询用户","返回结果":"{\"code\":200,\"message\":\"成功\",\"data\":{\"records\":[{\"id\":36,\"name\":\"赵鹏\",\"age\":38},{\"id\":35,\"name\":\"张丽\",\"age\":36},{\"id\":34,\"name\":\"李强\",\"age\":34},{\"id\":33,\"name\":\"王磊\",\"age\":32},{\"id\":32,\"name\":\"陈飞\",\"age\":30},{\"id\":31,\"name\":\"刘娜\",\"age\":28},{\"id\":30,\"name\":\"黄娟\",\"age\":26},{\"id\":29,\"name\":\"徐静\",\"age\":24},{\"id\":28,\"name\":\"宋雪\",\"age\":22},{\"id\":27,\"name\":\"孙阳\",\"age\":20}],\"total\":31,\"size\":10,\"current\":1,\"pages\":4}}"}
2026-06-05 21:11:32.789 [File Watcher] INFO  o.s.b.d.a.LocalDevToolsAutoConfiguration$RestartingClassPathChangeChangedEventListener - Restarting due to 1 class path change (0 additions, 1 deletion, 0 modifications)
2026-06-05 21:11:32.793 [Thread-1] INFO  org.springframework.boot.tomcat.GracefulShutdown - Commencing graceful shutdown. Waiting for active requests to complete
2026-06-05 21:11:32.828 [tomcat-shutdown] INFO  org.springframework.boot.tomcat.GracefulShutdown - Graceful shutdown complete
2026-06-05 21:11:32.843 [Thread-1] INFO  com.zaxxer.hikari.HikariDataSource - HikariPool-1 - Shutdown initiated...
2026-06-05 21:11:32.848 [Thread-1] INFO  com.zaxxer.hikari.HikariDataSource - HikariPool-1 - Shutdown completed.
2026-06-05 21:11:32.923 [restartedMain] INFO  com.company.demo.DemoApplication - Starting DemoApplication using Java 17.0.19 with PID 24144 (D:\Work\Workspace\demo\target\classes started by jiaolei in D:\Work\Workspace\demo)
2026-06-05 21:11:32.923 [restartedMain] DEBUG com.company.demo.DemoApplication - Running with Spring Boot v4.0.6, Spring v7.0.7
2026-06-05 21:11:32.923 [restartedMain] INFO  com.company.demo.DemoApplication - No active profile set, falling back to 1 default profile: "default"
2026-06-05 21:11:33.036 [restartedMain] INFO  o.s.d.r.config.RepositoryConfigurationDelegate - Multiple Spring Data modules found, entering strict repository configuration mode
2026-06-05 21:11:33.037 [restartedMain] INFO  o.s.d.r.config.RepositoryConfigurationDelegate - Bootstrapping Spring Data Redis repositories in DEFAULT mode.
2026-06-05 21:11:33.041 [restartedMain] INFO  o.s.d.r.config.RepositoryConfigurationDelegate - Finished Spring Data repository scanning in 3 ms. Found 0 Redis repository interfaces.
2026-06-05 21:11:33.102 [restartedMain] INFO  org.springframework.boot.tomcat.TomcatWebServer - Tomcat initialized with port 8080 (http)
2026-06-05 21:11:33.103 [restartedMain] INFO  org.apache.catalina.core.StandardService - Starting service [Tomcat]
2026-06-05 21:11:33.103 [restartedMain] INFO  org.apache.catalina.core.StandardEngine - Starting Servlet engine: [Apache Tomcat/11.0.21]
2026-06-05 21:11:33.134 [restartedMain] INFO  o.s.b.w.c.servlet.WebApplicationContextInitializer - Root WebApplicationContext: initialization completed in 210 ms
2026-06-05 21:11:33.403 [restartedMain] INFO  c.b.m.e.spring.MybatisPlusApplicationContextAware - Register ApplicationContext instances org.springframework.boot.web.server.servlet.context.AnnotationConfigServletWebServerApplicationContext@79aabe82
2026-06-05 21:11:33.470 [restartedMain] INFO  org.springframework.boot.tomcat.TomcatWebServer - Tomcat started on port 8080 (http) with context path '/'
2026-06-05 21:11:33.472 [restartedMain] INFO  com.company.demo.DemoApplication - Started DemoApplication in 0.564 seconds (process running for 167.177)
2026-06-05 21:11:33.474 [restartedMain] INFO  o.s.b.d.a.ConditionEvaluationDeltaLoggingListener - Condition evaluation unchanged
2026-06-05 21:12:31.891 [File Watcher] INFO  o.s.b.d.a.LocalDevToolsAutoConfiguration$RestartingClassPathChangeChangedEventListener - Restarting due to 1 class path change (1 addition, 0 deletions, 0 modifications)
2026-06-05 21:12:31.893 [Thread-13] INFO  org.springframework.boot.tomcat.GracefulShutdown - Commencing graceful shutdown. Waiting for active requests to complete
2026-06-05 21:12:31.925 [tomcat-shutdown] INFO  org.springframework.boot.tomcat.GracefulShutdown - Graceful shutdown complete
2026-06-05 21:12:31.991 [restartedMain] INFO  com.company.demo.DemoApplication - Starting DemoApplication using Java 17.0.19 with PID 24144 (D:\Work\Workspace\demo\target\classes started by jiaolei in D:\Work\Workspace\demo)
2026-06-05 21:12:31.991 [restartedMain] DEBUG com.company.demo.DemoApplication - Running with Spring Boot v4.0.6, Spring v7.0.7
2026-06-05 21:12:31.991 [restartedMain] INFO  com.company.demo.DemoApplication - No active profile set, falling back to 1 default profile: "default"
2026-06-05 21:12:32.087 [restartedMain] INFO  o.s.d.r.config.RepositoryConfigurationDelegate - Multiple Spring Data modules found, entering strict repository configuration mode
2026-06-05 21:12:32.088 [restartedMain] INFO  o.s.d.r.config.RepositoryConfigurationDelegate - Bootstrapping Spring Data Redis repositories in DEFAULT mode.
2026-06-05 21:12:32.092 [restartedMain] INFO  o.s.d.r.config.RepositoryConfigurationDelegate - Finished Spring Data repository scanning in 2 ms. Found 0 Redis repository interfaces.
2026-06-05 21:12:32.162 [restartedMain] INFO  org.springframework.boot.tomcat.TomcatWebServer - Tomcat initialized with port 8080 (http)
2026-06-05 21:12:32.163 [restartedMain] INFO  org.apache.catalina.core.StandardService - Starting service [Tomcat]
2026-06-05 21:12:32.163 [restartedMain] INFO  org.apache.catalina.core.StandardEngine - Starting Servlet engine: [Apache Tomcat/11.0.21]
2026-06-05 21:12:32.189 [restartedMain] INFO  o.s.b.w.c.servlet.WebApplicationContextInitializer - Root WebApplicationContext: initialization completed in 197 ms
2026-06-05 21:12:32.201 [restartedMain] INFO  com.company.demo.aspect.RateLimitAspect - RateLimitAspect切面已加载
2026-06-05 21:12:32.461 [restartedMain] INFO  c.b.m.e.spring.MybatisPlusApplicationContextAware - Register ApplicationContext instances org.springframework.boot.web.server.servlet.context.AnnotationConfigServletWebServerApplicationContext@1e2034d6
2026-06-05 21:12:32.535 [restartedMain] INFO  org.springframework.boot.tomcat.TomcatWebServer - Tomcat started on port 8080 (http) with context path '/'
2026-06-05 21:12:32.537 [restartedMain] INFO  com.company.demo.DemoApplication - Started DemoApplication in 0.558 seconds (process running for 226.241)
2026-06-05 21:12:32.538 [restartedMain] INFO  o.s.b.d.a.ConditionEvaluationDeltaLoggingListener - Condition evaluation unchanged
2026-06-05 21:15:34.956 [SpringApplicationShutdownHook] INFO  org.springframework.boot.tomcat.GracefulShutdown - Commencing graceful shutdown. Waiting for active requests to complete
2026-06-05 21:15:34.988 [tomcat-shutdown] INFO  org.springframework.boot.tomcat.GracefulShutdown - Graceful shutdown complete
2026-06-05 21:15:36.865 [restartedMain] INFO  com.company.demo.DemoApplication - Starting DemoApplication using Java 17.0.19 with PID 32708 (D:\Work\Workspace\demo\target\classes started by jiaolei in D:\Work\Workspace\demo)
2026-06-05 21:15:36.867 [restartedMain] DEBUG com.company.demo.DemoApplication - Running with Spring Boot v4.0.6, Spring v7.0.7
2026-06-05 21:15:36.868 [restartedMain] INFO  com.company.demo.DemoApplication - No active profile set, falling back to 1 default profile: "default"
2026-06-05 21:15:36.899 [restartedMain] INFO  o.s.b.d.env.DevToolsPropertyDefaultsPostProcessor - Devtools property defaults active! Set 'spring.devtools.add-properties' to 'false' to disable
2026-06-05 21:15:36.900 [restartedMain] INFO  o.s.b.d.env.DevToolsPropertyDefaultsPostProcessor - For additional web related logging consider setting the 'logging.level.web' property to 'DEBUG'
2026-06-05 21:15:37.441 [restartedMain] INFO  o.s.d.r.config.RepositoryConfigurationDelegate - Multiple Spring Data modules found, entering strict repository configuration mode
2026-06-05 21:15:37.443 [restartedMain] INFO  o.s.d.r.config.RepositoryConfigurationDelegate - Bootstrapping Spring Data Redis repositories in DEFAULT mode.
2026-06-05 21:15:37.466 [restartedMain] INFO  o.s.d.r.config.RepositoryConfigurationDelegate - Finished Spring Data repository scanning in 12 ms. Found 0 Redis repository interfaces.
2026-06-05 21:15:38.036 [restartedMain] INFO  org.springframework.boot.tomcat.TomcatWebServer - Tomcat initialized with port 8080 (http)
2026-06-05 21:15:38.046 [restartedMain] INFO  org.apache.catalina.core.StandardService - Starting service [Tomcat]
2026-06-05 21:15:38.046 [restartedMain] INFO  org.apache.catalina.core.StandardEngine - Starting Servlet engine: [Apache Tomcat/11.0.21]
2026-06-05 21:15:38.095 [restartedMain] INFO  o.s.b.w.c.servlet.WebApplicationContextInitializer - Root WebApplicationContext: initialization completed in 1195 ms
2026-06-05 21:15:38.154 [restartedMain] INFO  com.company.demo.aspect.RateLimitAspect - RateLimitAspect切面已加载
2026-06-05 21:15:39.050 [restartedMain] INFO  c.b.m.e.spring.MybatisPlusApplicationContextAware - Register ApplicationContext instances org.springframework.boot.web.server.servlet.context.AnnotationConfigServletWebServerApplicationContext@36e36b9b
2026-06-05 21:15:39.291 [restartedMain] INFO  org.springframework.boot.tomcat.TomcatWebServer - Tomcat started on port 8080 (http) with context path '/'
2026-06-05 21:15:39.297 [restartedMain] INFO  com.company.demo.DemoApplication - Started DemoApplication in 2.727 seconds (process running for 3.272)
2026-06-05 21:16:33.546 [SpringApplicationShutdownHook] INFO  org.springframework.boot.tomcat.GracefulShutdown - Commencing graceful shutdown. Waiting for active requests to complete
2026-06-05 21:16:33.578 [tomcat-shutdown] INFO  org.springframework.boot.tomcat.GracefulShutdown - Graceful shutdown complete
2026-06-05 21:16:36.971 [restartedMain] INFO  com.company.demo.DemoApplication - Starting DemoApplication using Java 17.0.19 with PID 31248 (D:\Work\Workspace\demo\target\classes started by jiaolei in D:\Work\Workspace\demo)
2026-06-05 21:16:36.973 [restartedMain] DEBUG com.company.demo.DemoApplication - Running with Spring Boot v4.0.6, Spring v7.0.7
2026-06-05 21:16:36.974 [restartedMain] INFO  com.company.demo.DemoApplication - No active profile set, falling back to 1 default profile: "default"
2026-06-05 21:16:37.008 [restartedMain] INFO  o.s.b.d.env.DevToolsPropertyDefaultsPostProcessor - Devtools property defaults active! Set 'spring.devtools.add-properties' to 'false' to disable
2026-06-05 21:16:37.008 [restartedMain] INFO  o.s.b.d.env.DevToolsPropertyDefaultsPostProcessor - For additional web related logging consider setting the 'logging.level.web' property to 'DEBUG'
2026-06-05 21:16:37.532 [restartedMain] INFO  o.s.d.r.config.RepositoryConfigurationDelegate - Multiple Spring Data modules found, entering strict repository configuration mode
2026-06-05 21:16:37.534 [restartedMain] INFO  o.s.d.r.config.RepositoryConfigurationDelegate - Bootstrapping Spring Data Redis repositories in DEFAULT mode.
2026-06-05 21:16:37.558 [restartedMain] INFO  o.s.d.r.config.RepositoryConfigurationDelegate - Finished Spring Data repository scanning in 12 ms. Found 0 Redis repository interfaces.
2026-06-05 21:16:38.133 [restartedMain] INFO  org.springframework.boot.tomcat.TomcatWebServer - Tomcat initialized with port 8080 (http)
2026-06-05 21:16:38.144 [restartedMain] INFO  org.apache.catalina.core.StandardService - Starting service [Tomcat]
2026-06-05 21:16:38.145 [restartedMain] INFO  org.apache.catalina.core.StandardEngine - Starting Servlet engine: [Apache Tomcat/11.0.21]
2026-06-05 21:16:38.202 [restartedMain] INFO  o.s.b.w.c.servlet.WebApplicationContextInitializer - Root WebApplicationContext: initialization completed in 1194 ms
2026-06-05 21:16:38.261 [restartedMain] INFO  com.company.demo.aspect.RateLimitAspect - RateLimitAspect切面已加载
2026-06-05 21:16:39.192 [restartedMain] INFO  c.b.m.e.spring.MybatisPlusApplicationContextAware - Register ApplicationContext instances org.springframework.boot.web.server.servlet.context.AnnotationConfigServletWebServerApplicationContext@36e36b9b
2026-06-05 21:16:39.417 [restartedMain] INFO  org.springframework.boot.tomcat.TomcatWebServer - Tomcat started on port 8080 (http) with context path '/'
2026-06-05 21:16:39.423 [restartedMain] INFO  com.company.demo.DemoApplication - Started DemoApplication in 2.743 seconds (process running for 3.251)
2026-06-05 21:16:54.843 [http-nio-8080-exec-3] INFO  o.a.c.core.ContainerBase.[Tomcat].[localhost].[/] - Initializing Spring DispatcherServlet 'dispatcherServlet'
2026-06-05 21:16:54.843 [http-nio-8080-exec-3] INFO  org.springframework.web.servlet.DispatcherServlet - Initializing Servlet 'dispatcherServlet'
2026-06-05 21:16:54.845 [http-nio-8080-exec-3] INFO  org.springframework.web.servlet.DispatcherServlet - Completed initialization in 2 ms
2026-06-05 21:16:54.903 [http-nio-8080-exec-3] INFO  com.company.demo.aspect.LogAspect - 【请求开始】 {"方法":"UserController.listUserByPage","时间":"2026-06-05 21:16:54","操作":"分页查询用户","IP":"0:0:0:0:0:0:0:1","请求参数":"[1,10,null]","URL":"http://localhost:8080/api/user/page"}
2026-06-05 21:16:54.904 [http-nio-8080-exec-3] INFO  com.company.demo.aspect.RateLimitAspect - 进入限流切面，key=
2026-06-05 21:16:55.051 [http-nio-8080-exec-3] INFO  com.zaxxer.hikari.HikariDataSource - HikariPool-1 - Starting...
2026-06-05 21:16:55.188 [http-nio-8080-exec-3] INFO  com.zaxxer.hikari.pool.HikariPool - HikariPool-1 - Added connection com.mysql.cj.jdbc.ConnectionImpl@3f183468
2026-06-05 21:16:55.189 [http-nio-8080-exec-3] INFO  com.zaxxer.hikari.HikariDataSource - HikariPool-1 - Start completed.
2026-06-05 21:16:55.196 [http-nio-8080-exec-3] DEBUG c.c.demo.mapper.UserMapper.selectList_mpCount - ==>  Preparing: SELECT COUNT(*) AS total FROM user
2026-06-05 21:16:55.211 [http-nio-8080-exec-3] DEBUG c.c.demo.mapper.UserMapper.selectList_mpCount - ==> Parameters: 
2026-06-05 21:16:55.229 [http-nio-8080-exec-3] DEBUG c.c.demo.mapper.UserMapper.selectList_mpCount - <==      Total: 1
2026-06-05 21:16:55.237 [http-nio-8080-exec-3] DEBUG com.company.demo.mapper.UserMapper.selectList - ==>  Preparing: SELECT id,name,age FROM user ORDER BY id DESC LIMIT ?
2026-06-05 21:16:55.239 [http-nio-8080-exec-3] DEBUG com.company.demo.mapper.UserMapper.selectList - ==> Parameters: 10(Long)
2026-06-05 21:16:55.242 [http-nio-8080-exec-3] DEBUG com.company.demo.mapper.UserMapper.selectList - <==      Total: 10
2026-06-05 21:16:55.265 [http-nio-8080-exec-3] INFO  com.company.demo.aspect.LogAspect - 【请求结束】 {"耗时":"344ms","操作":"分页查询用户","返回结果":"{\"code\":200,\"message\":\"成功\",\"data\":{\"records\":[{\"id\":36,\"name\":\"赵鹏\",\"age\":38},{\"id\":35,\"name\":\"张丽\",\"age\":36},{\"id\":34,\"name\":\"李强\",\"age\":34},{\"id\":33,\"name\":\"王磊\",\"age\":32},{\"id\":32,\"name\":\"陈飞\",\"age\":30},{\"id\":31,\"name\":\"刘娜\",\"age\":28},{\"id\":30,\"name\":\"黄娟\",\"age\":26},{\"id\":29,\"name\":\"徐静\",\"age\":24},{\"id\":28,\"name\":\"宋雪\",\"age\":22},{\"id\":27,\"name\":\"孙阳\",\"age\":20}],\"total\":31,\"size\":10,\"current\":1,\"pages\":4}}"}
2026-06-05 21:17:38.767 [File Watcher] INFO  o.s.b.d.a.LocalDevToolsAutoConfiguration$RestartingClassPathChangeChangedEventListener - Restarting due to 1 class path change (0 additions, 1 deletion, 0 modifications)
2026-06-05 21:17:38.771 [Thread-1] INFO  org.springframework.boot.tomcat.GracefulShutdown - Commencing graceful shutdown. Waiting for active requests to complete
2026-06-05 21:17:38.808 [tomcat-shutdown] INFO  org.springframework.boot.tomcat.GracefulShutdown - Graceful shutdown complete
2026-06-05 21:17:38.822 [Thread-1] INFO  com.zaxxer.hikari.HikariDataSource - HikariPool-1 - Shutdown initiated...
2026-06-05 21:17:38.826 [Thread-1] INFO  com.zaxxer.hikari.HikariDataSource - HikariPool-1 - Shutdown completed.
2026-06-05 21:17:38.895 [restartedMain] INFO  com.company.demo.DemoApplication - Starting DemoApplication using Java 17.0.19 with PID 31248 (D:\Work\Workspace\demo\target\classes started by jiaolei in D:\Work\Workspace\demo)
2026-06-05 21:17:38.895 [restartedMain] DEBUG com.company.demo.DemoApplication - Running with Spring Boot v4.0.6, Spring v7.0.7
2026-06-05 21:17:38.895 [restartedMain] INFO  com.company.demo.DemoApplication - No active profile set, falling back to 1 default profile: "default"
2026-06-05 21:17:39.024 [restartedMain] INFO  o.s.d.r.config.RepositoryConfigurationDelegate - Multiple Spring Data modules found, entering strict repository configuration mode
2026-06-05 21:17:39.024 [restartedMain] INFO  o.s.d.r.config.RepositoryConfigurationDelegate - Bootstrapping Spring Data Redis repositories in DEFAULT mode.
2026-06-05 21:17:39.028 [restartedMain] INFO  o.s.d.r.config.RepositoryConfigurationDelegate - Finished Spring Data repository scanning in 2 ms. Found 0 Redis repository interfaces.
2026-06-05 21:17:39.103 [restartedMain] INFO  org.springframework.boot.tomcat.TomcatWebServer - Tomcat initialized with port 8080 (http)
2026-06-05 21:17:39.104 [restartedMain] INFO  org.apache.catalina.core.StandardService - Starting service [Tomcat]
2026-06-05 21:17:39.104 [restartedMain] INFO  org.apache.catalina.core.StandardEngine - Starting Servlet engine: [Apache Tomcat/11.0.21]
2026-06-05 21:17:39.134 [restartedMain] INFO  o.s.b.w.c.servlet.WebApplicationContextInitializer - Root WebApplicationContext: initialization completed in 238 ms
2026-06-05 21:17:39.151 [restartedMain] INFO  com.company.demo.aspect.RateLimitAspect - RateLimitAspect切面已加载
2026-06-05 21:17:39.433 [restartedMain] INFO  c.b.m.e.spring.MybatisPlusApplicationContextAware - Register ApplicationContext instances org.springframework.boot.web.server.servlet.context.AnnotationConfigServletWebServerApplicationContext@48b43539
2026-06-05 21:17:39.510 [restartedMain] INFO  org.springframework.boot.tomcat.TomcatWebServer - Tomcat started on port 8080 (http) with context path '/'
2026-06-05 21:17:39.512 [restartedMain] INFO  com.company.demo.DemoApplication - Started DemoApplication in 0.633 seconds (process running for 63.341)
2026-06-05 21:17:39.514 [restartedMain] INFO  o.s.b.d.a.ConditionEvaluationDeltaLoggingListener - Condition evaluation unchanged
2026-06-05 21:17:40.457 [SpringApplicationShutdownHook] INFO  org.springframework.boot.tomcat.GracefulShutdown - Commencing graceful shutdown. Waiting for active requests to complete
2026-06-05 21:17:40.486 [tomcat-shutdown] INFO  org.springframework.boot.tomcat.GracefulShutdown - Graceful shutdown complete
